example_id,source,question,gold,k,correct,prediction,output_tokens,latency_sec,batch_latency_sec,latent_forwards,n_upstream,error,peak_gpu_mem_gb
0,medqa,"A 34-year-old man comes to the physician because of a 3-week history of colicky abdominal pain and diarrhea. He has bowel movements 10–12 times daily; the stool contains blood and mucus. He constantly has the urge to defecate. His vital signs are within normal limits. Examination of the abdomen shows diffuse tenderness to palpation. Serum concentration of C-reactive protein is 20 mg/L (N<10). Colonoscopy shows a bleeding, ulcerated rectal mucosa with several pseudopolyps. Which of the following is this patient at greatest risk of developing?
A. Hemolytic uremic syndrome
B. Oral ulcers
C. Colorectal cancer
D. Pancreatic cancer
Choose the correct option.",c,0,True,c,2367,55.48704922944307,55.48704922944307,3,3,,28.495712280273438
1,medqa,"A 38-year-old woman presents to her primary care physician for her yearly exam. Her only complaint is difficulty losing weight. Her BMI is 34 kg/m^2. In addition to a standard physical exam, the physician orders a glucose tolerance test. The woman's fasting blood glucose level is 120 mg/dL and two-hour post 75g glucose load blood glucose level is 190 mg/dL. The physician informs the patient that she is ""pre-diabetic"" or at risk of developing diabetes and recommends lifestyle modification with follow-up in 6 months. Which of the following endogenous signaling molecules or receptors will increase insulin sensitivity in this patient?
A. Catecholamines
B. Glucagon
C. Glucocorticoids
D. Peroxisome proliferator-activated receptor gamma
Choose the correct option.",d,0,True,d,1084,25.223006792366505,25.223006792366505,3,3,,28.495712280273438
2,medqa,"A 33-year-old man presents to the emergency department after a motor vehicle collision. He was the front seat unrestrained driver in a head-on collision. The patient has a Glasgow Coma Scale of 5 and is subsequently intubated. Physical exam is notable for subcutaneous emphysema in the clavicular area. Needle decompression and chest tube placement are performed, and the patient is stabilized after receiving 2 units of blood and 2 liters of fluid. Chest radiography demonstrates proper tube location and resolution of the pneumothorax. The patient is transferred to the trauma intensive care unit. On the unit, a repeat chest radiograph is notable for a recurrent pneumothorax with the chest tube in place. Which of the following is the most likely diagnosis?
A. Inappropriate chest tube placement
B. Spontaneous pneumothorax
C. Tension pneumothorax
D. Tracheobronchial rupture
Choose the correct option.",d,0,True,d,1042,24.287667758762836,24.287667758762836,3,3,,28.495712280273438
3,medqa,"A 45-year-old mechanic presents to the emergency department complaining of acute-onset shortness of breath while repairing a plowing tractor for his neighbor. The patient denies having any history of asthma or respiratory symptoms, and does not smoke. His temperature is 99.8°F (37.7°C), pulse is 65/min, blood pressure is 126/86 mmHg, and respirations are 20/min. His oxygen saturation is 97%. On exam, he is pale and diaphoretic. His pupils are contracted. Diffuse wheezes are noted in all lung fields. What is the best treatment for his condition?
A. Succinylcholine
B. Inhaled ipratropium and oxygen
C. Atropine and pralidoxime
D. Inhaled albuterol and oxygen
Choose the correct option.",c,0,True,c,1541,35.934117805212736,35.934117805212736,3,3,,28.495712280273438
4,medqa,"A 64-year-old man comes to the physician with a 1-week history of sore mouth. He says that swallowing is not painful. He has had asthma for more than 20 years. His only medication is a high-dose combination salmeterol/fluticasone inhaler. His temperature is 37.1°C (98.8°F), pulse is 74/min, respirations are 14/min, and blood pressure is 125/65 mm Hg. A photograph of his oral mucosa is shown. Indirect mirror examination of the posterior oropharynx, larynx, and hypopharynx shows no abnormalities. Which of the following is the most appropriate next step in management?
A. Fluconazole
B. Isotretinoin
C. Nystatin
D. Penicillin V
Choose the correct option.",c,0,True,c,1976,45.97637037187815,45.97637037187815,3,3,,28.495712280273438
5,medqa,"A 62-year-old man presents with episodes of palpitations for the past 3 weeks. He says that he has episodes where he feels his heart is ‘racing and pounding’, lasting 1–2 hours on average. Initially, he says the episodes would happen 1–2 times per week but now happen almost every day. This last episode has been constant for the past 2 days. He denies any seizure, loss of consciousness, dizziness, chest pain, or similar symptoms in the past. His past medical history is significant for an ischemic stroke of the right anterior cerebral artery 1 month ago, status post intravenous (IV) tissue plasminogen activator (tPA) with still some residual neurologic impairment, and long-standing gastroesophageal reflux secondary to a hiatal hernia, managed medically. The patient reports a 15-pack-year smoking history, but no alcohol or recreational drug use. The vital signs include: temperature 37.0°C (98.6°F), blood pressure 100/70 mm Hg, pulse 105/min, and respiratory rate 16/min. On physical examination, muscle strength in the lower extremities is 4/5 on the left and 5/5 on the right, along with sensory loss on the left, all of which is improved from his previous exam 3 weeks ago. There is a loss of the left half of the visual field bilaterally which is stable from the previous exam. Cardiac examination is significant for a new-onset irregular rate and rhythm. No rubs, thrills or murmurs. A noncontrast computed tomography (CT) scan shows evidence of an area of infarction in the vicinity of the right anterior cerebral artery showing normal interval change with no evidence of new hemorrhage or expansion of the area of infarction. An electrocardiogram (ECG) is performed, which is shown in the exhibit (see image below). Which of the following is the most appropriate intervention to best prevent future cerebrovascular accidents (CVAs) in this patient?
A. Begin aspirin therapy
B. Begin clopidogrel
C. Carotid endarterectomy
D. Begin warfarin and heparin
Choose the correct option.",d,0,True,d,604,14.307896599173546,14.307896599173546,3,3,,28.495712280273438
6,medqa,"An investigator is studying cellular regeneration of epithelial cells. She has obtained a tissue sample from a normal thyroid gland for histopathologic examination. It shows follicles lined by a single layer of cube-like cells with large central nuclei. Which of the following parts of the female reproductive tract is also lined by this type of epithelium?
A. Ovaries
B. Vagina
C. Fallopian tubes
D. Vulva
Choose the correct option.",a,0,True,a,961,22.465741001069546,22.465741001069546,3,3,,28.495712280273438
7,medqa,"A 4-year-old girl is brought to the emergency department with a persistent cough, fever, and vomiting. The past year the child has been admitted to the hospital 3 times with pneumonia. For the past 1 week, the child has been experiencing thick purulent cough and says that her chest feels ‘heavy’. Her stools have been loose and foul-smelling over the past week. Her parents are also concerned that she has not gained much weight due to her frequent hospital visits. She was born at 39 weeks gestation via spontaneous vaginal delivery and is up to date on all vaccines and is meeting all developmental milestones. On physical exam, the temperature is 39.1°C (102.4°F). She appears lethargic and uncomfortable. Crackles are heard in the lower lung bases, with dullness to percussion. A small nasal polyp is also present on inspection. Which of the following is the most likely cause for the girl’s symptoms?
A. Dysfunction in a transmembrane regulator
B. Inefficient breakdown of leucine, isoleucine, and valine
C. Dysfunction in the motility of respiratory cilia
D. Deficiency in lymphocytic activity
Choose the correct option.",a,0,True,a,1302,30.509470112621784,30.509470112621784,3,3,,28.495712280273438
8,medqa,"A 70-year-old woman is brought to the emergency department for the evaluation of abdominal pain, nausea, and vomiting for 1 day. Computed tomography shows a small bowel perforation. The patient is prepared for emergent exploratory laparotomy. She is sedated with midazolam, induced with propofol, intubated, and maintained on nitrous oxide and isoflurane for the duration of the surgery. A single perforation in the terminal ileum is diagnosed intraoperatively and successfully repaired. The patient is transferred to the intensive care unit. The ventilator is set at an FiO2 of 50%, tidal volume of 1000 mL, respiratory rate of 12/min, and positive end-expiratory pressure of 2.5 cm H2O. Her temperature is 37.3°C (99.1°F), pulse is 76/min, and blood pressure is 111/50 mm Hg. She is responsive to painful stimuli. Lung examination shows bilateral rales. Abdominal examination shows a distended abdomen and intact abdominal surgical incisions. The remainder of the physical examination shows no abnormalities. Arterial blood gas analysis shows:
pH 7.44
pO2 54 mm Hg
pCO2 31 mm Hg
HCO3- 22 mm Hg
Which of the following is the best next step in the management of this patient?""
A. Increase the FiO2
B. Increase the tidal volume
C. Increase PEEP
D. Increase the respiratory rate
Choose the correct option.",c,0,True,c,2000,46.91715917363763,46.91715917363763,3,3,,28.495712280273438
9,medqa,"A 47-year-old man with a history of HIV1 infection presents to his HIV clinic to discuss his antiretroviral medications. He is interested in including maraviroc in his maintenance regimen after seeing advertisements about the medication. On exam, his temperature is 98.8°F (37.1°C), blood pressure is 116/74 mmHg, pulse is 64/min, and respirations are 12/min. His viral load is undetectable on his current regimen, and his blood count, electrolytes, and liver function tests have all been within normal limits. In order to consider maraviroc for therapy, a tropism assay needs to be performed. Which of the following receptors is affected by the use of maraviroc?
A. gp120
B. gp160
C. p24
D. Reverse transcriptase
Choose the correct option.",a,0,True,a,3492,81.24145037308335,81.24145037308335,3,3,,28.495712280273438
10,medqa,"A 23-year-old woman comes to the physician because of a 2-month history of episodic headaches associated with dizziness, nausea, and vomiting. Over-the-counter pain medications have failed to reduce her symptoms. An MRI of the brain shows isolated dilation of the left lateral ventricle. This dilatation is most likely caused by blockade of which of the following structures?
A. Arachnoid villi
B. Interventricular foramen
C. Median aperture
D. Lateral apertures
Choose the correct option.",b,0,True,b,935,21.770600274205208,21.770600274205208,3,3,,28.495712280273438
11,medqa,"A 65-year-old man comes to the physician because of progressively worsening fatigue for 6 months. During this time, he has also had shortness of breath and palpitations on exertion. He has noticed blood in his stools on three separate occasions in the past 4 months. He has type 2 diabetes mellitus and end-stage renal disease. He drinks two to four beers daily. He does not smoke. His pulse is 95/min and blood pressure is 120/70 mm Hg. Examination shows pale conjunctivae. The abdomen is soft with no organomegaly. Rectal examination is unremarkable. His hemoglobin concentration is 7.2 g/dL, hematocrit is 32%, and mean corpuscular volume is 68 μm3. Which of the following is the most likely underlying cause of this patient's bleeding?
A. Inflammation in an outpouching of the colonic wall
B. Symptomatic enlargement of hemorrhoidal plexus
C. Chronic mucosal and submucosal inflammation of the colon
D. Arteriovenous malformation in the colonic wall
Choose the correct option.",d,0,True,d,1860,43.29201067984104,43.29201067984104,3,3,,28.495712280273438
12,medqa,"An 11-month-old boy is brought to the physician for a well-child examination. He is growing along with the 75th percentile and meeting all milestones. Physical examination shows a poorly rugated scrotum. The palpation of the scrotum shows only 1 testicle. A 2nd testicle is palpated in the inguinal canal. The examination of the penis shows a normal urethral meatus. The remainder of the physical examination shows no abnormalities. Which of the following is the most appropriate next step in management?
A. Chorionic gonadotropin therapy
B. Exploratory laparoscopy
C. Orchiectomy
D. Orchiopexy
Choose the correct option.",d,0,True,d,1123,26.31837449222803,26.31837449222803,3,3,,28.495712280273438
13,medqa,"A 24-year-old woman presents to her primary care physician for a wellness visit. She says that she has been generally healthy but has noticed difficulty concentrating, becoming increasingly fatigued, and a 15-pound weight increase over the course of a few months. She also reports mild constipation and joint pain. Approximately 6-months ago, she experienced palpitations, increased stool frequency, and a hand tremor. Her past medical history is significant for asthma. Her father is not living and had Parkinson disease, and her mother has poorly controlled rheumatoid arthritis. She is currently sexually active in a monogamous relationship and uses contraception consistently. She denies cigarette smoking and occasionally drinks wine. She experimented once with lysergic acid diethylamide 6 years ago. Her temperature is 99°F (37.2°C), blood pressure is 127/98 mmHg, pulse is 55/min, and respirations are 13/min. On physical exam, the patient has slow speech and movement. She has tenderness to palpation of her wrist and ankle joints. She has delayed relaxation of deep tendon reflexes. Which of the following will most likely be found in this patient?
A. Elevated TSH
B. High Patient Health Questionnaire-9 (PHQ-9) score
C. Positive anti-CCP antibodies
D. Positive urine toxicology
Choose the correct option.",a,0,True,a,767,18.390595097094774,18.390595097094774,3,3,,28.495712280273438
14,medqa,"A 16-year-old boy is rushed to the emergency room with acute vomiting and abdominal pain that began earlier today. His parents say that the boy was doing well until two days ago when he told them that he was feeling unwell. He has diabetes and takes insulin but stopped taking it when he began to feel poorly two days ago. His temperature is 37°C (98.6°F), respirations are shallow and rapid with a rate of 33/min, pulse is 107/min, and blood pressure is 101/68 mm Hg. He appears severely dehydrated, showing signs of fatigue, and poor skin turgor. His breath has a fruity smell to it. His blood glucose level is 691 mg/dL. Blood is drawn for labs and the results are given below:
Serum:  
  pH: 7.21
  pCO2: 32 mm HG
  HCO 3-: 15.2 mEq/L
Sodium: 122 mEq/L
Potassium: 5.8 mEq/L
Urinalysis is positive for ketone bodies. What is the most appropriate immediate step in the management of this patient?
A. Administer IV fluids and insulin
B. Administer IV antibiotics
C. Administer IV fluids with oral antidiabetic medications
D. Administer potassium and magnesium
Choose the correct option.",a,0,True,a,1006,24.258784342557192,24.258784342557192,3,3,,28.495712280273438
15,medqa,"A 22-year-old woman comes to the physician for the evaluation of irregular menstrual bleeding. Menses have occurred at 45- to 90-day intervals since menarche at the age of 15 years. Her last menstrual period was 5 weeks ago. The patient reports that she was too embarrassed to discuss this issue with anyone until now. Over the past two years, she was unable to become pregnant despite having unprotected sexual intercourse with her husband on a regular basis. There is no personal or family history of serious illness. She is 170 cm (5 ft 7 in) tall and weighs 85 kg (187 lb); BMI is 29.4 kg/m2. Her vital signs are within normal limits. Examination shows oily skin and severe facial acne. There is abnormal pigmented hair on the upper lip and around both nipples. The patient wishes to have children. In addition to recommending lifestyle modifications, which of the following is the most appropriate step in management?
A. In vitro fertilization with patient's egg
B. Progesterone therapy
C. Clomiphene therapy
D. Leuprolide therapy
Choose the correct option.",c,0,True,c,697,16.718404974788427,16.718404974788427,3,3,,28.495712280273438
16,medqa,"A 61-year-old man presents to the clinic with complaints of excessive thirst, frequent urination, and partial visual loss in both eyes for 1 day. His family history is significant for type 2 diabetes mellitus in his mother and cousin. His weight is 112 kg ( 246.9 lb), height 187 cm (6 ft 1 in), blood pressure: 150/90 mm Hg, heart rate: 89/min, respiratory rate: 14/min, and temperature: 36.7℃ (98.4℉). The physical examination is significant for dry skin, a pustular rash over the patient’s shoulders and back, an accentuated second heart sound (S2) best heard in the second intercostal space at the right sternal border, and distal loss of vibration sensitivity in both feet. A fundoscopic examination shows small red dots in the superficial retinal layers suggestive of microaneurysms. The HbA1c is 9% and the urinalysis shows the following:
Color Pale yellow (light/pale-to-dark/deep amber)
Clarity Cloudy
pH 6.6
Specific gravity 1.010
Glucose 199 mg/dl
Ketones None
Nitrites Negative
Leukocyte esterase Negative
Bilirubin Negative
Urinary bilirubin Traces
Red blood cells 3 RBCs
Protein 120 mg/d
RBCs ≤ 2 RBCs/hpf
WBCs 22 WBCs/hpf
Epithelial cells 27 squamous epithelial cells/hpf
Casts 5 hyaline casts/lpf
Crystals Occasional
Bacteria None
Yeast Present
Which of the following statements best describes the cause of this patient’s glucosuria?
A. There is a disruption of primary active transport of glucose in the proximal renal tubules
B. Secondary active transporters fail to completely reabsorb glucose in the renal tubules
C. There is a disruption of passive transport of the glucose in the proximal renal tubules
D. Glucosuria results from increased glomerular filtration rate
Choose the correct option.",b,0,True,b,1130,26.733471482992172,26.733471482992172,3,3,,28.495712280273438
17,medqa,"A 61-year-old woman presents to an outpatient clinic with fatigue and mild neck pain for a month. She adds that she is having difficulty swallowing. She denies trouble with her breathing but endorses 5–10 lb of unintentional weight loss over the past few months. On physical exam, the patient’s fingernails appear flat and mild conjunctival pallor is noted. An upper barium esophagram shows an upper esophageal web. A complete blood count reveals:
Hb% 10 gm/dL
Total count (WBC) 11,000 /mm3
Differential count:
Neutrophile 70%
Lymphocytes 25%
Monocytes 5%
ESR 10 mm/hr
What is the most likely diagnosis?
A. Plummer-Vinson syndrome
B. Esophageal squamous cell carcinoma
C. Zenker’s diverticulum
D. Achalasia
Choose the correct option.",a,0,True,a,614,14.738699980080128,14.738699980080128,3,3,,28.495712280273438
18,medqa,"A 28-year-old woman with no significant past medical history presents to her primary care physician with increased menstrual bleeding over the past three months. She also notes easy bruising and bleeding from her gums when brushing her teeth. She is sexually active with multiple partners and has no history of intravenous drug use. Physical exam is remarkable for petechiae and scattered ecchymoses on the patient's bilateral upper and lower extremities. Urine beta-HCG is negative. Laboratory results are as follows: Hgb 13.0 g/dL, WBCs 6,000/mL, platelets 95,000/mL, PT 13.2s, aPTT 30s. Peripheral blood smear shows normocytic, normochromic red blood cells and few platelets with no morphologic abnormalities. Which diagnostic study should be performed next?
A. Serum factor VIII levels and von Willebrand factor activity
B. Measurement of ADAMTS13 activity
C. HIV and HCV testing
D. Bone marrow aspiration
Choose the correct option.",c,0,False,2,4096,96.76117752119899,96.76117752119899,3,3,,28.495712280273438
19,medqa,"A 55-year-old man with a history of chronic glomerulonephritis due to IgA nephropathy presents to your office with bone pain. Which of the following laboratory findings would you most expect upon analysis of this patient's serum?
A. Increased PTH, decreased calcium, increased phosphate, decreased calcitriol
B. Decreased PTH, increased calcium, increased phosphate, increased calcitriol
C. Decreased PTH, decreased calcium, increased phosphate, decreased calcitriol
D. Normal PTH, normal calcium, normal phosphate, normal calcitriol
Choose the correct option.",a,0,True,a,442,10.48040509596467,10.48040509596467,3,3,,28.495712280273438
20,medqa,"A 50-year-old man presents to his primary care doctor following an inguinal hernia repair. The patient reports no pain in his lower abdomen or groin, no constipation, and states that he enjoys his usual diet. He denies any use of alcohol, tobacco, or illicit drugs. He has returned to work as a cruise ship attendant. Preoperative workup included chest radiography which demonstrated an opacification in his right middle lobe. The patient agrees to undergo computed tomography (CT) of his chest without contrast for further evaluation. The radiologist reports an 8 mm nodule in the patient's peripheral right middle lobe that has regular margins and appears calcified. One year later, the patient obtains another chest CT without contrast that reports the nodule size as 10 mm with similar characteristics. What is the most appropriate next step in management?
A. CT chest without contrast in 24 months
B. Positive emission tomography (PET) of chest now
C. Right middle lobectomy now
D. Bronchoscopy-guided biopsy now
Choose the correct option.",b,0,False,a,2258,52.867802515625954,52.867802515625954,3,3,,28.495712280273438
21,medqa,"An 8-year-old boy is brought to the physician by his parents for short stature. Neither his clothing nor his shoe size have changed over the past year. He also frequently bumps into obstacles such as furniture and has headaches at night. He is always thirsty for cold water and has been urinating more frequently. Three years ago, he had an asthma attack that was treated with albuterol and a one-week course of steroids. His mother has Hashimoto's thyroiditis and had precocious puberty. His mother's height is 147 cm (4 ft 10 in) and his father's height is 160 cm (5 ft 3 in). He is at the 5th percentile for height and 5th percentile for weight. His temperature is 37°C (98.6°F), pulse is 98/min, respirations are 16/min, and blood pressure is 100/64 mm Hg. Examination shows a soft and nontender abdomen. The genitals and pubic hair are both Tanner stage 1. Axillary hair is absent. Patellar reflexes are 1+ bilaterally. Laboratory studies show:
Na+ 145 mEq/L
K+ 4.1 mEq/L
Cl- 102 mEq/L
HCO3- 25 mEq/L
Ca2+ 9.4 mg/dL
Glucose 110 mg/dL
Thyroid-stimulating hormone 0.3 μU/mL
Thyroxine 3.9 μg/dL
Insulin-like growth factor 1 24 ng/mL (N=61–356 ng/mL)
Insulin-like growth factor binding protein 3 2.1 mcg/mL (N=1.6–6.5 μg/mL)
Which of the following is the most likely diagnosis?""
A. Rathke cleft cyst
B. Craniopharyngioma
C. Multiple endocrine neoplasia
D. Pituitary adenoma
Choose the correct option.",b,0,True,b,1465,34.47711656987667,34.47711656987667,3,3,,28.495712280273438
22,medqa,"A 9-month-old boy is brought to his pediatrician by his mother for a routine health checkup. The boy was born at 39 weeks gestation via spontaneous vaginal delivery. He is up to date on all vaccines and is meeting all developmental milestones. He was breastfed for the first 3 months and then switched to cow’s milk and about two months ago she started giving him fruits and vegetables. Family history is noncontributory. Today, his heart rate is 120/min, respiratory rate is 40/min, blood pressure is 90/50 mm Hg, and temperature of 37.0°C (98.6°F). On examination, he has a heartbeat with a regular rate and rhythm and his lungs are clear to auscultation bilaterally. Generally, the boy looks pale. His weight and height fall within the expected range. A complete blood count (CBC) shows the following:
Hemoglobin (Hb): 9.1 g/dL
Mean corpuscular volume (MCV): 65 fL
Total iron binding capacity (TIBC): 550 μg/dL
Serum iron: 45 µg/dL
Serum lead: < 5 µg/dL
What is the best treatment for this patient?
A. Iron supplementation only
B. Proper diet and iron supplementation
C. Multivitamins
D. Proper diet only
Choose the correct option.",b,0,True,b,1006,23.667202852666378,23.667202852666378,3,3,,28.495712280273438
23,medqa,"Three patients present to the pediatrician for routine well-child visits. The first child’s mother reports that he seems to be breastfeeding well and voids at least eight times per day. His stools are a yellow color, and he does not seem to be straining. In the office, he can lift his head and chest when in the prone position, and he can track an object with his eyes to the midline. His hands remain fisted 50% of the time.

The second child’s parents report that she is doing well at home and seems to enjoy playing with her older brother. In the office, she can roll from supine to prone and can transfer her rattle from hand to hand. She cannot yet say any words.

The third child’s father reports that he is starting to explore the world around him. He has begun taking independent steps at home. In the office, he seems to recognize the name of several objects, but he cannot follow the direction to “grab the ball.” All three children are assessed as developmentally normal.

Which of the following represents these patient's respective ages?
A. Ages 1 month, 4 months, and 9 months
B. Ages 2 months, 4 months, and 12 months
C. Ages 2 months, 6 months, and 9 months
D. Ages 2 months, 6 months, and 12 months
Choose the correct option.",d,0,False,b,3406,79.7184988707304,79.7184988707304,3,3,,28.495712280273438
24,medqa,"A 22-year-old primigravida presents for a regular prenatal visit at 16 weeks gestation. She is concerned about the results of a dipstick test she performed at home, which showed 1+ glucose. She does not know  if her liquid consumption has increased, but she urinates more frequently than before. The course of her pregnancy has been unremarkable and she has no significant co-morbidities. The BMI is 25.6 kg/cm2 and she has gained 3 kg (6.72 lb) during the pregnancy. The blood pressure is 110/80 mm Hg, the heart rate is 82/min, the respiratory rate is 14/min, and the temperature is 36.6℃ (97.9℉). The lungs are clear to auscultation, the heart sounds are normal with no murmurs, and there is no abdominal or costovertebral angle tenderness. The laboratory tests show the following results:
Fasting glucose 97 mg/L
ALT 12 IU/L
AST 14 IU/L
Total bilirubin 0.8 mg/dL(15 µmol/L)
Plasma creatinine 0.7 mg/dL (61.9 µmol/L)
Which of the following tests are indicated to determine the cause of the abnormal dipstick test results?
A. HbA1c measurement
B. No tests required
C. Urinalysis
D. Oral glucose tolerance test
Choose the correct option.",b,0,False,d,2310,53.93409067764878,53.93409067764878,3,3,,28.495712280273438
25,medqa,"A four-day-old neonate is brought to the pediatrician with vaginal discharge for the last two days. Her mother is concerned about the blood-tinged discharge but states that her daughter has been feeding and voiding well. The neonate was delivered at 39 weeks gestation by an uncomplicated vaginal delivery, and she and her mother were discharged home after two days. The prenatal course was complicated by chlamydia in the mother during the first trimester, for which she and the partner were both treated with a negative test of cure. The neonate’s biological father is no longer involved the patient's care, but her mother’s boyfriend has been caring for the baby whenever the mother rests. At this visit, the neonate’s temperature is 98.5°F (36.9°C), pulse is 138/min, and respirations are 51/min. She appears comfortable, and cardiopulmonary and abdominal exams are unremarkable. There are no bruises or marks on her skin. Examination of the genitals reveals no vulvar irritation or skin changes, but there is scant pink mucoid discharge at the introitus. Which of the following is the best next step in management?
A. Vaginal exam under anesthesia
B. Vaginal culture
C. Warm water irrigation of the vagina
D. Reassurance
Choose the correct option.",d,0,True,d,861,20.225755132734776,20.225755132734776,3,3,,28.495712280273438
26,medqa,"A group of researchers decided to explore whether the estimates of incidence and prevalence rates of systemic lupus erythematosus (SLE) were influenced by the number of years it took to examine administrative data. These estimates were not only based on hospital discharges, but also on physician billing codes. For study purposes, the researchers labeled incident cases at the initial occurrence of SLE diagnosis in the hospital database, while prevalent cases were those that were coded as harboring SLE at any time, with patients maintaining their diagnosis until death. Which statement is true regarding the relationship between incidence and prevalence rates during the time period that might be chosen for this specific study?
A. Incidence rates will be higher during shorter time periods than longer periods.
B. The prevalence of SLE during consecutively shorter time windows will be overestimated.
C. The inclusion of attack rates would increase incidence estimates in longer time periods.
D. The inclusion of attack rates would decrease incidence estimates in shorter time periods.
Choose the correct option.",a,0,False,5,4096,95.2696421071887,95.2696421071887,3,3,,28.495712280273438
27,medqa,"A 76-year-old woman visits a physician for a general medical examination. She is asymptomatic. Six months prior, she had a cerebral stroke with left hemiparesis, from which she has almost completely recovered with physiotherapy. She has a history of hypertension and atrial fibrillation (AF). She has no significant ischemic, valvular, or structural heart disease. She takes metoprolol, amlodipine, warfarin, and atorvastatin. Blood pressure is 125/70 mm Hg, pulse is 75/min with an irregular rhythm. Respirations are 13/min. She has a minor limp and weakness in her left arm and leg. Heart exam shows no abnormalities other than irregular beats. To assess adherence and therapeutic efficacy in this patient, which of the following studies should be ordered?
A. Echocardiogram
B. International normalized ratio
C. Partial thromboplastin time
D. Serum drug levels
Choose the correct option.",b,0,True,b,1180,28.30591421201825,28.30591421201825,3,3,,28.495712280273438
28,medqa,"A 16-year-old boy with a seizure disorder and cognitive delay is brought to the physician because of progressively worsening right lower extremity weakness for the past 6 months. He does not make eye contact and sits very close to his mother. Physical examination shows a grade 3/6 holosystolic murmur at the cardiac apex. Neurological examination shows decreased strength in the right lower leg with normal strength in the other extremities. Fundoscopic examination shows several multinodular, calcified lesions in the retina bilaterally. A photograph of his skin findings is shown. This patient's condition is most likely due to a mutation in which of the following?
A. NF1 gene on chromosome 17
B. NF2 gene on chromosome 22
C. TSC1 gene on chromosome 9
D. VHL gene on chromosome 3
Choose the correct option.",c,0,True,c,1612,37.651736564934254,37.651736564934254,3,3,,28.495712280273438
29,medqa,"A 75-year-old woman presents to the emergency department with 30 minutes of slurred speech and arm weakness. On the drive over to the hospital, her symptoms have resolved completely. The patient has a past medical history of hypertension, atrial fibrillation, diabetes, morbid obesity, gout, and vascular claudication. Her temperature is 99.0°F (37.2°C), blood pressure is 184/111 mmHg, pulse is 88/min, respirations are 15/min, and oxygen saturation is 98% on room air. Physical exam reveals cranial nerves II-XII as grossly intact with normal strength and sensation in the patient's upper and lower extremities. The patient's memory is intact and her speech seems normal and fluent. Her gait is stable with no ataxia. An initial head CT demonstrates diffuse atrophy which is consistent with previous head CT scans. Which of the following is the best next step in management?
A. CT angiogram
B. Echocardiogram
C. Heparin
D. MRI
Choose the correct option.",a,0,False,d,2413,56.28131449967623,56.28131449967623,3,3,,28.495712280273438
30,medqa,"An investigator is studying the pattern of glutamate release from presynaptic nerve terminals in human volunteers with Alzheimer disease. The concentration of glutamate in the CA1 region of the hippocampus is measured using magnetic resonance spectroscopy after Schaffer collateral fibers are electrically stimulated. Which of the following events most likely occurs immediately prior to the release of neurotransmitters?
A. Activation of G protein-coupled receptors
B. Accumulation of cAMP
C. Opening of ligand-gated ion channels
D. Influx of calcium
Choose the correct option.",d,0,True,d,418,9.838009405881166,9.838009405881166,3,3,,28.495712280273438
31,medqa,"A 35-year-old woman presents to her primary care provider concerned that she may be pregnant. She has a history of regular menstruation every 4 weeks that lasts about 4 days with mild to moderate bleeding, but she missed her last period 2 weeks ago. A home pregnancy test was positive. She has a 6-year history of hyperthyroidism that is well-controlled with daily methimazole. She is currently asymptomatic and has no complaints or concerns. A blood specimen is taken and confirms the diagnosis. Additionally, her thyroid-stimulating hormone (TSH) is 2.0 μU/mL. Which of the following is the next best step in the management of this patient?
A. Continue methimazole
B. Discontinue methimazole, start propylthiouracil
C. Add glucocorticoids
D. Refer for radioiodine therapy
Choose the correct option.",b,0,True,b,754,17.70695136114955,17.70695136114955,3,3,,28.495712280273438
32,medqa,"A 63-year-old man is aiming to improve his health by eating a well balanced diet, walking daily, and quitting smoking following a 45-year smoking history. While on his daily walks he notices a strong cramping pain in his calves that consistently appears after a mile of walking. He sees his physician and a diagnosis of peripheral artery disease with intermittent claudication is made. To improve his symptoms, cilostazol is prescribed. What is the mechanism of action of this medication?
A. Irreversible cyclooxygenase inhibitor
B. Thromboxane synthase inhibitor
C. Adenosine diphosphate receptor inhibitor
D. Phosphodiesterase inhibitor
Choose the correct option.",d,0,True,d,666,15.731778234243393,15.731778234243393,3,3,,28.495712280273438
33,medqa,"A 25-year-old woman comes to the physician because of irregular menstrual bleeding. Menses have occurred at 30- to 90-day intervals since menarche at the age of 12 years. Her last menstrual period was 6 weeks ago. She is sexually active with her husband and they do not use condoms. There is no personal or family history of serious illness. She is 170 cm (5 ft 7 in) tall and weighs 73 kg (161 lb); BMI is 25.3 kg/m2. Her vital signs are within normal limits. Examination shows oily skin and severe acne on the face. There is dark hair on the upper lip and around both nipples. Laboratory studies show:
Dehydroepiandrosterone sulfate 6.2 μg/mL (N=0.5–5.4)
Follicle-stimulating hormone 20 mIU/mL
Luteinizing hormone 160 mIU/mL
Testosterone 4.1 nmol/L (N < 3.5)
A urine pregnancy test is negative. Which of the following tests is the most appropriate next step in screening for comorbidities in this patient?""
A. 17-hydroxyprogesterone and cortisol level measurements
B. CA-125 level measurement
C. Blood glucose and cholesterol level measurements
D. TSH and T4 level measurements
Choose the correct option.",c,0,False,a,1617,37.85059815272689,37.85059815272689,3,3,,28.495712280273438
34,medqa,"During the normal catabolism of protein, urea and ammonia are produced as waste products. If these waste products are not cleared by the liver and kidneys, hyperammonemia can occur, leading to confusion and delirium. Fortunately, a healthy liver can clear these waste products via the urea cycle. Which of the following reactions is the rate limiting step in this cycle?
A. NH3 + HCO3- + 2 ATP --> carbamoyl phosphate + 2 ADP + Pi
B. Carbamoyl phosphate + ornithine --> citrulline+ Pi
C. Citrulline + aspartate + ATP --> arginosuccinate + AMP + PPi
D. Arginine + H20 --> ornithine + urea
Choose the correct option.",a,0,True,a,1193,27.959891885519028,27.959891885519028,3,3,,28.495712280273438
35,medqa,"A 65-year-old man with metastatic lung cancer has been experiencing severe, unremitting pain. He has required escalating doses of oral morphine, but is now having dose limiting side-effects. His pain management team recommends using a medication that can reduce his opioid need through interaction with the NMDA-receptor. Which of the following was the most likely recommended agent?
A. Propofol
B. Ketamine
C. Fentanyl
D. Midazolam
Choose the correct option.",b,0,True,b,906,21.164657920598984,21.164657920598984,3,3,,28.495712280273438
36,medqa,"An 81-year-old man is brought to the clinic by his son to be evaluated for memory issues. The patient’s son says he has difficulty remembering recent events and names. He says the patient’s symptoms have progressively worsened over the last several years but became acutely worse just recently. Also, yesterday, the patient complained that he could not see out of his right eye, but today he can. When asked about these concerns, the patient seems to have no insight into the problem and reports feeling well. His medical history is significant for diabetes mellitus type 2 and hypertension. He had a left basal ganglia hemorrhage 12 years ago and a right middle cerebral artery infarction 4 years ago. Current medications are amlodipine, aspirin, clopidogrel, metformin, sitagliptin, and valsartan. He lives with his son and can feed himself and change his clothes. There is no history of urinary or fecal incontinence. His vitals include: blood pressure 137/82 mm Hg, pulse 78/min, respiratory rate 16/min, temperature 37.0°C (98.6°F). On physical examination, the patient is alert and oriented. He is unable to perform simple arithmetic calculations and the mini-mental status exam is inconclusive. He can write his name and comprehend written instructions. Muscle strength is 4/5 on the right side. The tone is also slightly reduced on the right side with exaggerated reflexes. His gait is hemiparetic. Which of the following is the most likely diagnosis in this patient?
A. Alzheimer's disease
B. Lewy body dementia
C. Normal-pressure hydrocephalus
D. Vascular dementia
Choose the correct option.",d,0,True,d,1512,35.66291216760874,35.66291216760874,3,3,,28.495712280273438
37,medqa,"A 28-year-old woman is brought to the emergency room after a motor vehicle accident. On arrival, she is stable and says that she hit a car at an intersection that ""came out of nowhere"". She states that she had similar close encounters with other cars these past few weeks but was able to avoid collisions with those. She has also had intermittent headaches over the last month and has noticed that her shirts have been getting wet unexpectedly. Blood tests reveal an abnormal elevation of a circulating substance. Which of following changes is also associated with the physiologic function of the most likely substance in this case?
A. Decreased oxytocin
B. Decreased progesterone
C. Increased follicle stimulating hormone
D. Increased progesterone
Choose the correct option.",b,0,False,28,4096,95.7624896839261,95.7624896839261,3,3,,28.495712280273438
38,medqa,"A 25-year-old African American man presents to his primary care provider for routine blood work. He is a well-known case of sickle cell disease treated with hydroxyurea and tramadol as needed for pain. He does not smoke or drink alcohol. The patient asks if his disease can adversely affect his kidneys because his friend was recently diagnosed with end-stage renal failure. Which of the following is a renal complication of sickle cell disease?
A. Membranous glomerulonephritis
B. Proximal renal tubular acidosis
C. Impaired urine diluting ability
D. Impaired urine concentration ability
Choose the correct option.",d,0,False,b,2880,67.31365615502,67.31365615502,3,3,,28.495712280273438
39,medqa,"A 24-year-old woman is brought to the emergency room (ER) by her co-workers after they found her unconscious in her cubicle when they returned from lunch. They tell you that she has diabetes but do not know anything more about her condition. The woman’s vital signs include: pulse 110/min, respiratory rate 24/min, temperature 36.7°C (98.0°F), and blood pressure 90/60 mm Hg. On physical examination, the patient is breathing heavily and gives irrelevant responses to questions. The skin and mucous membranes appear dry. Examination of the abdomen reveals mild diffuse tenderness to palpation. Deep tendon reflexes in the extremities are 1+ bilaterally. Laboratory studies show:
Finger stick glucose 630 mg/dL
Arterial blood gas analysis:
pH 7.1
PO2 90 mm Hg
PCO2 33 mm Hg
HCO3 8 mEq/L
Serum:
Sodium 135 mEq/L
Potassium 3.1 mEq/L
Chloride 136 mEq/L
Blood urea nitrogen 20 mg/dL
Serum creatinine 1.2 mg/dL
Urine examination shows:
Glucose Positive
Ketones Positive
Leukocytes Negative
Nitrite Negative
RBCs Negative
Casts Negative
The patient is immediately started on a bolus of intravenous (IV) 0.9% sodium chloride (NaCl). Which of the following is the next best step in the management of this patient?
A. Infuse NaHCO3 slowly
B. Switch fluids to 0.45% NaCl
C. Start IV insulin infusion
D. Replace potassium intravenously
Choose the correct option.",d,0,False,c,436,10.338363356888294,10.338363356888294,3,3,,28.495712280273438
40,medqa,"A 27-year-old man presents to the emergency department after a motor vehicle accident. The patient has a past medical history of asthma and cocaine use. His current medications include albuterol and ibuprofen. His temperature is 99.5°F (37.5°C), blood pressure is 70/35 mmHg, pulse is 150/min, respirations are 19/min, and oxygen saturation is 98% on room air. On initial trauma evaluation, his airway is intact and he is breathing spontaneously. The patient's dorsalis pedis and radial pulses are palpable bilaterally. His Glasgow Coma Scale is 9. Head to toe examination reveals instability of the pelvis when downwards force is applied. The patient is started on IV fluids and norepinephrine, and a pelvic binder is placed. The patient's vitals are measured again and his temperature is 99.5°F (37.5°C), blood pressure is 100/55 mmHg, pulse is 150/min, respirations are 17/min, and oxygen saturation is 98% on room air. A blood transfusion is started, and the patient is given hydromorphone. The patient suddenly becomes short of breath with notable bilateral wheezing with poor air movement. His blood pressure is 60/35 mmHg and pulse is 160/min. The patient is treated appropriately, intubated, stabilized, and transferred to the surgical intensive care unit. Which of the following is most likely to be found in this patient's history?
A. Hemolytic anemia and ataxia
B. Gum disease and poor wound healing
C. Irregularly irregular heart rhythm
D. Anti-A, B, or O antibodies in the serum
Choose the correct option.",a,0,False,b,3075,71.96473835036159,71.96473835036159,3,3,,28.495712280273438
41,medqa,"A 58-year-old man is brought to the emergency department because of sudden-onset right-sided body numbness for 1 hour. He reports that he has a 15-year history of hypertension treated with hydrochlorothiazide. He is alert and oriented to time, place, and person. Neurological examination shows decreased sensation to light pinprick and temperature on the right side of the face and body. Motor strength is 5/5 and deep tendon reflexes are 2+ bilaterally. Perfusion of which of the following structures of the brain is most likely impaired in this patient?
A. Posterior limb of the internal capsule
B. Lateral medulla
C. Basal pons
D. Ventral thalamus
Choose the correct option.",d,0,False,a,3734,87.46010835841298,87.46010835841298,3,3,,28.495712280273438
42,medqa,"A 50-year-old man with congestive heart failure (CHF) was started on an experimental analog of atrial natriuretic peptide. Which of the following would he expect to experience?
A. Increased water reabsorption by the renal collecting ducts
B. Vasoconstriction, increased blood pressure, aldosterone release
C. Increased glomerular filtration rate, restricted aldosterone release, vascular smooth muscle dilation
D. Increased plasma calcium and decreased renal reabsorption of phosphate
Choose the correct option.",c,0,True,c,1061,24.901356764137745,24.901356764137745,3,3,,28.495712280273438
43,medqa,"A 7-year-old boy is rushed to the emergency room after losing consciousness 30 mins ago at home. The patient’s mother says that he has had a “running nose” for the past few days However, he did not receive any treatment for it, and his condition rapidly worsened today. He does not have any significant past medical history. His vaccination records are up to date. His temperature is 38.2°C (100.7°F), blood pressure is 90/50 mm Hg, heart rate is 120/min, and respiratory rate is 22/min. On physical examination, the patient is unresponsive. There is a petechial rash present on his chest, and he has some neck rigidity. Empiric intravenous antibiotics are started, and a lumbar puncture is performed. Which of the following is the most likely cause of this patient’s low blood pressure?
A. Human immunodeficiency virus infection
B. Hypertrophic cardiomyopathy
C. Adrenocortical insufficiency
D. Pheochromocytoma
Choose the correct option.",c,0,True,c,3110,72.59602391347289,72.59602391347289,3,3,,28.495712280273438
44,medqa,"A researcher is studying risk factors for open-angle glaucoma in a group of elderly patients at a primary care clinic. He is curious if patients with diabetes (defined as fasting serum glucose ≥126 mg/dL on two separate readings) are at increased risk of developing open-angle glaucoma over time. Which of the following is the best statement of the null hypothesis for this study?
A. The future risk of open-angle glaucoma is the same in patients with and those without diabetes
B. Having diabetes will not cause changes in risk of future open-angle glaucoma
C. Diabetes is not associated with an increased prevalence of open-angle glaucoma
D. Improved adherence to antidiabetics will not be effective in decreasing future open-angle glaucoma risk
Choose the correct option.",a,0,True,a,484,11.411783952265978,11.411783952265978,3,3,,28.495712280273438
45,medqa,"A 67-year-old man comes to the clinic complaining of fatigue and dizziness for the past 2 months. He reports that he gets tired easily compared to his baseline and feels dizzy when he exerts himself (e.g., when he walks long distances). His past medical history is significant for hypertension that is controlled with lisinopril. A physical examination demonstrates moderate hepatomegaly and lymphadenopathy. His laboratory studies are shown below.

Leukocyte count and differential:
Leukocyte count: 11,500/mm^3
Segmented neutrophils: 40%
Bands: 3%
Eosinophils: 1%
Basophils: 0%
Lymphocytes: 50%
Monocytes: 8%

Hemoglobin: 11.2 g/dL
Platelet count: 120,000/mm^3
Mean corpuscular hemoglobin concentration: 31%
Mean corpuscular volume: 80 µm^3
Reticulocyte count: 3%
Lactate dehydrogenase: 45 U/L

A subsequent flow cytometry test demonstrates CD20+ cells. What is the most likely finding you would expect in this patient?
A. Low levels of erythropoietin
B. Low levels of leukocyte alkaline phosphatase (LAP)
C. Presence of hairy cells
D. Presence of smudge cells
Choose the correct option.",d,0,False,c,2353,54.97488809376955,54.97488809376955,3,3,,28.495712280273438
46,medqa,"Thirty minutes after delivery, a 3600-g (7-lb 15-oz) newborn has noisy breathing, bluish discoloration of her lips, and intermittent respiratory distress. She was born at 38 weeks' gestation and required bag-mask resuscitation immediately after delivery. Pregnancy was uncomplicated. Her mother has noticed the bluish lip discoloration worsen when she fed and improve when she cried. The patient's pulse is 163/min, respirations are 62/min, and blood pressure is 60/30 mm Hg. The crying infant's lungs are clear to auscultation. Further evaluation of this patient is most likely to show which of the following?
A. Diffuse reticulogranular densities on chest x-ray
B. Boot-shaped heart on chest x-ray
C. Passage of a gastric catheter through the mouth not possible
D. Passage of a catheter through the nasal cavity not possible
Choose the correct option.",d,0,True,d,3880,90.67796352133155,90.67796352133155,3,3,,28.495712280273438
47,medqa,"A 15-year-old girl comes to the physician because of episodic pelvic pain radiating to her back and thighs for 4 months. The pain occurs a few hours before her menstrual period and lasts for 2 days. She has been taking ibuprofen, which has provided some relief. Menses have occurred at regular 28-day intervals since menarche at the age of 12 years and last for 5 to 6 days. She is sexually active with two male partners and uses condoms inconsistently. Vital signs are within normal limits. Physical examination shows no abnormalities. Which of the following is the most likely cause of this patient's symptoms?
A. Endometrial sloughing and uterine contractions mediated by prostaglandin
B. Ascending infection of the uterus, fallopian tubes, ovaries, or surrounding tissue
C. Fluid-filled sac within the ovary
D. Hormone-sensitive smooth muscle tumor of the myometrium
Choose the correct option.",a,0,True,a,970,22.866858515888453,22.866858515888453,3,3,,28.495712280273438
48,medqa,"A 35-year-old man comes to the physician because of episodes of difficulty swallowing for the past 3 months. He feels solid food getting stuck in his chest behind the sternum when he eats. Drinking does not cause any difficulty swallowing. He has no coughing or nasal regurgitation. He has no hoarseness or weight loss. He has had heartburn for 2 years with no response to high-dose omeprazole. His past medical history is also significant for asthma and eczema. He takes no medications except for omeprazole. His vital signs are within normal limits. Physical examination shows no abnormal findings. Which of the following best explains these findings?
A. Achalasia
B. Diffuse esophageal spasm
C. Eosinophilic esophagitis
D. Esophageal reflux disease
Choose the correct option.",c,0,True,c,1648,38.505794018507004,38.505794018507004,3,3,,28.495712280273438
49,medqa,"A 68-year-old man presents to the emergency department because of fever, abdominal pain, and rapidly progressive distension of the abdomen. His appendix was removed for an abscess 3 days ago. The complete blood count showed leukocytosis. Anaerobic culture of the peritoneal fluid needle aspirate showed a gram-negative pathogen. Which of the following, in addition to polymicrobial infection, is the most likely cause of this patient’s condition?
A. Bacteroides fragilis
B. Campylobacter jejuni
C. Clostridium perfringens
D. Shigella sonnei
Choose the correct option.",a,0,True,a,1860,43.55453770235181,43.55453770235181,3,3,,28.495712280273438
50,medqa,"A 51-year-old man presents the emergency room with chest pain. He mentions that the pain started several hours ago and radiates to his left neck and shoulder. He also mentions that he has some difficulty in breathing. He says that he has had similar chest pains before, but nothing seemed to be wrong at that time. He was diagnosed with high cholesterol during that episode and was prescribed medication. He also has a 3-year history of gastritis. The blood pressure is 130/80 mm Hg, respirations are 18/min, and the pulse is 110/min. He seems a little anxious. The physical examination reveals no significant abnormalities. An ECG shows slight changes in the leads. His physician talks to him about the benefits of taking low-dose aspirin daily. Which of the following would be a contraindication to the use of aspirin in this patient?
A. ECG changes
B. Hypercholesterolemia
C. Gastritis
D. Increased pulse rate
Choose the correct option.",c,0,True,c,457,10.795347411185503,10.795347411185503,3,3,,28.495712280273438
51,medqa,"A 22-year-old woman presents to her primary care physician in April for seasonal allergies. She has suffered from seasonal allergies for the past 2 years and takes diphenhydramine as needed when her symptoms worsen. She has not yet seen a physician for her allergies. She reports that diphenhydramine has been helpful in controlling her symptoms, but she does not like feeling drowsy from the medication. Her past medical history is also notable for well-controlled asthma. She uses an albuterol inhaler on an as-needed basis. She smokes marijuana daily. Her temperature is 99.2°F (37.3°C), blood pressure is 120/70 mmHg, pulse is 76/min, and respirations are 16/min. She has a prominent nasal crease. Her nasal turbinates are boggy and bluish-gray. She has copious thin and watery nasal mucus. The physician suggests replacing diphenhydramine with fexofenadine to improve her drowsiness. What characteristic of fexodenadine allows it to be less sedating than diphenhydramine?
A. Alpha-adrenergic antagonism
B. Beta-adrenergic antagonism
C. Relative lipophobicity
D. Serotonergic antagonism
Choose the correct option.",c,0,True,c,665,15.705042500048876,15.705042500048876,3,3,,28.495712280273438
52,medqa,"A 40-year-old businessman who was previously well is brought into the emergency department by his assistant with a complaint of left-sided weakness after a chiropractic neck manipulation. He has never felt like this before. Past medical history is insignificant. His blood pressure is 125/75 mm Hg, pulse 86/min, respiratory rate 13/min, temperature 36.8°C (98.2°F). A T2-weighted MRI shows a left C5 hemicord lesion. The patient is treated with cervical immobilization, a course of steroids, and physical therapy. What other finding will most likely be seen in this patient?
A. Spastic paralysis at the level of lesion
B. Right-sided Horner's syndrome
C. Contralateral corticospinal tract involvement
D. Right-sided analgesia
Choose the correct option.",d,0,True,d,2225,52.101416774094105,52.101416774094105,3,3,,28.495712280273438
53,medqa,"A 23-year-old man is admitted to the hospital with fever, chest discomfort, tachypnea, pain, needle-like sensations in the upper extremities, and profuse sweating. He also complains of a gradual decrease in vision over the past 3 months. He is a bodybuilding competitor and has a competition coming up in 1 week. The man reports that his symptoms appeared suddenly, 30 minutes after he took 2 foreign-manufactured fat-burning pills instead of the 1 he usually takes. His blood pressure is 140/90 mm Hg, heart rate is 137/min, respiratory rate is 26/min, and temperature is 39.9°C (103.8°F). Physical examination reveals a reddish maculopapular rash over the patient’s trunk, diminished lung and heart sounds, tenderness to palpation in his abdomen, and rotational bilateral nystagmus with an alternating gaze-dependent fast component. Ophthalmologic examination shows bilateral cataracts. The patient’s total blood count is as follows:
Erythrocytes 4.4 x 109/mm3
Hb 12 g/dL
Total leukocyte count  3750/mm3
Neutrophils 57%
Lymphocyte 37%
Eosinophil 1%
Monocyte 5%
Basophil 0%
Platelet count 209,000/mm3
Which of the following statements best describes the pathogenesis of this patient’s condition?
A. The patient’s symptoms are caused by an increased concentration of epinephrine released by the adrenal glands in response to the consumed substance.
B. The drug caused uncoupling of the electron transport chain and oxidative phosphorylation.
C. The patient has a pyretic reaction due to bacterial contamination of the pills.
D. The drug has stimulated the hypothalamic temperature center to produce hyperthermia.
Choose the correct option.",b,0,True,b,2544,59.56275899708271,59.56275899708271,3,3,,28.495712280273438
54,medqa,"A 6-month-old boy is brought to the physician by his parents for difficulty breathing and bluish discoloration of the lips for the past hour. During the past 3 months, the patient has had several upper respiratory tract infections and poor weight gain. Physical examination shows crackles over both lung fields and enlargement of the tonsils and cervical lymph nodes. His serum IgA, IgE, and IgG titers are decreased. An x-ray of the chest shows bilateral interstitial infiltrates. Methenamine silver staining of bronchial lavage fluid shows disc-shaped cysts. A defect in which of the following is the most likely underlying cause of this patient's condition?
A. Actin filament assembly
B. T-cell receptor signaling
C. Microtubule polymerization
D. B-cell maturation
Choose the correct option.",b,0,False,d,2747,63.989006876945496,63.989006876945496,3,3,,28.495712280273438
55,medqa,"A 25-year-old man presents to his primary care physician for pain in his back. The patient describes the pain as feeling worse in the morning. He says it is a general stiffness that improves when he goes to the gym and lifts weights. He also states that his symptoms seem to improve when he leans forward or when he is cycling. The patient is a current smoker and is sexually active. He admits to having unprotected sex with many different partners this past year. The patient has no significant past medical history and is not currently taking any medications. On physical exam, the patient demonstrates notable kyphosis of the thoracic spine and decreased mobility of the back in all 4 directions. The patient’s strength is 5/5 in his upper and lower extremities. The rest of his physical exam is within normal limits. Which of the following findings is associated with this patient’s presentation?
A. Diminished pulses in the lower extremity
B. Narrowing of the spinal canal when standing upright
C. Pain with elevation of his leg while laying down
D. Punctate bleeding spots when dermatologic scales are removed
Choose the correct option.",d,0,False,b,3126,72.74396568536758,72.74396568536758,3,3,,28.495712280273438
56,medqa,"A 70-year-old man is brought to the emergency department by staff of the group home where he resides because of worsening confusion for the past week. He has a history of major depressive disorder and had an ischemic stroke 4 months ago. Current medications are aspirin and sertraline. He is lethargic and disoriented. His pulse is 78/min, and blood pressure is 135/88 mm Hg. Physical examination shows moist oral mucosa, normal skin turgor, and no peripheral edema. While in the waiting room, he has a generalized, tonic-clonic seizure. Laboratory studies show a serum sodium of 119 mEq/L and an elevated serum antidiuretic hormone concentration. Which of the following sets of additional laboratory findings is most likely in this patient?
 $$$ Serum osmolality %%% Urine sodium %%% Serum aldosterone $$$
A. ↓ ↓ ↓
B. ↑ ↓ normal
C. ↓ ↑ ↑
D. ↓ ↑ ↓
Choose the correct option.",d,0,True,d,893,20.95238083600998,20.95238083600998,3,3,,28.495712280273438
57,medqa,"A 45-year-old woman with hypothyroidism comes to the physician because of progressive fatigue, lethargy, and epigastric pain after eating. Physical examination shows pale conjunctivae. Laboratory studies show decreased serum hemoglobin levels and increased serum gastrin levels. Esophagogastroduodenoscopy shows inflammation of the gastric body and fundus. A photomicrograph of a biopsy specimen taken from the gastric antrum is shown. Which of the following is the most likely cause of this patient's symptoms?
A. Mucosal cell hyperplasia
B. Enterochromaffin-like cell hyperplasia
C. Parietal cell destruction
D. Chief cell destruction
Choose the correct option.",c,0,True,c,1194,27.982883114367723,27.982883114367723,3,3,,28.495712280273438
58,medqa,"A 66-year-old man is brought to the emergency room by his wife due to abdominal distension and persistent somnolence for the past 2 weeks. The patient’s wife says that he has been sleeping much more than usual for the past 5 days. His bowel and bladder habit have not changed. His past medical history is significant for alcoholic liver cirrhosis. His vital signs include: pulse 76/min, respiratory rate 15/min, temperature 38.0°C (100.4°F) and blood pressure 122/75 mm Hg. On physical examination, the patient is altered and not responsive to commands. Oriented x 0. The abdomen is significantly distended. Shifting dullness is present and a positive fluid wave can be elicited. Hyperreflexia and asterixis are noted. Laboratory findings are significant for the following:
Laboratory test
Sodium 140 mEq/L
Potassium 3.5 mEq/L
Chloride 97 mEq/L
Glucose 90 mg/dL
Ammonia 100 µg/dL (ref: 19-60 µg/dL)
Arterial blood gas
pH 7.4
pCO2 40 mm Hg
pO2 90 mm Hg
HCO3 26 mEq/L
An abdominal ultrasound shows surface nodularity compatible with cirrhosis but no other changes aside from ascites. An upper GI endoscopy is performed which shows gastric varices with no signs of active bleeding. An MRI of the brain is insignificant. What is the most likely precipitating factor that led to this patient’s condition?
A. Spontaneous bacterial peritonitis
B. Metabolic alkalosis
C. Portal vein thrombosis
D. Hypoglycemia
Choose the correct option.",a,0,True,a,1970,45.94257031753659,45.94257031753659,3,3,,28.495712280273438
59,medqa,"A 3-week-old newborn is brought to the physician by his parents because of poor feeding, irritability, and frequent vomiting over the past week. The vomitus is greenish in color and smells strange. His parents have tried to feed him every 4 hours, but the patient often spits up or refuses to eat. The patient was born at term and had his first bowel movement at 50 hours of life. He has since had one bowel movement daily. He is at the 50th percentile for length, 10th percentile for weight, and 40th percentile for head circumference. He does not appear to be in acute distress. His temperature is 36.9°C (98.4°F), pulse is 140/min, respirations are 40/min, and blood pressure is 90/60 mm Hg. Physical examination shows that the patient has small, low-set ears, a broad and flat nasal bridge, and a large space between the first and second toes bilaterally. The abdomen is distended. When the finger is removed following a rectal exam, there is an explosive release of stool from the patient's rectum. An x-ray of the abdomen shows a section of dilated colon followed by a segment of colon without stool or air. Which of the following is most likely to confirm the diagnosis?
A. CT scan of the abdomen
B. Transabdominal ultrasonography
C. Anorectal manometry
D. Rectal suction biopsy
Choose the correct option.",d,0,True,d,906,21.34748088568449,21.34748088568449,3,3,,28.495712280273438
60,medqa,"An 11-month-old boy is brought to the clinic by his mother for a rash on his trunk, which he has had for the past 2 days. She notes that he is eating less and is more cranky than usual. His birth history is insignificant, and his immunizations are up to date. Vital signs include: temperature is 37.8°C (100.0°F), pulse is 98/min, and respiratory rate is 16/min. The rash features thin-walled, fluid-filled blisters that rupture easily. Fluid samples from the lesions are sent for analysis to a microbiology lab. The results reveal an infection by the gram-positive bacterium Staphylococcus aureus. The patient is diagnosed with staphylococcal scalded skin syndrome. Which of the following is involved with the primary defense in response to the bacteria and toxins produced by this organism?
A. Immunoglobulin- IgG
B. Immunoglobulin- IgD
C. Immunoglobulin- IgA
D. Immunoglobulin- IgM
Choose the correct option.",d,0,True,d,1821,42.73556004837155,42.73556004837155,3,3,,28.495712280273438
61,medqa,"A 60-year-old man presents to his local walk-in clinic with 1 week of fever, chills, night sweats, anorexia, malaise, progressive shortness of breath, and sharp chest pain. He is found with a blood pressure of 100/80 mm Hg, a heart rate of 84/min, an elevated respiratory rate, and a holosystolic heart murmur III/VI. His palms and soles show non-tender erythematous lesions. His personal medical history is relevant for frequent visits to the ER for lower gastrointestinal bleeding in the last month with a recent colonoscopy that reported an ulcerative lesion suggestive of colorectal cancer. He has not been subjected to dental procedures recently, and he denies the use of psychoactive drugs. A chest plain film shows clear lungs and mild cardiomegaly, and echocardiography reports the presence of vegetations involving the mitral valve. Which of the following organisms is the most likely causative agent?
A. Staphylococcus aureus
B. Escherichia coli
C. Haemophilus aphrophilus
D. Streptococcus bovis
Choose the correct option.",d,0,True,d,640,15.120907410979271,15.120907410979271,3,3,,28.495712280273438
62,medqa,"A 53-year-old man comes to the physician because of a 2-month history of multiple episodes of small amounts of blood in his stools. Examination shows pale conjunctivae. His hemoglobin concentration is 8.3 g/dL and mean corpuscular volume is 72μm3. Colonoscopy shows a 2.3-cm polypoid mass in the ascending colon. A photomicrograph of a biopsy specimen of the lesion is shown. Which of the following processes is most likely to be involved in the pathogenesis of this patient's condition?
A. Underexpression of COX-2
B. Increased phosphorylation of serine and threonine
C. Impaired degradation of β-catenin
D. Abnormal transfer of phosphate to cellular proteins
Choose the correct option.",c,0,True,c,1042,24.445899825543165,24.445899825543165,3,3,,28.495712280273438
63,medqa,"A 65-year-old male is treated for anal carcinoma with therapy including external beam radiation. How does radiation affect cancer cells?
A. Induces the formation of thymidine dimers
B. Induces the formation of disulfide bonds
C. Induces deamination of cytosine
D. Induces breaks in double-stranded DNA
Choose the correct option.",d,0,True,d,919,21.535739701241255,21.535739701241255,3,3,,28.495712280273438
64,medqa,"A 17-year-old man presents to his family physician for an evaluation about the size of his penis. He feels increasingly anxious during physical education (PE) class as he has noticed that the size of his penis is significantly smaller when compared to his peers. Based on the physical examination, he is Tanner stage 1. The weight and height are 60 kg (132 lb) and 175 cm (5 ft 9 in), respectively. The cardiopulmonary examination is normal; however, the patient has difficulty identifying coffee grounds by smell. Which of the following explains the pathophysiology underlying this patient’s disorder?
A. Expansion of a CTG trinucleotide repeat
B. Isolated gonadotropin-releasing hormone (GnRH) deficiency
C. Sex-specific epigenetic imprinting
D. Non-disjunction of sex chromosomes
Choose the correct option.",b,0,True,b,2767,64.57391211017966,64.57391211017966,3,3,,28.495712280273438
65,medqa,"A 25-year-old man is brought to the emergency department by police. He was found at a local celebration acting very strangely and was reported by other patrons of the event. The patient is very anxious and initially is hesitant to answer questions. He denies any substance use and states that he was just trying to have a good time. The patient's responses are slightly delayed and he seems to have difficulty processing his thoughts. The patient tells you he feels very anxious and asks for some medication to calm him down. The patient has a past medical history of psoriasis which is treated with topical steroids. His temperature is 99.5°F (37.5°C), blood pressure is 120/75 mmHg, pulse is 110/min, respirations are 15/min, and oxygen saturation is 99% on room air. On physical exam, you note an anxious young man. HEENT exam reveals a dry mouth and conjunctival injection. Neurological exam reveals cranial nerves II-XII as grossly intact with normal strength and sensation in his upper and lower extremities. Cardiac exam reveals tachycardia, and pulmonary exam is within normal limits. Which of the following is the most likely intoxication in this patient?
A. Alcohol
B. Marijuana
C. Cocaine
D. Phencyclidine
Choose the correct option.",b,0,True,b,2656,62.13225602731109,62.13225602731109,3,3,,28.495712280273438
66,medqa,"A 40-year-old man presents to the clinic with complaints of increased bilateral pain in his knees. The pain developed over time and now limits his mobility. He states that the pain is worse at the end of the day, though he does have some early-morning stiffness lasting about 20 minutes. He used to have some success with over-the-counter NSAIDs; however, they no longer help. The patient also has been taking metformin for the past 2 years and is severely obese, with a BMI of 41 kg/m2. Additionally, he states that he has felt increasingly tired during the day, often dozes off during work, and no longer feels refreshed when he wakes up in the morning. Upon examination, there is no tenderness on palpation or erythema; however, some crepitus is felt. He has no other complaints but has a family history of rheumatoid arthritis (RA) on his mother’s side. Which of the following factors is the underlying cause of the patient’s pain, as well as the rest of his complaints?
A. Medication side effect
B. Excess weight
C. Infection
D. Occult malignancy
Choose the correct option.",b,0,True,b,755,17.68981585651636,17.68981585651636,3,3,,28.495712280273438
67,medqa,"A 32-year-old Caucasian woman is referred to a gastroenterologist by her family physician for 8 months of abdominal pain, foul-smelling diarrhea with floating, bulky stools, weight loss, and macrocytic anemia. Her personal history is relevant for allergic rhinitis. Physical examination shows grouped, erythematous papulovesicular lesions on her arms, torso, and abdomen. Which of the following is the most appropriate approach for the management of this patient?
A. Amitriptyline
B. Octreotide
C. Gluten-free diet
D. Methysergide maleate
Choose the correct option.",c,0,True,c,482,11.304958272725344,11.304958272725344,3,3,,28.495712280273438
68,medqa,"A 65-year-old man presents to his primary care physician with a neck mass. He first noticed a firm mass on the anterior aspect of his neck approximately 4 months ago. The mass is painless and has not increased in size since then. He has also noticed occasional fatigue and has gained 10 pounds in the past 4 months despite no change in his diet or exercise frequency. His past medical history is notable for gout for which he takes allopurinol. He denies any prior thyroid disorder. He runs 4 times per week and eats a balanced diet of mostly fruits and vegetables. He does not smoke and drinks a glass of wine with dinner. His family history is notable for medullary thyroid cancer in his maternal uncle. His temperature is 97.8°F (36.6°C), blood pressure is 127/72 mmHg, pulse is 87/min, and respirations are 19/min. On exam, he has a firm, symmetric, and stone-firm thyroid. A biopsy of this patient's lesion would most likely demonstrate which of the following findings?
A. Diffuse infiltrate of lymphoid cells destroying thyroid follicles
B. Dense fibroinflammatory infiltrate
C. Pleomorphic undifferentiated infiltrative cells with necrosis
D. Stromal amyloid deposition
Choose the correct option.",b,0,False,d,2313,54.167199183255434,54.167199183255434,3,3,,28.495712280273438
69,medqa,"A 75-year-old man comes to the physician because of a 7-day history of nausea and vomiting. Over the past 2 days, he has also been feeling weak and tired. When standing up after sitting for a while, he feels dizzy. He says he has to go to the bathroom more often than usual, and that he is urinating “a normal amount” each time. He has not had diarrhea. He has hypertension, for which he has been taking hydrochlorothiazide for the past 6 months. He drinks 9 glasses of water per day and takes his medication regularly. He is 168 cm (5 ft 6 in) tall and weighs 90 kg (198 lb); BMI is 32 kg/m2. His temperature is 36.5°C (97.7°F), blood pressure is 106/54 mm Hg, and pulse is 92/min. Physical examination shows whitening of the tongue. Skin that is pinched on the back of the hand retracts after 5 seconds. On mental status examination, his speech is slowed; he is oriented to person, place, and time. Laboratory studies show:
Serum
Na+ 150 mEq/L
Cl− 97 mEq/L
K+ 3.6 mEq/L
HCO3− 30 mEq/L
Osmolality 354 mOsm/kg
Hemoglobin A1C 10.5%
Urine
Osmolality 400 mOsm/kg
Which of the following is the most likely explanation for these findings?""
A. Diuretic overdose
B. Osmotic diuresis
C. Excess production of aldosterone
D. Insufficient production of antidiuretic hormone
Choose the correct option.",b,0,False,1,4096,96.07876176387072,96.07876176387072,3,3,,28.495712280273438
70,medqa,"An 18-year-old male is brought in by fire rescue. The patient was an unrestrained passenger in a motor vehicle crash and was ejected from the vehicle after collision. Upon arrival to the trauma bay, the patient has a Glasgow coma scale (GCS) of 6. He is rapidly intubated, and vitals are a temperature of 99.5°F (37.5°C), pulse of 130 bpm, and blood pressure of 83/64 mmHg. He is noted to have multiple ecchymoses over his body, as well as petechiae and purpura. He has a laceration over his clavicle that continues to bleed despite a pressure bandage. Radiographs of his lower extremity show multiple long bone fractures. Two large bore IV lines are placed, and the patient oozes from around the sites of venepuncture. Labs are notable for a WBC of 20,000/mm^3, Hb of 10.1g/dL, platelets of 48,000/mm^3, and prolongation of the PT and aPTT. This patient's presentation can best be explained by which of the following diagnoses?
A. Air embolization
B. Tension pneumothorax
C. Disseminated intravascular coagulation
D. Coagulopathy of trauma
Choose the correct option.",c,0,True,c,1531,35.76996312662959,35.76996312662959,3,3,,28.495712280273438
71,medqa,"A 24-year-old woman gravida 2, para 1 at 24 weeks' gestation comes to the physician for a prenatal visit. She feels well. Her earlier pregnancy was uncomplicated. This is her 4th prenatal visit. She had an ultrasound scan 2 weeks ago that showed a live intrauterine pregnancy consistent with a 22-week gestation with no anomalies. She had a normal Pap smear 2 years ago. Vital signs are within normal limits. Pelvic examination shows a uterus consistent in size with a 24-week gestation. Her blood group and type is B positive. Which of the following is the most appropriate next step in management?
A. Oral glucose challenge test
B. Cardiotocography
C. Swab for GBS culture
D. Tdap vaccination
Choose the correct option.",a,0,True,a,766,18.12465998530388,18.12465998530388,3,3,,28.495712280273438
72,medqa,"A 67-year-old man presents with feelings of nervousness and anxiety. He mentions that lately, he has been feeling increasingly restless and is unable to control feelings of nervousness pertaining to all his daily tasks. He noticed that these feelings were more prominent in the last 2 months but have been present on and off for the last year. On many occasions, his mind will be racing with thoughts that keep him up at night. During these moments, he finds his heart racing and feels light-headed and dizzy to the point of blacking out. He has also been experiencing back and neck pain with increased muscle tension in these areas. The patient reports no smoking or alcohol use but mentions that he had tried cocaine and heroin in his 20s and 30s. Which of the following would be the best course of treatment for this patient’s symptoms?
A. Diazepam
B. Ramelteon
C. Buspirone
D. Alprazolam
Choose the correct option.",c,0,True,c,1791,41.87410091981292,41.87410091981292,3,3,,28.495712280273438
73,medqa,"A 45-year-old man arrives by ambulance to the emergency room after being involved in a very severe construction accident. The patient was found unconscious with a large metal spike protruding from his abdomen by a coworker who was unable to estimate the amount of time the patient went without medical aid. Upon arrival to the ER, the patient was unconscious and unresponsive. His vital signs are BP: 80/40, HR: 120 bpm, RR: 25 bpm, Temperature: 97.1 degrees, and SPO2: 99%.He is taken to the operating room to remove the foreign body and control the bleeding. Although both objectives were accomplished, the patient had an acute drop in his blood pressure during the surgery at which time ST elevations were noted in multiple leads. This resolved with adequate fluid resuscitation and numerous blood transfusions. The patient remained sedated after surgery and continued to have relatively stable vital signs until his third day in the intensive care unit, when he experiences an oxygen desaturation of 85% despite being on a respirator with 100% oxygen at 15 breaths/minute. On auscultation air entry is present bilaterally with the presence of crackles. A 2/6 systolic murmur is heard. Readings from a Swan-Ganz catheter display the following: central venous pressure (CVP): 4 mmHg, right ventricular pressure (RVP) 20/5 mmHg, pulmonary artery pressure (PAP): 20/5 mmHg. Pulmonary capillary wedge pressure (PCWP): 5 mm Hg. A chest x-ray is shown as Image A. The patient dies soon after this episode. What is the most likely direct cause of his death?
A. Diffuse alveolar damage
B. Ventricular septal defect
C. Myocardial free wall rupture
D. Myocardial reinfarction
Choose the correct option.",a,0,False,b,3348,78.76444339007139,78.76444339007139,3,3,,28.495712280273438
74,medqa,"A 43-year-old man with a history of hepatitis C and current intravenous drug use presents with 5 days of fever, chills, headache, and severe back pain. On physical exam, temperature is 100.6 deg F (38.1 deg C), blood pressure is 109/56 mmHg, pulse is 94/min, and respirations are 18/min. He is thin and diaphoretic with pinpoint pupils, poor dentition, and track marks on his arms and legs. A high-pitched systolic murmur is heard, loudest in the left sternal border and with inspiration. He is admitted to the hospital and started on broad-spectrum antibiotics. One of the blood cultures drawn 12 hours ago returns positive for Staphylococcus aureus. Which of the following is the most appropriate next step to confirm the diagnosis?
A. Repeat blood cultures now
B. Repeat blood cultures 24 hours after initial cultures were drawn
C. Repeat blood cultures 48 hours after initial cultures were drawn
D. Do not repeat blood cultures
Choose the correct option.",a,0,False,d,1524,35.91007140278816,35.91007140278816,3,3,,28.495712280273438
75,medqa,"A 34-year-old man presents to the emergency department complaining of headache, fever, chills, cough, shortness of breath, and chest pain for the past 4 days. He smokes 2 packs per day and drinks 2–3 beers every day. He denies any previous medical problems except for seasonal allergies for which he takes diphenhydramine on occasions. At the hospital, the vital signs include: temperature 40.0°C (104.0°F), blood pressure 140/80 mm Hg, heart rate 98/min, and respiratory rate 28/min. On physical exam, he is thin and poorly kept. His clothes appear dirty. Small scars are visible in the decubitus region of both arms. The lung sounds are equal with bilateral crackles, and heart auscultation reveals a systolic murmur that radiates to the left axilla. Petechiae are seen on the hard palate and palms of his hands. A chest X-ray and blood cultures are ordered. What is the most likely organism causing his symptoms?
A. Streptococci viridans
B. Staphylococcus aureus
C. Aspergillus fumigatus
D. Staphylococcus epidermidis
Choose the correct option.",b,0,True,b,745,17.5040401853621,17.5040401853621,3,3,,28.495712280273438
76,medqa,"A 52-year-old man presents to the physician with a 6-month history of shortness of breath and nonproductive cough. He was recently diagnosed with stage 3 embryonal carcinoma testicular cancer. Following an orchiectomy, he was placed on chemotherapy. Cardiopulmonary examination shows fine inspiratory crackles bilaterally. There is clubbing present in the fingers bilaterally. Pulmonary function tests (PFTs) show FVC is 78% of expected and FEV1/FVC ratio is 92%. A CT scan of the chest is shown. Which of the following drugs is responsible for the patient’s condition?
A. Bleomycin
B. Carboplatin
C. Cisplatin
D. Ifosfamide
Choose the correct option.",a,0,True,a,912,21.517522506415844,21.517522506415844,3,3,,28.495712280273438
77,medqa,"A 63-year-old man presents to the clinic for left calf pain when walking a distance of more than 200 m. He has had this pain for more than 8 months now, and he rates it as 7 out of 10. The pain subsides with rest. The patient has had a history of diabetes mellitus for the past 2 years which is well controlled. A percutaneous coronary intervention was performed in 2014. His current medications are insulin and aspirin. Family history is significant for coronary artery disease. He has an 80 pack-year history of smoking and currently smokes. He consumes 4 drinks per day of alcohol. On physical examination, his blood pressure is 144/89 mm Hg, the heart rate is 80/min and regular, the breathing rate is 25/min, and the pulse oximetry is 96%. Normal cardiac and lung sounds were heard on auscultation. Which of the following is the appropriate treatment to improve the patient’s symptoms?
A. Cilostazol
B. Femoral embolectomy
C. Femoral-to-popliteal bypass graft
D. Interventional endovascular treatment
Choose the correct option.",a,0,True,a,1277,29.951702140271664,29.951702140271664,3,3,,28.495712280273438
78,medqa,"A 56-year-old man comes to the physician because of a 1-day history of sudden severe pain in his right great toe. Four months ago, he had an episode of severe joint pain involving his left knee that lasted several days and resolved with over-the-counter analgesics. He has a history of hypertension treated with hydrochlorothiazide and nephrolithiasis. Examination shows erythema, swelling, warmth, and tenderness of the right metatarsophalangeal joint; range of movement is limited by pain. His serum uric acid is 12 mg/dL. Arthrocentesis yields cloudy fluid with a leukocyte count of 18,500/mm3 (80% segmented neutrophils). Polarized light microscopy of the synovial fluid is shown. Which of the following is the mechanism of action of the most appropriate long-term pharmacotherapy for this patient's condition?
A. Increased conversion of uric acid to allantoin
B. Inhibition of phospholipase A
C. Inhibition of xanthine oxidase
D. Increased renal excretion of urate
Choose the correct option.",c,0,True,c,1181,27.671701677143574,27.671701677143574,3,3,,28.495712280273438
79,medqa,"A 32-year-old male presents to the ED with acute-onset chest pain. His blood pressure is 157/90 mmHg and his his pulse is 116/min. He appears anxious and agitated and a careful exam reveals dilated pupils and a perforated nasal septum. An EKG reveals ST segment elevation so he is urgently taken for cardiac intervention. Upon review, this patient reveals that he has not had care from a physician since he graduated from college. In the interim he has been largely unemployed and admits that he has recently been homeless. When asked directly, the patient admits to alcohol and marijuana use but denies illicit drug use. Which of the following best describes the mechanism of action of the agent most likely responsible for this patient's presentation?
A. Blocking reuptake of dopamine and norepinephrine
B. Inhibiting breakdown of biogenic amines
C. Antagonizing the NMDA receptor
D. Inhibiting the GABA receptor
Choose the correct option.",a,0,True,a,1212,28.799161966890097,28.799161966890097,3,3,,28.495712280273438
80,medqa,"A 67-year-old man is brought to the emergency department with severe, crushing, retrosternal chest pain for the last 45 minutes. The pain radiates to his left shoulder and is associated with sweating. The past medical history is significant for hypercholesterolemia, for which he takes lovastatin. He smoked as a youth but quit at 40 years of age. On arrival at the emergency department, the vital signs were as follows: pulse 58/min, respiratory rate 22/min, and blood pressure 90/56 mm Hg. He is sweating profusely. The jugular venous pulse is visible 2.5 cm above the sternal angle. Auscultation reveals soft S1 and S2 heart sounds with an added S4 and bilateral inspiratory crackles at the lung bases. The electrocardiogram shows ST-elevations in leads V1 and V2. A diagnosis of an anteroseptal infarction is made. The patient was given aspirin on the way to the hospital. He is started on dopamine, morphine, nitroglycerin, and streptokinase. Which of the following would be the most concerning development over the next 24h this patient?
A. Hemoptysis
B. Easy fatigability
C. Persistent ST-segment elevation
D. Shortness of breath
Choose the correct option.",a,0,False,c,3994,93.96954683959484,93.96954683959484,3,3,,28.495712280273438
81,medqa,"A 52-year-old man presents to the physician because of ongoing shortness of breath, which is more prominent when he lies down. Occasionally, he experiences palpitations, especially during strenuous activities. In addition to this, he has been experiencing difficulty in digestion and often experiences regurgitation and dysphagia. He reports that he emigrated from Mexico 20 years ago and visits his hometown twice a year. The vital signs include: blood pressure 120/75 mm Hg, respiratory rate 19/min, and pulse 100/min. The physical examination shows jugular vein distention along with pitting edema in the ankles. Bilateral basilar crackles and an S3 gallop are heard on auscultation of the chest. A chest X-ray is taken. An electrocardiogram (ECG) shows no significant findings. What is the most likely explanation for this patient’s physical and diagnostic findings?
A. Alcohol abuse
B. Hypertensive changes
C. Parasitic infection
D. Bacterial infection
Choose the correct option.",c,0,True,c,1474,34.83320528268814,34.83320528268814,3,3,,28.495712280273438
82,medqa,"A 27-year-old HIV positive female gave birth to a 7lb 2oz (3.2 kg) baby girl. The obstetrician is worried that the child may have been infected due to the mother's haphazard use of her anti-retroviral medications. Which of the following assays would a hospital use detect the genetic material of HIV if the child had been infected?
A. Enzyme-linked immunosorbent assay (ELISA)
B. Rapid HIV antibody test
C. Polymerase chain reaction
D. Southern blot
Choose the correct option.",c,0,True,c,764,17.964983861893415,17.964983861893415,3,3,,28.495712280273438
83,medqa,"A 32-year-old man jumps off a 3 story building during a suicide attempt. Paramedics arrive quickly, and he is taken to the hospital where several stable lumbar fractures and a shattered right calcaneus are found. He undergoes surgery and his calcaneus is repaired with 11 screws. Which of the following statements best describes the long term post-surgery outcome in this patient?
A. He will not be able to plantar flex his foot.
B. He will not be able to point his toe.
C. He will have pain with inversion and eversion of his foot.
D. He will have pain while dorsiflexing his foot.
Choose the correct option.",c,0,True,c,1613,38.00915574282408,38.00915574282408,3,3,,28.495712280273438
84,medqa,"A stillborn infant is delivered at 38 weeks' gestation to a 32-year-old woman. The mother had no prenatal care. Examination of the stillborn shows a small pelvis, shallow intergluteal cleft, and club feet. An x-ray shows the absence of the sacrum and lumbar vertebrae. Which of the following is the strongest predisposing factor for this patient's condition?
A. Maternal oligohydramnios
B. Intrauterine alcohol exposure
C. Maternal diabetes
D. Chromosome 18 trisomy
Choose the correct option.",c,0,True,c,1093,25.76379918307066,25.76379918307066,3,3,,28.495712280273438
85,medqa,"A 33-year-old man presents to the infectious diseases clinic for follow-up. He was recently admitted to the hospital with fever, shortness of breath, and cough, and was found to have Pneumocystic jirovecii pneumonia and a new diagnosis of HIV. His CD4 count is 175, viral load is pending. As part of routine laboratory studies given his new diagnosis, an RPR was found to be positive with a titer of 1:64, and this is confirmed with a positive FTA-ABS. He is unsure when or how he acquired HIV or syphilis. His neurological examination is normal, and he has no symptoms. Which of the following is the most appropriate next step in management:
A. Perform lumbar puncture, treat based on presence or absence of CNS disease
B. Treat with three weekly injections of penicillin, obtain titers in 3 months
C. Treat with three weekly injections of penicillin, obtain titers in 6 months
D. Treat with a single injection of penicillin, obtain titers in 6 months
Choose the correct option.",c,0,False,b,3522,82.50797053799033,82.50797053799033,3,3,,28.495712280273438
86,medqa,"A 57-year-old woman comes to the physician because of a 3-month history of fatigue. She also reports generalized itchiness that started approximately 2 months ago. Two weeks ago, she noticed yellowing of her eyes. She does not smoke or drink alcohol. She uses eyedrops for persistent dryness of the eyes. Her vital signs are within normal limits. Physical examination shows jaundice of the conjunctivae and skin. The mucous membranes of the mouth are dry. The abdomen is soft. The liver edge is palpable 3 cm below the right costal margin. There are generalized skin excoriations. Laboratory studies show:
Hemoglobin 15 g/dL
Leukocyte count 7,700/mm3
Platelet count 332,000/mm3
Serum
Glucose 122 mg/dL
Total bilirubin 3.1 mg/dL
Direct 2.5 mg/dL
Alkaline phosphatase 452 U/L
AST 155 U/L
ALT 168 U/L
Hepatitis B surface antigen negative
Hepatitis B core IgM antibody negative
Hepatitis B surface antibody positive
Hepatitis C antibody negative
Ultrasonography of the abdomen shows mildly increased echogenicity of the liver. Which of the following additional findings is most likely to be found in this patient?""
A. Inferior vena cava thrombosis
B. Cutaneous xanthomas
C. Increased CA 19-9 levels
D. Kayser-Fleischer rings
""
Choose the correct option.",b,0,True,b,3369,79.15118249505758,79.15118249505758,3,3,,28.495712280273438
87,medqa,"A 40-year-old man comes to the physician because of shortness of breath, double vision, and fatigue for the past 4 weeks. He has no history of serious medical illness and takes no medications. Physical examination shows drooping of the eyelids bilaterally. He is unable to hold his arms up for longer than 3 minutes. A CT scan of the chest shows an anterior mediastinal mass with smooth contours. A photomicrograph of a specimen from the mass is shown. Which of the following immunologic processes normally occurs in the region indicated by the arrow?
A. B-cell maturation
B. V(D)J recombination
C. Thymocyte formation
D. Negative selection
Choose the correct option.",d,0,True,d,2332,54.790611673146486,54.790611673146486,3,3,,28.495712280273438
88,medqa,"A 69-year-old gentleman presents to his primary care physician for pain in his right shoulder. The patient was helping his son move this past weekend, and he noticed after the move that he had pain and weakness in his right shoulder. The patient thought that this pain was just him being in poor shape so he started going to the gym and lifting weights which made his symptoms significantly worse. The patient has a past medical history of diabetes, obesity, and asthma. His current medications include albuterol, lisinopril, metformin, and glipizide. On physical exam you note an obese gentleman who seems to be in pain. You note prominent weakness of external rotation of his right upper extremity. When you ask the patient to slowly lower his right arm to his side when he holds it overhead, you note that he suddenly drops his arm and appears to be in pain. The patient's strength is 1/5 for abduction of the right arm. Which of the following is most likely injured in this patient?
A. Supraspinatus
B. Infraspinatus
C. Teres minor
D. Deltoid
Choose the correct option.",a,0,True,a,629,14.838056672364473,14.838056672364473,3,3,,28.495712280273438
89,medqa,"A 17-year-old female is brought to the emergency room by her father because she has been experiencing shortness of breath and chest pain. She says that the chest pain is worse when she breathes or coughs. Furthermore, on the way to the hospital she noticed that there were specks of blood on a tissue that she coughed into. She has no previous medical history and does not recall anything that could have provoked these symptoms. On presentation her temperature is 99°F (37.2°C), blood pressure is 107/65 mmHg, pulse is 102/min, respirations are 21/min, and O2 saturation is 91% on room air. Further testing shows a large filling defect in the pulmonary vessels, and the patient is started on an appropriate treatment intravenously. After drug administration, the effects of the drug are monitored using a standard blood test. Surprisingly, the test results come back within normal parameters. The most likely underlying cause of this patient's symptoms has which of the following modes of inheritance?
A. Autosomal dominant
B. Autosomal partial dominance
C. X-linked dominant
D. X-linked recessive
Choose the correct option.",a,0,True,a,3017,70.6269863769412,70.6269863769412,3,3,,28.495712280273438
90,medqa,"A 61-year-old nulliparous woman comes to the physician for a follow-up examination. Her last Pap smear 3 years ago showed atypical squamous cells of undetermined significance. HPV testing was negative at that time. On questioning, she has had fatigue and an increase in abdominal girth despite a 5-kg (11.0-lb) weight loss over the past 6 months. She has gastroesophageal reflux disease and Hashimoto's thyroiditis. Menarche was at the age of 10 years and her last menstrual period was 2 years ago. Current medications include omeprazole and levothyroxine. Abdominal examination shows shifting dullness. There is tenderness to palpation of the right lower quadrant but no guarding or rebound. Bimanual palpation shows a small uterus and a right adnexal mass. Further evaluation of this patient is most likely to show which of the following findings?
A. Elevated serum CA-125 level
B. Elevated serum beta-hCG level
C. Prolonged prothrombin time
D. Cervical dysplasia on Pap smear
Choose the correct option.",a,0,True,a,1479,34.72028512880206,34.72028512880206,3,3,,28.495712280273438
91,medqa,"A group of researchers wants to evaluate how often the human immunodeficiency virus (HIV) is related to high-risk behaviors in female sex workers from their country. An additional aim is to evaluate the association between HIV acquisition and certain sociodemographic factors. The researchers collect data through interviewer-administered questionnaires (for behavioral and sociodemographic data) as well as through clinical and serological evaluation/screening methods for HIV and other sexually transmitted infections. Which of the following could be the main outcome measure of their study?
A. Incidence
B. Prevalence
C. Hazard rate
D. Attributable risk
Choose the correct option.",b,0,True,b,3676,85.83877942338586,85.83877942338586,3,3,,28.495712280273438
92,medqa,"A 25-year-old girl is brought to the emergency room after a suicide attempt. Her mother states that she found a large empty pill bottle next to her. The patient is conscious and tearful. She is currently complaining of severe abdominal pain but refuses to give any other history. She has a blood pressure of 135/86, respiratory rate of 18/min, and heart rate of 86/min. On examination, her abdomen is exquisitely tender with evidence of crepitus in the epigastric region. Abdominal CT reveals a gastric perforation. Which of the following is the most likely cause?
A. Decreased production of PGE2
B. Buildup of a toxic metabolite due to kidney disease
C. Increased stimulation of the vagus nerve
D. Hypovolemia
Choose the correct option.",a,0,True,a,1504,35.143466394394636,35.143466394394636,3,3,,28.495712280273438
93,medqa,"Two hours following an elective cholecystectomy, a 43-year-old woman has fever and chills. The patient received cephalexin for antibiotic prophylaxis and one unit of packed red blood cells during the procedure. She underwent a hysterectomy 9 years ago for leiomyomata uteri. She has a 5-year history of hypertension treated with lisinopril. Her temperature is 39.5°C (102.3°F), pulse is 90/min, respirations are 18/min, and blood pressure is 125/90 mm Hg. Examination shows a mildly tender abdominal wound without erythema. The lungs are clear to auscultation. Cardiac examination shows no abnormalities. She had a Foley catheter and peripheral line access placed at the time of the procedure. Which of the following is the most likely cause of this patient's symptoms?
A. Adverse effect of medication
B. Malignant hyperthermia
C. Urinary tract infection
D. Transfusion reaction
Choose the correct option.",d,0,True,d,2060,48.513150315731764,48.513150315731764,3,3,,28.495712280273438
94,medqa,"A 6-year-old boy is brought to the emergency department by his mother for worsening wheezing and shortness of breath over the past day. He has not had a fever, cough, vomiting, or diarrhea. He has asthma and eczema. He uses a glucocorticoid inhaler and an albuterol inhaler but has missed his medications for the past week while on vacation. He appears uncomfortable. His temperature is 36°C (96.8°F), pulse is 120/min, respirations are 40/min, and blood pressure is 100/80. Expiratory and inspiratory wheezing is heard throughout both lung fields. There are moderate intercostal and subcostal retractions and a decreased inspiratory to expiratory ratio. Nebulized albuterol and ipratropium treatments and intravenous methylprednisolone are given in the emergency department for a presumed asthma exacerbation. One hour later, the child is limp and lethargic. Magnesium sulfate is administered. His temperature is 36°C (96.8°F), pulse is 150/min, respirations are 22/min, and blood pressure is 100/70. No wheezing is heard on repeat pulmonary examination. Which of the following is the most appropriate next step in management?
A. Intubate with mechanical ventilation
B. Perform needle thoracostomy at the 2nd intercostal space
C. Perform bronchoscopy
D. Provide additional dose of methylprednisolone
Choose the correct option.",a,0,True,a,1275,30.132926374673843,30.132926374673843,3,3,,28.495712280273438
95,medqa,"A 26-year-old female complains of frequent, large volume urination. This negatively affects her sleep, as she has to frequently wake up at night to urinate. She also complains of increased thirst. Her past medical history is significant for bipolar disorder that is treated with lithium for 3 years. Serum osmolality is 425 mOsm/kg, and urine osmolality is 176 mOsm/kg. Which of the following best explains this patient’s serum and urine osmolality?
A. Hypothalamic over-production of antidiuretic hormone (ADH)
B. Decreased production of ADH
C. ADH resistance in the renal collecting ducts
D. Increased sodium reabsorption and potassium excretion
Choose the correct option.",c,0,True,c,1506,35.42100999504328,35.42100999504328,3,3,,28.495712280273438
96,medqa,"A 55-year-old man presents to the emergency department with a headache. He states that this is the worst headache he has ever had and that his symptoms have not been improving. The patient complains of pain in his jaw that is worse when he chews. He has a past medical history of insomnia and is currently taking alprazolam. His temperature is 98.2°F (36.8°C), blood pressure is 157/98 mmHg, pulse is 90/min, respirations are 15/min, and oxygen saturation is 98% on room air. Physical exam is notable for tenderness over the patient's scalp, jaw, and temporal area. Which of the following is the best next step in management?
A. CT head
B. Ibuprofen
C. IV steroids
D. Lumbar puncture
Choose the correct option.",c,0,False,a,2253,52.83952936902642,52.83952936902642,3,3,,28.495712280273438
97,medqa,"A 60-year-old woman is brought to the clinic by her daughter for evaluation. The daughter reports that her mother has recently been having difficulty combing her hair in the mornings. The patient’s family history is significant for an ischemic stroke in her father. The patient’s past medical history is positive for diverticulosis. She takes no medication. Her blood pressure is 120/70 mm Hg, heart rate is 75/min, respiratory rate is 14/min, and temperature is 37.6°C (99.7°F). On physical examination, the patient’s neck is stiff and she also has bilateral shoulder tenderness; muscle strength is intact. Laboratory work is performed and presented below:
Hemoglobin 12.9 g/dL
Hematocrit 37.7% 
Leukocyte count 5,500/mm3
Neutrophils 65%
Lymphocytes 30%
Monocytes 5%
Mean corpuscular volume 82.2 μm3
Platelet count 190,000/mm3
Erythrocyte sedimentation rate 65 mm/h
C-reactive protein 44 mg/dL
For which of the symptoms below should the patient be screened?
A. Jaw claudication
B. Heliotrope rash
C. Gastroesophageal reflux
D. Pink plaques with silvery scales
Choose the correct option.",a,0,True,a,1535,36.42869999632239,36.42869999632239,3,3,,28.495712280273438
98,medqa,"A 48-year-old woman comes to the physician because of a 7-day history of progressively worsening shortness of breath. She has a history of asthma and has frequent exacerbations despite receiving maximal medical therapy. Physical examination shows scattered expiratory wheezing. Laboratory studies show a leukocyte count of 9,800/mm3 (13% eosinophils) and elevated serum concentration of immunoglobulin E. An x-ray of the chest shows thickened bronchial walls and perihilar opacities. Sputum culture shows scattered septate hyphae that branch at 45 degrees. Which of the following is most likely to be increased in this patient?
A. IL-28
B. TGF-β
C. IFN-α
D. IL-4
Choose the correct option.",d,0,True,d,631,14.906483214348555,14.906483214348555,3,3,,28.495712280273438
99,medqa,"An 81-year-old man patient recently moved into an assisted living facility and presents today with itchy blisters in his axilla. He attributes these to a poor diet. He also complains that the nurse practitioner at the facility started him on 4 new medications, in addition to his existing prescriptions. On physical examination, tense axillary bullae are noted that do not rupture with light, gloved touch. On direct immunofluorescence, linear C3 and IgG deposits are seen along the basement membrane. Which of the following is the most likely diagnosis?
A. Staphylococcal scalded skin syndrome
B. Bullous pemphigoid
C. Pemphigus vulgaris
D. Cicatricial pemphigoid
Choose the correct option.",b,0,True,b,555,13.117017518728971,13.117017518728971,3,3,,28.495712280273438
0,medqa,"A 34-year-old man comes to the physician because of a 3-week history of colicky abdominal pain and diarrhea. He has bowel movements 10–12 times daily; the stool contains blood and mucus. He constantly has the urge to defecate. His vital signs are within normal limits. Examination of the abdomen shows diffuse tenderness to palpation. Serum concentration of C-reactive protein is 20 mg/L (N<10). Colonoscopy shows a bleeding, ulcerated rectal mucosa with several pseudopolyps. Which of the following is this patient at greatest risk of developing?
A. Hemolytic uremic syndrome
B. Oral ulcers
C. Colorectal cancer
D. Pancreatic cancer
Choose the correct option.",c,5,True,c,1592,37.98467958718538,37.98467958718538,18,3,,34.11862277984619
1,medqa,"A 38-year-old woman presents to her primary care physician for her yearly exam. Her only complaint is difficulty losing weight. Her BMI is 34 kg/m^2. In addition to a standard physical exam, the physician orders a glucose tolerance test. The woman's fasting blood glucose level is 120 mg/dL and two-hour post 75g glucose load blood glucose level is 190 mg/dL. The physician informs the patient that she is ""pre-diabetic"" or at risk of developing diabetes and recommends lifestyle modification with follow-up in 6 months. Which of the following endogenous signaling molecules or receptors will increase insulin sensitivity in this patient?
A. Catecholamines
B. Glucagon
C. Glucocorticoids
D. Peroxisome proliferator-activated receptor gamma
Choose the correct option.",d,5,True,d,686,16.513989321887493,16.513989321887493,18,3,,34.11862277984619
2,medqa,"A 33-year-old man presents to the emergency department after a motor vehicle collision. He was the front seat unrestrained driver in a head-on collision. The patient has a Glasgow Coma Scale of 5 and is subsequently intubated. Physical exam is notable for subcutaneous emphysema in the clavicular area. Needle decompression and chest tube placement are performed, and the patient is stabilized after receiving 2 units of blood and 2 liters of fluid. Chest radiography demonstrates proper tube location and resolution of the pneumothorax. The patient is transferred to the trauma intensive care unit. On the unit, a repeat chest radiograph is notable for a recurrent pneumothorax with the chest tube in place. Which of the following is the most likely diagnosis?
A. Inappropriate chest tube placement
B. Spontaneous pneumothorax
C. Tension pneumothorax
D. Tracheobronchial rupture
Choose the correct option.",d,5,True,d,461,11.280578166246414,11.280578166246414,18,3,,34.11862277984619
3,medqa,"A 45-year-old mechanic presents to the emergency department complaining of acute-onset shortness of breath while repairing a plowing tractor for his neighbor. The patient denies having any history of asthma or respiratory symptoms, and does not smoke. His temperature is 99.8°F (37.7°C), pulse is 65/min, blood pressure is 126/86 mmHg, and respirations are 20/min. His oxygen saturation is 97%. On exam, he is pale and diaphoretic. His pupils are contracted. Diffuse wheezes are noted in all lung fields. What is the best treatment for his condition?
A. Succinylcholine
B. Inhaled ipratropium and oxygen
C. Atropine and pralidoxime
D. Inhaled albuterol and oxygen
Choose the correct option.",c,5,True,c,585,14.158859368413687,14.158859368413687,18,3,,34.11862277984619
4,medqa,"A 64-year-old man comes to the physician with a 1-week history of sore mouth. He says that swallowing is not painful. He has had asthma for more than 20 years. His only medication is a high-dose combination salmeterol/fluticasone inhaler. His temperature is 37.1°C (98.8°F), pulse is 74/min, respirations are 14/min, and blood pressure is 125/65 mm Hg. A photograph of his oral mucosa is shown. Indirect mirror examination of the posterior oropharynx, larynx, and hypopharynx shows no abnormalities. Which of the following is the most appropriate next step in management?
A. Fluconazole
B. Isotretinoin
C. Nystatin
D. Penicillin V
Choose the correct option.",c,5,True,c,1046,25.030476339161396,25.030476339161396,18,3,,34.11862277984619
5,medqa,"A 62-year-old man presents with episodes of palpitations for the past 3 weeks. He says that he has episodes where he feels his heart is ‘racing and pounding’, lasting 1–2 hours on average. Initially, he says the episodes would happen 1–2 times per week but now happen almost every day. This last episode has been constant for the past 2 days. He denies any seizure, loss of consciousness, dizziness, chest pain, or similar symptoms in the past. His past medical history is significant for an ischemic stroke of the right anterior cerebral artery 1 month ago, status post intravenous (IV) tissue plasminogen activator (tPA) with still some residual neurologic impairment, and long-standing gastroesophageal reflux secondary to a hiatal hernia, managed medically. The patient reports a 15-pack-year smoking history, but no alcohol or recreational drug use. The vital signs include: temperature 37.0°C (98.6°F), blood pressure 100/70 mm Hg, pulse 105/min, and respiratory rate 16/min. On physical examination, muscle strength in the lower extremities is 4/5 on the left and 5/5 on the right, along with sensory loss on the left, all of which is improved from his previous exam 3 weeks ago. There is a loss of the left half of the visual field bilaterally which is stable from the previous exam. Cardiac examination is significant for a new-onset irregular rate and rhythm. No rubs, thrills or murmurs. A noncontrast computed tomography (CT) scan shows evidence of an area of infarction in the vicinity of the right anterior cerebral artery showing normal interval change with no evidence of new hemorrhage or expansion of the area of infarction. An electrocardiogram (ECG) is performed, which is shown in the exhibit (see image below). Which of the following is the most appropriate intervention to best prevent future cerebrovascular accidents (CVAs) in this patient?
A. Begin aspirin therapy
B. Begin clopidogrel
C. Carotid endarterectomy
D. Begin warfarin and heparin
Choose the correct option.",d,5,True,d,923,22.28041223809123,22.28041223809123,18,3,,34.11862277984619
6,medqa,"An investigator is studying cellular regeneration of epithelial cells. She has obtained a tissue sample from a normal thyroid gland for histopathologic examination. It shows follicles lined by a single layer of cube-like cells with large central nuclei. Which of the following parts of the female reproductive tract is also lined by this type of epithelium?
A. Ovaries
B. Vagina
C. Fallopian tubes
D. Vulva
Choose the correct option.",a,5,True,a,648,15.687203839421272,15.687203839421272,18,3,,34.11862277984619
7,medqa,"A 4-year-old girl is brought to the emergency department with a persistent cough, fever, and vomiting. The past year the child has been admitted to the hospital 3 times with pneumonia. For the past 1 week, the child has been experiencing thick purulent cough and says that her chest feels ‘heavy’. Her stools have been loose and foul-smelling over the past week. Her parents are also concerned that she has not gained much weight due to her frequent hospital visits. She was born at 39 weeks gestation via spontaneous vaginal delivery and is up to date on all vaccines and is meeting all developmental milestones. On physical exam, the temperature is 39.1°C (102.4°F). She appears lethargic and uncomfortable. Crackles are heard in the lower lung bases, with dullness to percussion. A small nasal polyp is also present on inspection. Which of the following is the most likely cause for the girl’s symptoms?
A. Dysfunction in a transmembrane regulator
B. Inefficient breakdown of leucine, isoleucine, and valine
C. Dysfunction in the motility of respiratory cilia
D. Deficiency in lymphocytic activity
Choose the correct option.",a,5,True,a,859,20.61453126370907,20.61453126370907,18,3,,34.11862277984619
8,medqa,"A 70-year-old woman is brought to the emergency department for the evaluation of abdominal pain, nausea, and vomiting for 1 day. Computed tomography shows a small bowel perforation. The patient is prepared for emergent exploratory laparotomy. She is sedated with midazolam, induced with propofol, intubated, and maintained on nitrous oxide and isoflurane for the duration of the surgery. A single perforation in the terminal ileum is diagnosed intraoperatively and successfully repaired. The patient is transferred to the intensive care unit. The ventilator is set at an FiO2 of 50%, tidal volume of 1000 mL, respiratory rate of 12/min, and positive end-expiratory pressure of 2.5 cm H2O. Her temperature is 37.3°C (99.1°F), pulse is 76/min, and blood pressure is 111/50 mm Hg. She is responsive to painful stimuli. Lung examination shows bilateral rales. Abdominal examination shows a distended abdomen and intact abdominal surgical incisions. The remainder of the physical examination shows no abnormalities. Arterial blood gas analysis shows:
pH 7.44
pO2 54 mm Hg
pCO2 31 mm Hg
HCO3- 22 mm Hg
Which of the following is the best next step in the management of this patient?""
A. Increase the FiO2
B. Increase the tidal volume
C. Increase PEEP
D. Increase the respiratory rate
Choose the correct option.",c,5,True,c,1779,42.135677754879,42.135677754879,18,3,,34.11862277984619
9,medqa,"A 47-year-old man with a history of HIV1 infection presents to his HIV clinic to discuss his antiretroviral medications. He is interested in including maraviroc in his maintenance regimen after seeing advertisements about the medication. On exam, his temperature is 98.8°F (37.1°C), blood pressure is 116/74 mmHg, pulse is 64/min, and respirations are 12/min. His viral load is undetectable on his current regimen, and his blood count, electrolytes, and liver function tests have all been within normal limits. In order to consider maraviroc for therapy, a tropism assay needs to be performed. Which of the following receptors is affected by the use of maraviroc?
A. gp120
B. gp160
C. p24
D. Reverse transcriptase
Choose the correct option.",a,5,True,a,2083,49.137912165373564,49.137912165373564,18,3,,34.11862277984619
10,medqa,"A 23-year-old woman comes to the physician because of a 2-month history of episodic headaches associated with dizziness, nausea, and vomiting. Over-the-counter pain medications have failed to reduce her symptoms. An MRI of the brain shows isolated dilation of the left lateral ventricle. This dilatation is most likely caused by blockade of which of the following structures?
A. Arachnoid villi
B. Interventricular foramen
C. Median aperture
D. Lateral apertures
Choose the correct option.",b,5,True,b,468,11.356303080916405,11.356303080916405,18,3,,34.11862277984619
11,medqa,"A 65-year-old man comes to the physician because of progressively worsening fatigue for 6 months. During this time, he has also had shortness of breath and palpitations on exertion. He has noticed blood in his stools on three separate occasions in the past 4 months. He has type 2 diabetes mellitus and end-stage renal disease. He drinks two to four beers daily. He does not smoke. His pulse is 95/min and blood pressure is 120/70 mm Hg. Examination shows pale conjunctivae. The abdomen is soft with no organomegaly. Rectal examination is unremarkable. His hemoglobin concentration is 7.2 g/dL, hematocrit is 32%, and mean corpuscular volume is 68 μm3. Which of the following is the most likely underlying cause of this patient's bleeding?
A. Inflammation in an outpouching of the colonic wall
B. Symptomatic enlargement of hemorrhoidal plexus
C. Chronic mucosal and submucosal inflammation of the colon
D. Arteriovenous malformation in the colonic wall
Choose the correct option.",d,5,True,d,665,16.004475563764572,16.004475563764572,18,3,,34.11862277984619
12,medqa,"An 11-month-old boy is brought to the physician for a well-child examination. He is growing along with the 75th percentile and meeting all milestones. Physical examination shows a poorly rugated scrotum. The palpation of the scrotum shows only 1 testicle. A 2nd testicle is palpated in the inguinal canal. The examination of the penis shows a normal urethral meatus. The remainder of the physical examination shows no abnormalities. Which of the following is the most appropriate next step in management?
A. Chorionic gonadotropin therapy
B. Exploratory laparoscopy
C. Orchiectomy
D. Orchiopexy
Choose the correct option.",d,5,True,d,632,15.254989702254534,15.254989702254534,18,3,,34.11862277984619
13,medqa,"A 24-year-old woman presents to her primary care physician for a wellness visit. She says that she has been generally healthy but has noticed difficulty concentrating, becoming increasingly fatigued, and a 15-pound weight increase over the course of a few months. She also reports mild constipation and joint pain. Approximately 6-months ago, she experienced palpitations, increased stool frequency, and a hand tremor. Her past medical history is significant for asthma. Her father is not living and had Parkinson disease, and her mother has poorly controlled rheumatoid arthritis. She is currently sexually active in a monogamous relationship and uses contraception consistently. She denies cigarette smoking and occasionally drinks wine. She experimented once with lysergic acid diethylamide 6 years ago. Her temperature is 99°F (37.2°C), blood pressure is 127/98 mmHg, pulse is 55/min, and respirations are 13/min. On physical exam, the patient has slow speech and movement. She has tenderness to palpation of her wrist and ankle joints. She has delayed relaxation of deep tendon reflexes. Which of the following will most likely be found in this patient?
A. Elevated TSH
B. High Patient Health Questionnaire-9 (PHQ-9) score
C. Positive anti-CCP antibodies
D. Positive urine toxicology
Choose the correct option.",a,5,True,a,699,16.829253915697336,16.829253915697336,18,3,,34.11862277984619
14,medqa,"A 16-year-old boy is rushed to the emergency room with acute vomiting and abdominal pain that began earlier today. His parents say that the boy was doing well until two days ago when he told them that he was feeling unwell. He has diabetes and takes insulin but stopped taking it when he began to feel poorly two days ago. His temperature is 37°C (98.6°F), respirations are shallow and rapid with a rate of 33/min, pulse is 107/min, and blood pressure is 101/68 mm Hg. He appears severely dehydrated, showing signs of fatigue, and poor skin turgor. His breath has a fruity smell to it. His blood glucose level is 691 mg/dL. Blood is drawn for labs and the results are given below:
Serum:  
  pH: 7.21
  pCO2: 32 mm HG
  HCO 3-: 15.2 mEq/L
Sodium: 122 mEq/L
Potassium: 5.8 mEq/L
Urinalysis is positive for ketone bodies. What is the most appropriate immediate step in the management of this patient?
A. Administer IV fluids and insulin
B. Administer IV antibiotics
C. Administer IV fluids with oral antidiabetic medications
D. Administer potassium and magnesium
Choose the correct option.",a,5,True,a,434,10.730305328965187,10.730305328965187,18,3,,34.11862277984619
15,medqa,"A 22-year-old woman comes to the physician for the evaluation of irregular menstrual bleeding. Menses have occurred at 45- to 90-day intervals since menarche at the age of 15 years. Her last menstrual period was 5 weeks ago. The patient reports that she was too embarrassed to discuss this issue with anyone until now. Over the past two years, she was unable to become pregnant despite having unprotected sexual intercourse with her husband on a regular basis. There is no personal or family history of serious illness. She is 170 cm (5 ft 7 in) tall and weighs 85 kg (187 lb); BMI is 29.4 kg/m2. Her vital signs are within normal limits. Examination shows oily skin and severe facial acne. There is abnormal pigmented hair on the upper lip and around both nipples. The patient wishes to have children. In addition to recommending lifestyle modifications, which of the following is the most appropriate step in management?
A. In vitro fertilization with patient's egg
B. Progesterone therapy
C. Clomiphene therapy
D. Leuprolide therapy
Choose the correct option.",c,5,True,c,311,7.807065811008215,7.807065811008215,18,3,,34.11862277984619
16,medqa,"A 61-year-old man presents to the clinic with complaints of excessive thirst, frequent urination, and partial visual loss in both eyes for 1 day. His family history is significant for type 2 diabetes mellitus in his mother and cousin. His weight is 112 kg ( 246.9 lb), height 187 cm (6 ft 1 in), blood pressure: 150/90 mm Hg, heart rate: 89/min, respiratory rate: 14/min, and temperature: 36.7℃ (98.4℉). The physical examination is significant for dry skin, a pustular rash over the patient’s shoulders and back, an accentuated second heart sound (S2) best heard in the second intercostal space at the right sternal border, and distal loss of vibration sensitivity in both feet. A fundoscopic examination shows small red dots in the superficial retinal layers suggestive of microaneurysms. The HbA1c is 9% and the urinalysis shows the following:
Color Pale yellow (light/pale-to-dark/deep amber)
Clarity Cloudy
pH 6.6
Specific gravity 1.010
Glucose 199 mg/dl
Ketones None
Nitrites Negative
Leukocyte esterase Negative
Bilirubin Negative
Urinary bilirubin Traces
Red blood cells 3 RBCs
Protein 120 mg/d
RBCs ≤ 2 RBCs/hpf
WBCs 22 WBCs/hpf
Epithelial cells 27 squamous epithelial cells/hpf
Casts 5 hyaline casts/lpf
Crystals Occasional
Bacteria None
Yeast Present
Which of the following statements best describes the cause of this patient’s glucosuria?
A. There is a disruption of primary active transport of glucose in the proximal renal tubules
B. Secondary active transporters fail to completely reabsorb glucose in the renal tubules
C. There is a disruption of passive transport of the glucose in the proximal renal tubules
D. Glucosuria results from increased glomerular filtration rate
Choose the correct option.",b,5,True,b,634,15.435443252325058,15.435443252325058,18,3,,34.11862277984619
17,medqa,"A 61-year-old woman presents to an outpatient clinic with fatigue and mild neck pain for a month. She adds that she is having difficulty swallowing. She denies trouble with her breathing but endorses 5–10 lb of unintentional weight loss over the past few months. On physical exam, the patient’s fingernails appear flat and mild conjunctival pallor is noted. An upper barium esophagram shows an upper esophageal web. A complete blood count reveals:
Hb% 10 gm/dL
Total count (WBC) 11,000 /mm3
Differential count:
Neutrophile 70%
Lymphocytes 25%
Monocytes 5%
ESR 10 mm/hr
What is the most likely diagnosis?
A. Plummer-Vinson syndrome
B. Esophageal squamous cell carcinoma
C. Zenker’s diverticulum
D. Achalasia
Choose the correct option.",a,5,True,a,432,10.572034507989883,10.572034507989883,18,3,,34.11862277984619
18,medqa,"A 28-year-old woman with no significant past medical history presents to her primary care physician with increased menstrual bleeding over the past three months. She also notes easy bruising and bleeding from her gums when brushing her teeth. She is sexually active with multiple partners and has no history of intravenous drug use. Physical exam is remarkable for petechiae and scattered ecchymoses on the patient's bilateral upper and lower extremities. Urine beta-HCG is negative. Laboratory results are as follows: Hgb 13.0 g/dL, WBCs 6,000/mL, platelets 95,000/mL, PT 13.2s, aPTT 30s. Peripheral blood smear shows normocytic, normochromic red blood cells and few platelets with no morphologic abnormalities. Which diagnostic study should be performed next?
A. Serum factor VIII levels and von Willebrand factor activity
B. Measurement of ADAMTS13 activity
C. HIV and HCV testing
D. Bone marrow aspiration
Choose the correct option.",c,5,False,a,2542,60.20703550800681,60.20703550800681,18,3,,34.11862277984619
19,medqa,"A 55-year-old man with a history of chronic glomerulonephritis due to IgA nephropathy presents to your office with bone pain. Which of the following laboratory findings would you most expect upon analysis of this patient's serum?
A. Increased PTH, decreased calcium, increased phosphate, decreased calcitriol
B. Decreased PTH, increased calcium, increased phosphate, increased calcitriol
C. Decreased PTH, decreased calcium, increased phosphate, decreased calcitriol
D. Normal PTH, normal calcium, normal phosphate, normal calcitriol
Choose the correct option.",a,5,True,a,884,21.120220616459846,21.120220616459846,18,3,,34.11862277984619
20,medqa,"A 50-year-old man presents to his primary care doctor following an inguinal hernia repair. The patient reports no pain in his lower abdomen or groin, no constipation, and states that he enjoys his usual diet. He denies any use of alcohol, tobacco, or illicit drugs. He has returned to work as a cruise ship attendant. Preoperative workup included chest radiography which demonstrated an opacification in his right middle lobe. The patient agrees to undergo computed tomography (CT) of his chest without contrast for further evaluation. The radiologist reports an 8 mm nodule in the patient's peripheral right middle lobe that has regular margins and appears calcified. One year later, the patient obtains another chest CT without contrast that reports the nodule size as 10 mm with similar characteristics. What is the most appropriate next step in management?
A. CT chest without contrast in 24 months
B. Positive emission tomography (PET) of chest now
C. Right middle lobectomy now
D. Bronchoscopy-guided biopsy now
Choose the correct option.",b,5,False,a,694,16.766371555626392,16.766371555626392,18,3,,34.11862277984619
21,medqa,"An 8-year-old boy is brought to the physician by his parents for short stature. Neither his clothing nor his shoe size have changed over the past year. He also frequently bumps into obstacles such as furniture and has headaches at night. He is always thirsty for cold water and has been urinating more frequently. Three years ago, he had an asthma attack that was treated with albuterol and a one-week course of steroids. His mother has Hashimoto's thyroiditis and had precocious puberty. His mother's height is 147 cm (4 ft 10 in) and his father's height is 160 cm (5 ft 3 in). He is at the 5th percentile for height and 5th percentile for weight. His temperature is 37°C (98.6°F), pulse is 98/min, respirations are 16/min, and blood pressure is 100/64 mm Hg. Examination shows a soft and nontender abdomen. The genitals and pubic hair are both Tanner stage 1. Axillary hair is absent. Patellar reflexes are 1+ bilaterally. Laboratory studies show:
Na+ 145 mEq/L
K+ 4.1 mEq/L
Cl- 102 mEq/L
HCO3- 25 mEq/L
Ca2+ 9.4 mg/dL
Glucose 110 mg/dL
Thyroid-stimulating hormone 0.3 μU/mL
Thyroxine 3.9 μg/dL
Insulin-like growth factor 1 24 ng/mL (N=61–356 ng/mL)
Insulin-like growth factor binding protein 3 2.1 mcg/mL (N=1.6–6.5 μg/mL)
Which of the following is the most likely diagnosis?""
A. Rathke cleft cyst
B. Craniopharyngioma
C. Multiple endocrine neoplasia
D. Pituitary adenoma
Choose the correct option.",b,5,True,b,437,10.850891165435314,10.850891165435314,18,3,,34.11862277984619
22,medqa,"A 9-month-old boy is brought to his pediatrician by his mother for a routine health checkup. The boy was born at 39 weeks gestation via spontaneous vaginal delivery. He is up to date on all vaccines and is meeting all developmental milestones. He was breastfed for the first 3 months and then switched to cow’s milk and about two months ago she started giving him fruits and vegetables. Family history is noncontributory. Today, his heart rate is 120/min, respiratory rate is 40/min, blood pressure is 90/50 mm Hg, and temperature of 37.0°C (98.6°F). On examination, he has a heartbeat with a regular rate and rhythm and his lungs are clear to auscultation bilaterally. Generally, the boy looks pale. His weight and height fall within the expected range. A complete blood count (CBC) shows the following:
Hemoglobin (Hb): 9.1 g/dL
Mean corpuscular volume (MCV): 65 fL
Total iron binding capacity (TIBC): 550 μg/dL
Serum iron: 45 µg/dL
Serum lead: < 5 µg/dL
What is the best treatment for this patient?
A. Iron supplementation only
B. Proper diet and iron supplementation
C. Multivitamins
D. Proper diet only
Choose the correct option.",b,5,True,b,701,16.92076690122485,16.92076690122485,18,3,,34.11862277984619
23,medqa,"Three patients present to the pediatrician for routine well-child visits. The first child’s mother reports that he seems to be breastfeeding well and voids at least eight times per day. His stools are a yellow color, and he does not seem to be straining. In the office, he can lift his head and chest when in the prone position, and he can track an object with his eyes to the midline. His hands remain fisted 50% of the time.

The second child’s parents report that she is doing well at home and seems to enjoy playing with her older brother. In the office, she can roll from supine to prone and can transfer her rattle from hand to hand. She cannot yet say any words.

The third child’s father reports that he is starting to explore the world around him. He has begun taking independent steps at home. In the office, he seems to recognize the name of several objects, but he cannot follow the direction to “grab the ball.” All three children are assessed as developmentally normal.

Which of the following represents these patient's respective ages?
A. Ages 1 month, 4 months, and 9 months
B. Ages 2 months, 4 months, and 12 months
C. Ages 2 months, 6 months, and 9 months
D. Ages 2 months, 6 months, and 12 months
Choose the correct option.",d,5,False,b,1202,28.55771614983678,28.55771614983678,18,3,,34.11862277984619
24,medqa,"A 22-year-old primigravida presents for a regular prenatal visit at 16 weeks gestation. She is concerned about the results of a dipstick test she performed at home, which showed 1+ glucose. She does not know  if her liquid consumption has increased, but she urinates more frequently than before. The course of her pregnancy has been unremarkable and she has no significant co-morbidities. The BMI is 25.6 kg/cm2 and she has gained 3 kg (6.72 lb) during the pregnancy. The blood pressure is 110/80 mm Hg, the heart rate is 82/min, the respiratory rate is 14/min, and the temperature is 36.6℃ (97.9℉). The lungs are clear to auscultation, the heart sounds are normal with no murmurs, and there is no abdominal or costovertebral angle tenderness. The laboratory tests show the following results:
Fasting glucose 97 mg/L
ALT 12 IU/L
AST 14 IU/L
Total bilirubin 0.8 mg/dL(15 µmol/L)
Plasma creatinine 0.7 mg/dL (61.9 µmol/L)
Which of the following tests are indicated to determine the cause of the abnormal dipstick test results?
A. HbA1c measurement
B. No tests required
C. Urinalysis
D. Oral glucose tolerance test
Choose the correct option.",b,5,False,d,1778,42.21419749036431,42.21419749036431,18,3,,34.11862277984619
25,medqa,"A four-day-old neonate is brought to the pediatrician with vaginal discharge for the last two days. Her mother is concerned about the blood-tinged discharge but states that her daughter has been feeding and voiding well. The neonate was delivered at 39 weeks gestation by an uncomplicated vaginal delivery, and she and her mother were discharged home after two days. The prenatal course was complicated by chlamydia in the mother during the first trimester, for which she and the partner were both treated with a negative test of cure. The neonate’s biological father is no longer involved the patient's care, but her mother’s boyfriend has been caring for the baby whenever the mother rests. At this visit, the neonate’s temperature is 98.5°F (36.9°C), pulse is 138/min, and respirations are 51/min. She appears comfortable, and cardiopulmonary and abdominal exams are unremarkable. There are no bruises or marks on her skin. Examination of the genitals reveals no vulvar irritation or skin changes, but there is scant pink mucoid discharge at the introitus. Which of the following is the best next step in management?
A. Vaginal exam under anesthesia
B. Vaginal culture
C. Warm water irrigation of the vagina
D. Reassurance
Choose the correct option.",d,5,True,d,751,18.029297523200512,18.029297523200512,18,3,,34.11862277984619
26,medqa,"A group of researchers decided to explore whether the estimates of incidence and prevalence rates of systemic lupus erythematosus (SLE) were influenced by the number of years it took to examine administrative data. These estimates were not only based on hospital discharges, but also on physician billing codes. For study purposes, the researchers labeled incident cases at the initial occurrence of SLE diagnosis in the hospital database, while prevalent cases were those that were coded as harboring SLE at any time, with patients maintaining their diagnosis until death. Which statement is true regarding the relationship between incidence and prevalence rates during the time period that might be chosen for this specific study?
A. Incidence rates will be higher during shorter time periods than longer periods.
B. The prevalence of SLE during consecutively shorter time windows will be overestimated.
C. The inclusion of attack rates would increase incidence estimates in longer time periods.
D. The inclusion of attack rates would decrease incidence estimates in shorter time periods.
Choose the correct option.",a,5,True,a,1878,44.36017172783613,44.36017172783613,18,3,,34.11862277984619
27,medqa,"A 76-year-old woman visits a physician for a general medical examination. She is asymptomatic. Six months prior, she had a cerebral stroke with left hemiparesis, from which she has almost completely recovered with physiotherapy. She has a history of hypertension and atrial fibrillation (AF). She has no significant ischemic, valvular, or structural heart disease. She takes metoprolol, amlodipine, warfarin, and atorvastatin. Blood pressure is 125/70 mm Hg, pulse is 75/min with an irregular rhythm. Respirations are 13/min. She has a minor limp and weakness in her left arm and leg. Heart exam shows no abnormalities other than irregular beats. To assess adherence and therapeutic efficacy in this patient, which of the following studies should be ordered?
A. Echocardiogram
B. International normalized ratio
C. Partial thromboplastin time
D. Serum drug levels
Choose the correct option.",b,5,True,b,412,10.11027642711997,10.11027642711997,18,3,,34.11862277984619
28,medqa,"A 16-year-old boy with a seizure disorder and cognitive delay is brought to the physician because of progressively worsening right lower extremity weakness for the past 6 months. He does not make eye contact and sits very close to his mother. Physical examination shows a grade 3/6 holosystolic murmur at the cardiac apex. Neurological examination shows decreased strength in the right lower leg with normal strength in the other extremities. Fundoscopic examination shows several multinodular, calcified lesions in the retina bilaterally. A photograph of his skin findings is shown. This patient's condition is most likely due to a mutation in which of the following?
A. NF1 gene on chromosome 17
B. NF2 gene on chromosome 22
C. TSC1 gene on chromosome 9
D. VHL gene on chromosome 3
Choose the correct option.",c,5,True,c,628,15.200726065784693,15.200726065784693,18,3,,34.11862277984619
29,medqa,"A 75-year-old woman presents to the emergency department with 30 minutes of slurred speech and arm weakness. On the drive over to the hospital, her symptoms have resolved completely. The patient has a past medical history of hypertension, atrial fibrillation, diabetes, morbid obesity, gout, and vascular claudication. Her temperature is 99.0°F (37.2°C), blood pressure is 184/111 mmHg, pulse is 88/min, respirations are 15/min, and oxygen saturation is 98% on room air. Physical exam reveals cranial nerves II-XII as grossly intact with normal strength and sensation in the patient's upper and lower extremities. The patient's memory is intact and her speech seems normal and fluent. Her gait is stable with no ataxia. An initial head CT demonstrates diffuse atrophy which is consistent with previous head CT scans. Which of the following is the best next step in management?
A. CT angiogram
B. Echocardiogram
C. Heparin
D. MRI
Choose the correct option.",a,5,False,b,1851,43.891586154699326,43.891586154699326,18,3,,34.11862277984619
30,medqa,"An investigator is studying the pattern of glutamate release from presynaptic nerve terminals in human volunteers with Alzheimer disease. The concentration of glutamate in the CA1 region of the hippocampus is measured using magnetic resonance spectroscopy after Schaffer collateral fibers are electrically stimulated. Which of the following events most likely occurs immediately prior to the release of neurotransmitters?
A. Activation of G protein-coupled receptors
B. Accumulation of cAMP
C. Opening of ligand-gated ion channels
D. Influx of calcium
Choose the correct option.",d,5,True,d,418,10.179027333855629,10.179027333855629,18,3,,34.11862277984619
31,medqa,"A 35-year-old woman presents to her primary care provider concerned that she may be pregnant. She has a history of regular menstruation every 4 weeks that lasts about 4 days with mild to moderate bleeding, but she missed her last period 2 weeks ago. A home pregnancy test was positive. She has a 6-year history of hyperthyroidism that is well-controlled with daily methimazole. She is currently asymptomatic and has no complaints or concerns. A blood specimen is taken and confirms the diagnosis. Additionally, her thyroid-stimulating hormone (TSH) is 2.0 μU/mL. Which of the following is the next best step in the management of this patient?
A. Continue methimazole
B. Discontinue methimazole, start propylthiouracil
C. Add glucocorticoids
D. Refer for radioiodine therapy
Choose the correct option.",b,5,True,b,812,19.450354937464,19.450354937464,18,3,,34.11862277984619
32,medqa,"A 63-year-old man is aiming to improve his health by eating a well balanced diet, walking daily, and quitting smoking following a 45-year smoking history. While on his daily walks he notices a strong cramping pain in his calves that consistently appears after a mile of walking. He sees his physician and a diagnosis of peripheral artery disease with intermittent claudication is made. To improve his symptoms, cilostazol is prescribed. What is the mechanism of action of this medication?
A. Irreversible cyclooxygenase inhibitor
B. Thromboxane synthase inhibitor
C. Adenosine diphosphate receptor inhibitor
D. Phosphodiesterase inhibitor
Choose the correct option.",d,5,True,d,602,14.525841347873211,14.525841347873211,18,3,,34.11862277984619
33,medqa,"A 25-year-old woman comes to the physician because of irregular menstrual bleeding. Menses have occurred at 30- to 90-day intervals since menarche at the age of 12 years. Her last menstrual period was 6 weeks ago. She is sexually active with her husband and they do not use condoms. There is no personal or family history of serious illness. She is 170 cm (5 ft 7 in) tall and weighs 73 kg (161 lb); BMI is 25.3 kg/m2. Her vital signs are within normal limits. Examination shows oily skin and severe acne on the face. There is dark hair on the upper lip and around both nipples. Laboratory studies show:
Dehydroepiandrosterone sulfate 6.2 μg/mL (N=0.5–5.4)
Follicle-stimulating hormone 20 mIU/mL
Luteinizing hormone 160 mIU/mL
Testosterone 4.1 nmol/L (N < 3.5)
A urine pregnancy test is negative. Which of the following tests is the most appropriate next step in screening for comorbidities in this patient?""
A. 17-hydroxyprogesterone and cortisol level measurements
B. CA-125 level measurement
C. Blood glucose and cholesterol level measurements
D. TSH and T4 level measurements
Choose the correct option.",c,5,False,a,1531,36.47753281146288,36.47753281146288,18,3,,34.11862277984619
34,medqa,"During the normal catabolism of protein, urea and ammonia are produced as waste products. If these waste products are not cleared by the liver and kidneys, hyperammonemia can occur, leading to confusion and delirium. Fortunately, a healthy liver can clear these waste products via the urea cycle. Which of the following reactions is the rate limiting step in this cycle?
A. NH3 + HCO3- + 2 ATP --> carbamoyl phosphate + 2 ADP + Pi
B. Carbamoyl phosphate + ornithine --> citrulline+ Pi
C. Citrulline + aspartate + ATP --> arginosuccinate + AMP + PPi
D. Arginine + H20 --> ornithine + urea
Choose the correct option.",a,5,True,a,782,18.78547727316618,18.78547727316618,18,3,,34.11862277984619
35,medqa,"A 65-year-old man with metastatic lung cancer has been experiencing severe, unremitting pain. He has required escalating doses of oral morphine, but is now having dose limiting side-effects. His pain management team recommends using a medication that can reduce his opioid need through interaction with the NMDA-receptor. Which of the following was the most likely recommended agent?
A. Propofol
B. Ketamine
C. Fentanyl
D. Midazolam
Choose the correct option.",b,5,True,b,277,6.931421019136906,6.931421019136906,18,3,,34.11862277984619
36,medqa,"An 81-year-old man is brought to the clinic by his son to be evaluated for memory issues. The patient’s son says he has difficulty remembering recent events and names. He says the patient’s symptoms have progressively worsened over the last several years but became acutely worse just recently. Also, yesterday, the patient complained that he could not see out of his right eye, but today he can. When asked about these concerns, the patient seems to have no insight into the problem and reports feeling well. His medical history is significant for diabetes mellitus type 2 and hypertension. He had a left basal ganglia hemorrhage 12 years ago and a right middle cerebral artery infarction 4 years ago. Current medications are amlodipine, aspirin, clopidogrel, metformin, sitagliptin, and valsartan. He lives with his son and can feed himself and change his clothes. There is no history of urinary or fecal incontinence. His vitals include: blood pressure 137/82 mm Hg, pulse 78/min, respiratory rate 16/min, temperature 37.0°C (98.6°F). On physical examination, the patient is alert and oriented. He is unable to perform simple arithmetic calculations and the mini-mental status exam is inconclusive. He can write his name and comprehend written instructions. Muscle strength is 4/5 on the right side. The tone is also slightly reduced on the right side with exaggerated reflexes. His gait is hemiparetic. Which of the following is the most likely diagnosis in this patient?
A. Alzheimer's disease
B. Lewy body dementia
C. Normal-pressure hydrocephalus
D. Vascular dementia
Choose the correct option.",d,5,True,d,601,14.619846742600203,14.619846742600203,18,3,,34.11862277984619
37,medqa,"A 28-year-old woman is brought to the emergency room after a motor vehicle accident. On arrival, she is stable and says that she hit a car at an intersection that ""came out of nowhere"". She states that she had similar close encounters with other cars these past few weeks but was able to avoid collisions with those. She has also had intermittent headaches over the last month and has noticed that her shirts have been getting wet unexpectedly. Blood tests reveal an abnormal elevation of a circulating substance. Which of following changes is also associated with the physiologic function of the most likely substance in this case?
A. Decreased oxytocin
B. Decreased progesterone
C. Increased follicle stimulating hormone
D. Increased progesterone
Choose the correct option.",b,5,False,d,2652,62.79884057492018,62.79884057492018,18,3,,34.11862277984619
38,medqa,"A 25-year-old African American man presents to his primary care provider for routine blood work. He is a well-known case of sickle cell disease treated with hydroxyurea and tramadol as needed for pain. He does not smoke or drink alcohol. The patient asks if his disease can adversely affect his kidneys because his friend was recently diagnosed with end-stage renal failure. Which of the following is a renal complication of sickle cell disease?
A. Membranous glomerulonephritis
B. Proximal renal tubular acidosis
C. Impaired urine diluting ability
D. Impaired urine concentration ability
Choose the correct option.",d,5,True,d,482,11.800809346139431,11.800809346139431,18,3,,34.11862277984619
39,medqa,"A 24-year-old woman is brought to the emergency room (ER) by her co-workers after they found her unconscious in her cubicle when they returned from lunch. They tell you that she has diabetes but do not know anything more about her condition. The woman’s vital signs include: pulse 110/min, respiratory rate 24/min, temperature 36.7°C (98.0°F), and blood pressure 90/60 mm Hg. On physical examination, the patient is breathing heavily and gives irrelevant responses to questions. The skin and mucous membranes appear dry. Examination of the abdomen reveals mild diffuse tenderness to palpation. Deep tendon reflexes in the extremities are 1+ bilaterally. Laboratory studies show:
Finger stick glucose 630 mg/dL
Arterial blood gas analysis:
pH 7.1
PO2 90 mm Hg
PCO2 33 mm Hg
HCO3 8 mEq/L
Serum:
Sodium 135 mEq/L
Potassium 3.1 mEq/L
Chloride 136 mEq/L
Blood urea nitrogen 20 mg/dL
Serum creatinine 1.2 mg/dL
Urine examination shows:
Glucose Positive
Ketones Positive
Leukocytes Negative
Nitrite Negative
RBCs Negative
Casts Negative
The patient is immediately started on a bolus of intravenous (IV) 0.9% sodium chloride (NaCl). Which of the following is the next best step in the management of this patient?
A. Infuse NaHCO3 slowly
B. Switch fluids to 0.45% NaCl
C. Start IV insulin infusion
D. Replace potassium intravenously
Choose the correct option.",d,5,False,c,799,19.224752601236105,19.224752601236105,18,3,,34.11862277984619
40,medqa,"A 27-year-old man presents to the emergency department after a motor vehicle accident. The patient has a past medical history of asthma and cocaine use. His current medications include albuterol and ibuprofen. His temperature is 99.5°F (37.5°C), blood pressure is 70/35 mmHg, pulse is 150/min, respirations are 19/min, and oxygen saturation is 98% on room air. On initial trauma evaluation, his airway is intact and he is breathing spontaneously. The patient's dorsalis pedis and radial pulses are palpable bilaterally. His Glasgow Coma Scale is 9. Head to toe examination reveals instability of the pelvis when downwards force is applied. The patient is started on IV fluids and norepinephrine, and a pelvic binder is placed. The patient's vitals are measured again and his temperature is 99.5°F (37.5°C), blood pressure is 100/55 mmHg, pulse is 150/min, respirations are 17/min, and oxygen saturation is 98% on room air. A blood transfusion is started, and the patient is given hydromorphone. The patient suddenly becomes short of breath with notable bilateral wheezing with poor air movement. His blood pressure is 60/35 mmHg and pulse is 160/min. The patient is treated appropriately, intubated, stabilized, and transferred to the surgical intensive care unit. Which of the following is most likely to be found in this patient's history?
A. Hemolytic anemia and ataxia
B. Gum disease and poor wound healing
C. Irregularly irregular heart rhythm
D. Anti-A, B, or O antibodies in the serum
Choose the correct option.",a,5,False,d,1964,47.13118276000023,47.13118276000023,18,3,,34.11862277984619
41,medqa,"A 58-year-old man is brought to the emergency department because of sudden-onset right-sided body numbness for 1 hour. He reports that he has a 15-year history of hypertension treated with hydrochlorothiazide. He is alert and oriented to time, place, and person. Neurological examination shows decreased sensation to light pinprick and temperature on the right side of the face and body. Motor strength is 5/5 and deep tendon reflexes are 2+ bilaterally. Perfusion of which of the following structures of the brain is most likely impaired in this patient?
A. Posterior limb of the internal capsule
B. Lateral medulla
C. Basal pons
D. Ventral thalamus
Choose the correct option.",d,5,False,a,1479,35.3110481724143,35.3110481724143,18,3,,34.11862277984619
42,medqa,"A 50-year-old man with congestive heart failure (CHF) was started on an experimental analog of atrial natriuretic peptide. Which of the following would he expect to experience?
A. Increased water reabsorption by the renal collecting ducts
B. Vasoconstriction, increased blood pressure, aldosterone release
C. Increased glomerular filtration rate, restricted aldosterone release, vascular smooth muscle dilation
D. Increased plasma calcium and decreased renal reabsorption of phosphate
Choose the correct option.",c,5,True,c,507,12.39734661206603,12.39734661206603,18,3,,34.11862277984619
43,medqa,"A 7-year-old boy is rushed to the emergency room after losing consciousness 30 mins ago at home. The patient’s mother says that he has had a “running nose” for the past few days However, he did not receive any treatment for it, and his condition rapidly worsened today. He does not have any significant past medical history. His vaccination records are up to date. His temperature is 38.2°C (100.7°F), blood pressure is 90/50 mm Hg, heart rate is 120/min, and respiratory rate is 22/min. On physical examination, the patient is unresponsive. There is a petechial rash present on his chest, and he has some neck rigidity. Empiric intravenous antibiotics are started, and a lumbar puncture is performed. Which of the following is the most likely cause of this patient’s low blood pressure?
A. Human immunodeficiency virus infection
B. Hypertrophic cardiomyopathy
C. Adrenocortical insufficiency
D. Pheochromocytoma
Choose the correct option.",c,5,False,22,4096,96.36302896216512,96.36302896216512,18,3,,34.11862277984619
44,medqa,"A researcher is studying risk factors for open-angle glaucoma in a group of elderly patients at a primary care clinic. He is curious if patients with diabetes (defined as fasting serum glucose ≥126 mg/dL on two separate readings) are at increased risk of developing open-angle glaucoma over time. Which of the following is the best statement of the null hypothesis for this study?
A. The future risk of open-angle glaucoma is the same in patients with and those without diabetes
B. Having diabetes will not cause changes in risk of future open-angle glaucoma
C. Diabetes is not associated with an increased prevalence of open-angle glaucoma
D. Improved adherence to antidiabetics will not be effective in decreasing future open-angle glaucoma risk
Choose the correct option.",a,5,True,a,627,15.155792772769928,15.155792772769928,18,3,,34.11862277984619
45,medqa,"A 67-year-old man comes to the clinic complaining of fatigue and dizziness for the past 2 months. He reports that he gets tired easily compared to his baseline and feels dizzy when he exerts himself (e.g., when he walks long distances). His past medical history is significant for hypertension that is controlled with lisinopril. A physical examination demonstrates moderate hepatomegaly and lymphadenopathy. His laboratory studies are shown below.

Leukocyte count and differential:
Leukocyte count: 11,500/mm^3
Segmented neutrophils: 40%
Bands: 3%
Eosinophils: 1%
Basophils: 0%
Lymphocytes: 50%
Monocytes: 8%

Hemoglobin: 11.2 g/dL
Platelet count: 120,000/mm^3
Mean corpuscular hemoglobin concentration: 31%
Mean corpuscular volume: 80 µm^3
Reticulocyte count: 3%
Lactate dehydrogenase: 45 U/L

A subsequent flow cytometry test demonstrates CD20+ cells. What is the most likely finding you would expect in this patient?
A. Low levels of erythropoietin
B. Low levels of leukocyte alkaline phosphatase (LAP)
C. Presence of hairy cells
D. Presence of smudge cells
Choose the correct option.",d,5,False,c,1915,45.444874830543995,45.444874830543995,18,3,,34.11862277984619
46,medqa,"Thirty minutes after delivery, a 3600-g (7-lb 15-oz) newborn has noisy breathing, bluish discoloration of her lips, and intermittent respiratory distress. She was born at 38 weeks' gestation and required bag-mask resuscitation immediately after delivery. Pregnancy was uncomplicated. Her mother has noticed the bluish lip discoloration worsen when she fed and improve when she cried. The patient's pulse is 163/min, respirations are 62/min, and blood pressure is 60/30 mm Hg. The crying infant's lungs are clear to auscultation. Further evaluation of this patient is most likely to show which of the following?
A. Diffuse reticulogranular densities on chest x-ray
B. Boot-shaped heart on chest x-ray
C. Passage of a gastric catheter through the mouth not possible
D. Passage of a catheter through the nasal cavity not possible
Choose the correct option.",d,5,False,b,3167,75.18219660967588,75.18219660967588,18,3,,34.11862277984619
47,medqa,"A 15-year-old girl comes to the physician because of episodic pelvic pain radiating to her back and thighs for 4 months. The pain occurs a few hours before her menstrual period and lasts for 2 days. She has been taking ibuprofen, which has provided some relief. Menses have occurred at regular 28-day intervals since menarche at the age of 12 years and last for 5 to 6 days. She is sexually active with two male partners and uses condoms inconsistently. Vital signs are within normal limits. Physical examination shows no abnormalities. Which of the following is the most likely cause of this patient's symptoms?
A. Endometrial sloughing and uterine contractions mediated by prostaglandin
B. Ascending infection of the uterus, fallopian tubes, ovaries, or surrounding tissue
C. Fluid-filled sac within the ovary
D. Hormone-sensitive smooth muscle tumor of the myometrium
Choose the correct option.",a,5,True,a,641,15.5097361728549,15.5097361728549,18,3,,34.11862277984619
48,medqa,"A 35-year-old man comes to the physician because of episodes of difficulty swallowing for the past 3 months. He feels solid food getting stuck in his chest behind the sternum when he eats. Drinking does not cause any difficulty swallowing. He has no coughing or nasal regurgitation. He has no hoarseness or weight loss. He has had heartburn for 2 years with no response to high-dose omeprazole. His past medical history is also significant for asthma and eczema. He takes no medications except for omeprazole. His vital signs are within normal limits. Physical examination shows no abnormal findings. Which of the following best explains these findings?
A. Achalasia
B. Diffuse esophageal spasm
C. Eosinophilic esophagitis
D. Esophageal reflux disease
Choose the correct option.",c,5,True,c,704,16.996312990784645,16.996312990784645,18,3,,34.11862277984619
49,medqa,"A 68-year-old man presents to the emergency department because of fever, abdominal pain, and rapidly progressive distension of the abdomen. His appendix was removed for an abscess 3 days ago. The complete blood count showed leukocytosis. Anaerobic culture of the peritoneal fluid needle aspirate showed a gram-negative pathogen. Which of the following, in addition to polymicrobial infection, is the most likely cause of this patient’s condition?
A. Bacteroides fragilis
B. Campylobacter jejuni
C. Clostridium perfringens
D. Shigella sonnei
Choose the correct option.",a,5,True,a,1836,43.54661152139306,43.54661152139306,18,3,,34.11862277984619
50,medqa,"A 51-year-old man presents the emergency room with chest pain. He mentions that the pain started several hours ago and radiates to his left neck and shoulder. He also mentions that he has some difficulty in breathing. He says that he has had similar chest pains before, but nothing seemed to be wrong at that time. He was diagnosed with high cholesterol during that episode and was prescribed medication. He also has a 3-year history of gastritis. The blood pressure is 130/80 mm Hg, respirations are 18/min, and the pulse is 110/min. He seems a little anxious. The physical examination reveals no significant abnormalities. An ECG shows slight changes in the leads. His physician talks to him about the benefits of taking low-dose aspirin daily. Which of the following would be a contraindication to the use of aspirin in this patient?
A. ECG changes
B. Hypercholesterolemia
C. Gastritis
D. Increased pulse rate
Choose the correct option.",c,5,True,c,551,13.352736059576273,13.352736059576273,18,3,,34.11862277984619
51,medqa,"A 22-year-old woman presents to her primary care physician in April for seasonal allergies. She has suffered from seasonal allergies for the past 2 years and takes diphenhydramine as needed when her symptoms worsen. She has not yet seen a physician for her allergies. She reports that diphenhydramine has been helpful in controlling her symptoms, but she does not like feeling drowsy from the medication. Her past medical history is also notable for well-controlled asthma. She uses an albuterol inhaler on an as-needed basis. She smokes marijuana daily. Her temperature is 99.2°F (37.3°C), blood pressure is 120/70 mmHg, pulse is 76/min, and respirations are 16/min. She has a prominent nasal crease. Her nasal turbinates are boggy and bluish-gray. She has copious thin and watery nasal mucus. The physician suggests replacing diphenhydramine with fexofenadine to improve her drowsiness. What characteristic of fexodenadine allows it to be less sedating than diphenhydramine?
A. Alpha-adrenergic antagonism
B. Beta-adrenergic antagonism
C. Relative lipophobicity
D. Serotonergic antagonism
Choose the correct option.",c,5,True,c,316,7.904792595654726,7.904792595654726,18,3,,34.11862277984619
52,medqa,"A 40-year-old businessman who was previously well is brought into the emergency department by his assistant with a complaint of left-sided weakness after a chiropractic neck manipulation. He has never felt like this before. Past medical history is insignificant. His blood pressure is 125/75 mm Hg, pulse 86/min, respiratory rate 13/min, temperature 36.8°C (98.2°F). A T2-weighted MRI shows a left C5 hemicord lesion. The patient is treated with cervical immobilization, a course of steroids, and physical therapy. What other finding will most likely be seen in this patient?
A. Spastic paralysis at the level of lesion
B. Right-sided Horner's syndrome
C. Contralateral corticospinal tract involvement
D. Right-sided analgesia
Choose the correct option.",d,5,False,5,4096,96.7589645050466,96.7589645050466,18,3,,34.11862277984619
53,medqa,"A 23-year-old man is admitted to the hospital with fever, chest discomfort, tachypnea, pain, needle-like sensations in the upper extremities, and profuse sweating. He also complains of a gradual decrease in vision over the past 3 months. He is a bodybuilding competitor and has a competition coming up in 1 week. The man reports that his symptoms appeared suddenly, 30 minutes after he took 2 foreign-manufactured fat-burning pills instead of the 1 he usually takes. His blood pressure is 140/90 mm Hg, heart rate is 137/min, respiratory rate is 26/min, and temperature is 39.9°C (103.8°F). Physical examination reveals a reddish maculopapular rash over the patient’s trunk, diminished lung and heart sounds, tenderness to palpation in his abdomen, and rotational bilateral nystagmus with an alternating gaze-dependent fast component. Ophthalmologic examination shows bilateral cataracts. The patient’s total blood count is as follows:
Erythrocytes 4.4 x 109/mm3
Hb 12 g/dL
Total leukocyte count  3750/mm3
Neutrophils 57%
Lymphocyte 37%
Eosinophil 1%
Monocyte 5%
Basophil 0%
Platelet count 209,000/mm3
Which of the following statements best describes the pathogenesis of this patient’s condition?
A. The patient’s symptoms are caused by an increased concentration of epinephrine released by the adrenal glands in response to the consumed substance.
B. The drug caused uncoupling of the electron transport chain and oxidative phosphorylation.
C. The patient has a pyretic reaction due to bacterial contamination of the pills.
D. The drug has stimulated the hypothalamic temperature center to produce hyperthermia.
Choose the correct option.",b,5,True,b,1638,39.30807022750378,39.30807022750378,18,3,,34.11862277984619
54,medqa,"A 6-month-old boy is brought to the physician by his parents for difficulty breathing and bluish discoloration of the lips for the past hour. During the past 3 months, the patient has had several upper respiratory tract infections and poor weight gain. Physical examination shows crackles over both lung fields and enlargement of the tonsils and cervical lymph nodes. His serum IgA, IgE, and IgG titers are decreased. An x-ray of the chest shows bilateral interstitial infiltrates. Methenamine silver staining of bronchial lavage fluid shows disc-shaped cysts. A defect in which of the following is the most likely underlying cause of this patient's condition?
A. Actin filament assembly
B. T-cell receptor signaling
C. Microtubule polymerization
D. B-cell maturation
Choose the correct option.",b,5,False,d,813,19.474432416260242,19.474432416260242,18,3,,34.11862277984619
55,medqa,"A 25-year-old man presents to his primary care physician for pain in his back. The patient describes the pain as feeling worse in the morning. He says it is a general stiffness that improves when he goes to the gym and lifts weights. He also states that his symptoms seem to improve when he leans forward or when he is cycling. The patient is a current smoker and is sexually active. He admits to having unprotected sex with many different partners this past year. The patient has no significant past medical history and is not currently taking any medications. On physical exam, the patient demonstrates notable kyphosis of the thoracic spine and decreased mobility of the back in all 4 directions. The patient’s strength is 5/5 in his upper and lower extremities. The rest of his physical exam is within normal limits. Which of the following findings is associated with this patient’s presentation?
A. Diminished pulses in the lower extremity
B. Narrowing of the spinal canal when standing upright
C. Pain with elevation of his leg while laying down
D. Punctate bleeding spots when dermatologic scales are removed
Choose the correct option.",d,5,False,b,814,19.558891996741295,19.558891996741295,18,3,,34.11862277984619
56,medqa,"A 70-year-old man is brought to the emergency department by staff of the group home where he resides because of worsening confusion for the past week. He has a history of major depressive disorder and had an ischemic stroke 4 months ago. Current medications are aspirin and sertraline. He is lethargic and disoriented. His pulse is 78/min, and blood pressure is 135/88 mm Hg. Physical examination shows moist oral mucosa, normal skin turgor, and no peripheral edema. While in the waiting room, he has a generalized, tonic-clonic seizure. Laboratory studies show a serum sodium of 119 mEq/L and an elevated serum antidiuretic hormone concentration. Which of the following sets of additional laboratory findings is most likely in this patient?
 $$$ Serum osmolality %%% Urine sodium %%% Serum aldosterone $$$
A. ↓ ↓ ↓
B. ↑ ↓ normal
C. ↓ ↑ ↑
D. ↓ ↑ ↓
Choose the correct option.",d,5,True,d,884,21.069787226617336,21.069787226617336,18,3,,34.11862277984619
57,medqa,"A 45-year-old woman with hypothyroidism comes to the physician because of progressive fatigue, lethargy, and epigastric pain after eating. Physical examination shows pale conjunctivae. Laboratory studies show decreased serum hemoglobin levels and increased serum gastrin levels. Esophagogastroduodenoscopy shows inflammation of the gastric body and fundus. A photomicrograph of a biopsy specimen taken from the gastric antrum is shown. Which of the following is the most likely cause of this patient's symptoms?
A. Mucosal cell hyperplasia
B. Enterochromaffin-like cell hyperplasia
C. Parietal cell destruction
D. Chief cell destruction
Choose the correct option.",c,5,True,c,791,19.090359672904015,19.090359672904015,18,3,,34.11862277984619
58,medqa,"A 66-year-old man is brought to the emergency room by his wife due to abdominal distension and persistent somnolence for the past 2 weeks. The patient’s wife says that he has been sleeping much more than usual for the past 5 days. His bowel and bladder habit have not changed. His past medical history is significant for alcoholic liver cirrhosis. His vital signs include: pulse 76/min, respiratory rate 15/min, temperature 38.0°C (100.4°F) and blood pressure 122/75 mm Hg. On physical examination, the patient is altered and not responsive to commands. Oriented x 0. The abdomen is significantly distended. Shifting dullness is present and a positive fluid wave can be elicited. Hyperreflexia and asterixis are noted. Laboratory findings are significant for the following:
Laboratory test
Sodium 140 mEq/L
Potassium 3.5 mEq/L
Chloride 97 mEq/L
Glucose 90 mg/dL
Ammonia 100 µg/dL (ref: 19-60 µg/dL)
Arterial blood gas
pH 7.4
pCO2 40 mm Hg
pO2 90 mm Hg
HCO3 26 mEq/L
An abdominal ultrasound shows surface nodularity compatible with cirrhosis but no other changes aside from ascites. An upper GI endoscopy is performed which shows gastric varices with no signs of active bleeding. An MRI of the brain is insignificant. What is the most likely precipitating factor that led to this patient’s condition?
A. Spontaneous bacterial peritonitis
B. Metabolic alkalosis
C. Portal vein thrombosis
D. Hypoglycemia
Choose the correct option.",a,5,True,a,1513,35.90607998892665,35.90607998892665,18,3,,34.11862277984619
59,medqa,"A 3-week-old newborn is brought to the physician by his parents because of poor feeding, irritability, and frequent vomiting over the past week. The vomitus is greenish in color and smells strange. His parents have tried to feed him every 4 hours, but the patient often spits up or refuses to eat. The patient was born at term and had his first bowel movement at 50 hours of life. He has since had one bowel movement daily. He is at the 50th percentile for length, 10th percentile for weight, and 40th percentile for head circumference. He does not appear to be in acute distress. His temperature is 36.9°C (98.4°F), pulse is 140/min, respirations are 40/min, and blood pressure is 90/60 mm Hg. Physical examination shows that the patient has small, low-set ears, a broad and flat nasal bridge, and a large space between the first and second toes bilaterally. The abdomen is distended. When the finger is removed following a rectal exam, there is an explosive release of stool from the patient's rectum. An x-ray of the abdomen shows a section of dilated colon followed by a segment of colon without stool or air. Which of the following is most likely to confirm the diagnosis?
A. CT scan of the abdomen
B. Transabdominal ultrasonography
C. Anorectal manometry
D. Rectal suction biopsy
Choose the correct option.",d,5,True,d,700,16.824872937053442,16.824872937053442,18,3,,34.11862277984619
60,medqa,"An 11-month-old boy is brought to the clinic by his mother for a rash on his trunk, which he has had for the past 2 days. She notes that he is eating less and is more cranky than usual. His birth history is insignificant, and his immunizations are up to date. Vital signs include: temperature is 37.8°C (100.0°F), pulse is 98/min, and respiratory rate is 16/min. The rash features thin-walled, fluid-filled blisters that rupture easily. Fluid samples from the lesions are sent for analysis to a microbiology lab. The results reveal an infection by the gram-positive bacterium Staphylococcus aureus. The patient is diagnosed with staphylococcal scalded skin syndrome. Which of the following is involved with the primary defense in response to the bacteria and toxins produced by this organism?
A. Immunoglobulin- IgG
B. Immunoglobulin- IgD
C. Immunoglobulin- IgA
D. Immunoglobulin- IgM
Choose the correct option.",d,5,True,d,860,20.576449245214462,20.576449245214462,18,3,,34.11862277984619
61,medqa,"A 60-year-old man presents to his local walk-in clinic with 1 week of fever, chills, night sweats, anorexia, malaise, progressive shortness of breath, and sharp chest pain. He is found with a blood pressure of 100/80 mm Hg, a heart rate of 84/min, an elevated respiratory rate, and a holosystolic heart murmur III/VI. His palms and soles show non-tender erythematous lesions. His personal medical history is relevant for frequent visits to the ER for lower gastrointestinal bleeding in the last month with a recent colonoscopy that reported an ulcerative lesion suggestive of colorectal cancer. He has not been subjected to dental procedures recently, and he denies the use of psychoactive drugs. A chest plain film shows clear lungs and mild cardiomegaly, and echocardiography reports the presence of vegetations involving the mitral valve. Which of the following organisms is the most likely causative agent?
A. Staphylococcus aureus
B. Escherichia coli
C. Haemophilus aphrophilus
D. Streptococcus bovis
Choose the correct option.",d,5,True,d,464,11.345819346606731,11.345819346606731,18,3,,34.11862277984619
62,medqa,"A 53-year-old man comes to the physician because of a 2-month history of multiple episodes of small amounts of blood in his stools. Examination shows pale conjunctivae. His hemoglobin concentration is 8.3 g/dL and mean corpuscular volume is 72μm3. Colonoscopy shows a 2.3-cm polypoid mass in the ascending colon. A photomicrograph of a biopsy specimen of the lesion is shown. Which of the following processes is most likely to be involved in the pathogenesis of this patient's condition?
A. Underexpression of COX-2
B. Increased phosphorylation of serine and threonine
C. Impaired degradation of β-catenin
D. Abnormal transfer of phosphate to cellular proteins
Choose the correct option.",c,5,True,c,701,16.93100967630744,16.93100967630744,18,3,,34.11862277984619
63,medqa,"A 65-year-old male is treated for anal carcinoma with therapy including external beam radiation. How does radiation affect cancer cells?
A. Induces the formation of thymidine dimers
B. Induces the formation of disulfide bonds
C. Induces deamination of cytosine
D. Induces breaks in double-stranded DNA
Choose the correct option.",d,5,True,d,528,12.872576713562012,12.872576713562012,18,3,,34.11862277984619
64,medqa,"A 17-year-old man presents to his family physician for an evaluation about the size of his penis. He feels increasingly anxious during physical education (PE) class as he has noticed that the size of his penis is significantly smaller when compared to his peers. Based on the physical examination, he is Tanner stage 1. The weight and height are 60 kg (132 lb) and 175 cm (5 ft 9 in), respectively. The cardiopulmonary examination is normal; however, the patient has difficulty identifying coffee grounds by smell. Which of the following explains the pathophysiology underlying this patient’s disorder?
A. Expansion of a CTG trinucleotide repeat
B. Isolated gonadotropin-releasing hormone (GnRH) deficiency
C. Sex-specific epigenetic imprinting
D. Non-disjunction of sex chromosomes
Choose the correct option.",b,5,True,b,1023,24.443282041698694,24.443282041698694,18,3,,34.11862277984619
65,medqa,"A 25-year-old man is brought to the emergency department by police. He was found at a local celebration acting very strangely and was reported by other patrons of the event. The patient is very anxious and initially is hesitant to answer questions. He denies any substance use and states that he was just trying to have a good time. The patient's responses are slightly delayed and he seems to have difficulty processing his thoughts. The patient tells you he feels very anxious and asks for some medication to calm him down. The patient has a past medical history of psoriasis which is treated with topical steroids. His temperature is 99.5°F (37.5°C), blood pressure is 120/75 mmHg, pulse is 110/min, respirations are 15/min, and oxygen saturation is 99% on room air. On physical exam, you note an anxious young man. HEENT exam reveals a dry mouth and conjunctival injection. Neurological exam reveals cranial nerves II-XII as grossly intact with normal strength and sensation in his upper and lower extremities. Cardiac exam reveals tachycardia, and pulmonary exam is within normal limits. Which of the following is the most likely intoxication in this patient?
A. Alcohol
B. Marijuana
C. Cocaine
D. Phencyclidine
Choose the correct option.",b,5,True,b,853,20.463358912616968,20.463358912616968,18,3,,34.11862277984619
66,medqa,"A 40-year-old man presents to the clinic with complaints of increased bilateral pain in his knees. The pain developed over time and now limits his mobility. He states that the pain is worse at the end of the day, though he does have some early-morning stiffness lasting about 20 minutes. He used to have some success with over-the-counter NSAIDs; however, they no longer help. The patient also has been taking metformin for the past 2 years and is severely obese, with a BMI of 41 kg/m2. Additionally, he states that he has felt increasingly tired during the day, often dozes off during work, and no longer feels refreshed when he wakes up in the morning. Upon examination, there is no tenderness on palpation or erythema; however, some crepitus is felt. He has no other complaints but has a family history of rheumatoid arthritis (RA) on his mother’s side. Which of the following factors is the underlying cause of the patient’s pain, as well as the rest of his complaints?
A. Medication side effect
B. Excess weight
C. Infection
D. Occult malignancy
Choose the correct option.",b,5,True,b,770,18.53180395066738,18.53180395066738,18,3,,34.11862277984619
67,medqa,"A 32-year-old Caucasian woman is referred to a gastroenterologist by her family physician for 8 months of abdominal pain, foul-smelling diarrhea with floating, bulky stools, weight loss, and macrocytic anemia. Her personal history is relevant for allergic rhinitis. Physical examination shows grouped, erythematous papulovesicular lesions on her arms, torso, and abdomen. Which of the following is the most appropriate approach for the management of this patient?
A. Amitriptyline
B. Octreotide
C. Gluten-free diet
D. Methysergide maleate
Choose the correct option.",c,5,True,c,467,11.386659633368254,11.386659633368254,18,3,,34.11862277984619
68,medqa,"A 65-year-old man presents to his primary care physician with a neck mass. He first noticed a firm mass on the anterior aspect of his neck approximately 4 months ago. The mass is painless and has not increased in size since then. He has also noticed occasional fatigue and has gained 10 pounds in the past 4 months despite no change in his diet or exercise frequency. His past medical history is notable for gout for which he takes allopurinol. He denies any prior thyroid disorder. He runs 4 times per week and eats a balanced diet of mostly fruits and vegetables. He does not smoke and drinks a glass of wine with dinner. His family history is notable for medullary thyroid cancer in his maternal uncle. His temperature is 97.8°F (36.6°C), blood pressure is 127/72 mmHg, pulse is 87/min, and respirations are 19/min. On exam, he has a firm, symmetric, and stone-firm thyroid. A biopsy of this patient's lesion would most likely demonstrate which of the following findings?
A. Diffuse infiltrate of lymphoid cells destroying thyroid follicles
B. Dense fibroinflammatory infiltrate
C. Pleomorphic undifferentiated infiltrative cells with necrosis
D. Stromal amyloid deposition
Choose the correct option.",b,5,False,d,1274,30.257465709000826,30.257465709000826,18,3,,34.11862277984619
69,medqa,"A 75-year-old man comes to the physician because of a 7-day history of nausea and vomiting. Over the past 2 days, he has also been feeling weak and tired. When standing up after sitting for a while, he feels dizzy. He says he has to go to the bathroom more often than usual, and that he is urinating “a normal amount” each time. He has not had diarrhea. He has hypertension, for which he has been taking hydrochlorothiazide for the past 6 months. He drinks 9 glasses of water per day and takes his medication regularly. He is 168 cm (5 ft 6 in) tall and weighs 90 kg (198 lb); BMI is 32 kg/m2. His temperature is 36.5°C (97.7°F), blood pressure is 106/54 mm Hg, and pulse is 92/min. Physical examination shows whitening of the tongue. Skin that is pinched on the back of the hand retracts after 5 seconds. On mental status examination, his speech is slowed; he is oriented to person, place, and time. Laboratory studies show:
Serum
Na+ 150 mEq/L
Cl− 97 mEq/L
K+ 3.6 mEq/L
HCO3− 30 mEq/L
Osmolality 354 mOsm/kg
Hemoglobin A1C 10.5%
Urine
Osmolality 400 mOsm/kg
Which of the following is the most likely explanation for these findings?""
A. Diuretic overdose
B. Osmotic diuresis
C. Excess production of aldosterone
D. Insufficient production of antidiuretic hormone
Choose the correct option.",b,5,True,b,1156,27.51061872392893,27.51061872392893,18,3,,34.11862277984619
70,medqa,"An 18-year-old male is brought in by fire rescue. The patient was an unrestrained passenger in a motor vehicle crash and was ejected from the vehicle after collision. Upon arrival to the trauma bay, the patient has a Glasgow coma scale (GCS) of 6. He is rapidly intubated, and vitals are a temperature of 99.5°F (37.5°C), pulse of 130 bpm, and blood pressure of 83/64 mmHg. He is noted to have multiple ecchymoses over his body, as well as petechiae and purpura. He has a laceration over his clavicle that continues to bleed despite a pressure bandage. Radiographs of his lower extremity show multiple long bone fractures. Two large bore IV lines are placed, and the patient oozes from around the sites of venepuncture. Labs are notable for a WBC of 20,000/mm^3, Hb of 10.1g/dL, platelets of 48,000/mm^3, and prolongation of the PT and aPTT. This patient's presentation can best be explained by which of the following diagnoses?
A. Air embolization
B. Tension pneumothorax
C. Disseminated intravascular coagulation
D. Coagulopathy of trauma
Choose the correct option.",c,5,True,c,1978,46.98647241294384,46.98647241294384,18,3,,34.11862277984619
71,medqa,"A 24-year-old woman gravida 2, para 1 at 24 weeks' gestation comes to the physician for a prenatal visit. She feels well. Her earlier pregnancy was uncomplicated. This is her 4th prenatal visit. She had an ultrasound scan 2 weeks ago that showed a live intrauterine pregnancy consistent with a 22-week gestation with no anomalies. She had a normal Pap smear 2 years ago. Vital signs are within normal limits. Pelvic examination shows a uterus consistent in size with a 24-week gestation. Her blood group and type is B positive. Which of the following is the most appropriate next step in management?
A. Oral glucose challenge test
B. Cardiotocography
C. Swab for GBS culture
D. Tdap vaccination
Choose the correct option.",a,5,True,a,993,23.799203369766474,23.799203369766474,18,3,,34.11862277984619
72,medqa,"A 67-year-old man presents with feelings of nervousness and anxiety. He mentions that lately, he has been feeling increasingly restless and is unable to control feelings of nervousness pertaining to all his daily tasks. He noticed that these feelings were more prominent in the last 2 months but have been present on and off for the last year. On many occasions, his mind will be racing with thoughts that keep him up at night. During these moments, he finds his heart racing and feels light-headed and dizzy to the point of blacking out. He has also been experiencing back and neck pain with increased muscle tension in these areas. The patient reports no smoking or alcohol use but mentions that he had tried cocaine and heroin in his 20s and 30s. Which of the following would be the best course of treatment for this patient’s symptoms?
A. Diazepam
B. Ramelteon
C. Buspirone
D. Alprazolam
Choose the correct option.",c,5,True,c,1188,28.332910381257534,28.332910381257534,18,3,,34.11862277984619
73,medqa,"A 45-year-old man arrives by ambulance to the emergency room after being involved in a very severe construction accident. The patient was found unconscious with a large metal spike protruding from his abdomen by a coworker who was unable to estimate the amount of time the patient went without medical aid. Upon arrival to the ER, the patient was unconscious and unresponsive. His vital signs are BP: 80/40, HR: 120 bpm, RR: 25 bpm, Temperature: 97.1 degrees, and SPO2: 99%.He is taken to the operating room to remove the foreign body and control the bleeding. Although both objectives were accomplished, the patient had an acute drop in his blood pressure during the surgery at which time ST elevations were noted in multiple leads. This resolved with adequate fluid resuscitation and numerous blood transfusions. The patient remained sedated after surgery and continued to have relatively stable vital signs until his third day in the intensive care unit, when he experiences an oxygen desaturation of 85% despite being on a respirator with 100% oxygen at 15 breaths/minute. On auscultation air entry is present bilaterally with the presence of crackles. A 2/6 systolic murmur is heard. Readings from a Swan-Ganz catheter display the following: central venous pressure (CVP): 4 mmHg, right ventricular pressure (RVP) 20/5 mmHg, pulmonary artery pressure (PAP): 20/5 mmHg. Pulmonary capillary wedge pressure (PCWP): 5 mm Hg. A chest x-ray is shown as Image A. The patient dies soon after this episode. What is the most likely direct cause of his death?
A. Diffuse alveolar damage
B. Ventricular septal defect
C. Myocardial free wall rupture
D. Myocardial reinfarction
Choose the correct option.",a,5,False,c,3012,71.18736033514142,71.18736033514142,18,3,,34.11862277984619
74,medqa,"A 43-year-old man with a history of hepatitis C and current intravenous drug use presents with 5 days of fever, chills, headache, and severe back pain. On physical exam, temperature is 100.6 deg F (38.1 deg C), blood pressure is 109/56 mmHg, pulse is 94/min, and respirations are 18/min. He is thin and diaphoretic with pinpoint pupils, poor dentition, and track marks on his arms and legs. A high-pitched systolic murmur is heard, loudest in the left sternal border and with inspiration. He is admitted to the hospital and started on broad-spectrum antibiotics. One of the blood cultures drawn 12 hours ago returns positive for Staphylococcus aureus. Which of the following is the most appropriate next step to confirm the diagnosis?
A. Repeat blood cultures now
B. Repeat blood cultures 24 hours after initial cultures were drawn
C. Repeat blood cultures 48 hours after initial cultures were drawn
D. Do not repeat blood cultures
Choose the correct option.",a,5,False,d,1612,38.416413705796,38.416413705796,18,3,,34.11862277984619
75,medqa,"A 34-year-old man presents to the emergency department complaining of headache, fever, chills, cough, shortness of breath, and chest pain for the past 4 days. He smokes 2 packs per day and drinks 2–3 beers every day. He denies any previous medical problems except for seasonal allergies for which he takes diphenhydramine on occasions. At the hospital, the vital signs include: temperature 40.0°C (104.0°F), blood pressure 140/80 mm Hg, heart rate 98/min, and respiratory rate 28/min. On physical exam, he is thin and poorly kept. His clothes appear dirty. Small scars are visible in the decubitus region of both arms. The lung sounds are equal with bilateral crackles, and heart auscultation reveals a systolic murmur that radiates to the left axilla. Petechiae are seen on the hard palate and palms of his hands. A chest X-ray and blood cultures are ordered. What is the most likely organism causing his symptoms?
A. Streptococci viridans
B. Staphylococcus aureus
C. Aspergillus fumigatus
D. Staphylococcus epidermidis
Choose the correct option.",b,5,True,b,377,9.39930872246623,9.39930872246623,18,3,,34.11862277984619
76,medqa,"A 52-year-old man presents to the physician with a 6-month history of shortness of breath and nonproductive cough. He was recently diagnosed with stage 3 embryonal carcinoma testicular cancer. Following an orchiectomy, he was placed on chemotherapy. Cardiopulmonary examination shows fine inspiratory crackles bilaterally. There is clubbing present in the fingers bilaterally. Pulmonary function tests (PFTs) show FVC is 78% of expected and FEV1/FVC ratio is 92%. A CT scan of the chest is shown. Which of the following drugs is responsible for the patient’s condition?
A. Bleomycin
B. Carboplatin
C. Cisplatin
D. Ifosfamide
Choose the correct option.",a,5,True,a,686,16.48405946791172,16.48405946791172,18,3,,34.11862277984619
77,medqa,"A 63-year-old man presents to the clinic for left calf pain when walking a distance of more than 200 m. He has had this pain for more than 8 months now, and he rates it as 7 out of 10. The pain subsides with rest. The patient has had a history of diabetes mellitus for the past 2 years which is well controlled. A percutaneous coronary intervention was performed in 2014. His current medications are insulin and aspirin. Family history is significant for coronary artery disease. He has an 80 pack-year history of smoking and currently smokes. He consumes 4 drinks per day of alcohol. On physical examination, his blood pressure is 144/89 mm Hg, the heart rate is 80/min and regular, the breathing rate is 25/min, and the pulse oximetry is 96%. Normal cardiac and lung sounds were heard on auscultation. Which of the following is the appropriate treatment to improve the patient’s symptoms?
A. Cilostazol
B. Femoral embolectomy
C. Femoral-to-popliteal bypass graft
D. Interventional endovascular treatment
Choose the correct option.",a,5,True,a,1617,38.675791926681995,38.675791926681995,18,3,,34.11862277984619
78,medqa,"A 56-year-old man comes to the physician because of a 1-day history of sudden severe pain in his right great toe. Four months ago, he had an episode of severe joint pain involving his left knee that lasted several days and resolved with over-the-counter analgesics. He has a history of hypertension treated with hydrochlorothiazide and nephrolithiasis. Examination shows erythema, swelling, warmth, and tenderness of the right metatarsophalangeal joint; range of movement is limited by pain. His serum uric acid is 12 mg/dL. Arthrocentesis yields cloudy fluid with a leukocyte count of 18,500/mm3 (80% segmented neutrophils). Polarized light microscopy of the synovial fluid is shown. Which of the following is the mechanism of action of the most appropriate long-term pharmacotherapy for this patient's condition?
A. Increased conversion of uric acid to allantoin
B. Inhibition of phospholipase A
C. Inhibition of xanthine oxidase
D. Increased renal excretion of urate
Choose the correct option.",c,5,True,c,942,22.553523927927017,22.553523927927017,18,3,,34.11862277984619
79,medqa,"A 32-year-old male presents to the ED with acute-onset chest pain. His blood pressure is 157/90 mmHg and his his pulse is 116/min. He appears anxious and agitated and a careful exam reveals dilated pupils and a perforated nasal septum. An EKG reveals ST segment elevation so he is urgently taken for cardiac intervention. Upon review, this patient reveals that he has not had care from a physician since he graduated from college. In the interim he has been largely unemployed and admits that he has recently been homeless. When asked directly, the patient admits to alcohol and marijuana use but denies illicit drug use. Which of the following best describes the mechanism of action of the agent most likely responsible for this patient's presentation?
A. Blocking reuptake of dopamine and norepinephrine
B. Inhibiting breakdown of biogenic amines
C. Antagonizing the NMDA receptor
D. Inhibiting the GABA receptor
Choose the correct option.",a,5,True,a,574,13.952569525688887,13.952569525688887,18,3,,34.11862277984619
80,medqa,"A 67-year-old man is brought to the emergency department with severe, crushing, retrosternal chest pain for the last 45 minutes. The pain radiates to his left shoulder and is associated with sweating. The past medical history is significant for hypercholesterolemia, for which he takes lovastatin. He smoked as a youth but quit at 40 years of age. On arrival at the emergency department, the vital signs were as follows: pulse 58/min, respiratory rate 22/min, and blood pressure 90/56 mm Hg. He is sweating profusely. The jugular venous pulse is visible 2.5 cm above the sternal angle. Auscultation reveals soft S1 and S2 heart sounds with an added S4 and bilateral inspiratory crackles at the lung bases. The electrocardiogram shows ST-elevations in leads V1 and V2. A diagnosis of an anteroseptal infarction is made. The patient was given aspirin on the way to the hospital. He is started on dopamine, morphine, nitroglycerin, and streptokinase. Which of the following would be the most concerning development over the next 24h this patient?
A. Hemoptysis
B. Easy fatigability
C. Persistent ST-segment elevation
D. Shortness of breath
Choose the correct option.",a,5,False,c,2351,55.6862062625587,55.6862062625587,18,3,,34.11862277984619
81,medqa,"A 52-year-old man presents to the physician because of ongoing shortness of breath, which is more prominent when he lies down. Occasionally, he experiences palpitations, especially during strenuous activities. In addition to this, he has been experiencing difficulty in digestion and often experiences regurgitation and dysphagia. He reports that he emigrated from Mexico 20 years ago and visits his hometown twice a year. The vital signs include: blood pressure 120/75 mm Hg, respiratory rate 19/min, and pulse 100/min. The physical examination shows jugular vein distention along with pitting edema in the ankles. Bilateral basilar crackles and an S3 gallop are heard on auscultation of the chest. A chest X-ray is taken. An electrocardiogram (ECG) shows no significant findings. What is the most likely explanation for this patient’s physical and diagnostic findings?
A. Alcohol abuse
B. Hypertensive changes
C. Parasitic infection
D. Bacterial infection
Choose the correct option.",c,5,True,c,648,15.632690589874983,15.632690589874983,18,3,,34.11862277984619
82,medqa,"A 27-year-old HIV positive female gave birth to a 7lb 2oz (3.2 kg) baby girl. The obstetrician is worried that the child may have been infected due to the mother's haphazard use of her anti-retroviral medications. Which of the following assays would a hospital use detect the genetic material of HIV if the child had been infected?
A. Enzyme-linked immunosorbent assay (ELISA)
B. Rapid HIV antibody test
C. Polymerase chain reaction
D. Southern blot
Choose the correct option.",c,5,True,c,625,15.147084210067987,15.147084210067987,18,3,,34.11862277984619
83,medqa,"A 32-year-old man jumps off a 3 story building during a suicide attempt. Paramedics arrive quickly, and he is taken to the hospital where several stable lumbar fractures and a shattered right calcaneus are found. He undergoes surgery and his calcaneus is repaired with 11 screws. Which of the following statements best describes the long term post-surgery outcome in this patient?
A. He will not be able to plantar flex his foot.
B. He will not be able to point his toe.
C. He will have pain with inversion and eversion of his foot.
D. He will have pain while dorsiflexing his foot.
Choose the correct option.",c,5,True,c,646,15.608606074005365,15.608606074005365,18,3,,34.11862277984619
84,medqa,"A stillborn infant is delivered at 38 weeks' gestation to a 32-year-old woman. The mother had no prenatal care. Examination of the stillborn shows a small pelvis, shallow intergluteal cleft, and club feet. An x-ray shows the absence of the sacrum and lumbar vertebrae. Which of the following is the strongest predisposing factor for this patient's condition?
A. Maternal oligohydramnios
B. Intrauterine alcohol exposure
C. Maternal diabetes
D. Chromosome 18 trisomy
Choose the correct option.",c,5,True,c,1417,33.58052842691541,33.58052842691541,18,3,,34.11862277984619
85,medqa,"A 33-year-old man presents to the infectious diseases clinic for follow-up. He was recently admitted to the hospital with fever, shortness of breath, and cough, and was found to have Pneumocystic jirovecii pneumonia and a new diagnosis of HIV. His CD4 count is 175, viral load is pending. As part of routine laboratory studies given his new diagnosis, an RPR was found to be positive with a titer of 1:64, and this is confirmed with a positive FTA-ABS. He is unsure when or how he acquired HIV or syphilis. His neurological examination is normal, and he has no symptoms. Which of the following is the most appropriate next step in management:
A. Perform lumbar puncture, treat based on presence or absence of CNS disease
B. Treat with three weekly injections of penicillin, obtain titers in 3 months
C. Treat with three weekly injections of penicillin, obtain titers in 6 months
D. Treat with a single injection of penicillin, obtain titers in 6 months
Choose the correct option.",c,5,False,b,1131,27.028508078306913,27.028508078306913,18,3,,34.11862277984619
86,medqa,"A 57-year-old woman comes to the physician because of a 3-month history of fatigue. She also reports generalized itchiness that started approximately 2 months ago. Two weeks ago, she noticed yellowing of her eyes. She does not smoke or drink alcohol. She uses eyedrops for persistent dryness of the eyes. Her vital signs are within normal limits. Physical examination shows jaundice of the conjunctivae and skin. The mucous membranes of the mouth are dry. The abdomen is soft. The liver edge is palpable 3 cm below the right costal margin. There are generalized skin excoriations. Laboratory studies show:
Hemoglobin 15 g/dL
Leukocyte count 7,700/mm3
Platelet count 332,000/mm3
Serum
Glucose 122 mg/dL
Total bilirubin 3.1 mg/dL
Direct 2.5 mg/dL
Alkaline phosphatase 452 U/L
AST 155 U/L
ALT 168 U/L
Hepatitis B surface antigen negative
Hepatitis B core IgM antibody negative
Hepatitis B surface antibody positive
Hepatitis C antibody negative
Ultrasonography of the abdomen shows mildly increased echogenicity of the liver. Which of the following additional findings is most likely to be found in this patient?""
A. Inferior vena cava thrombosis
B. Cutaneous xanthomas
C. Increased CA 19-9 levels
D. Kayser-Fleischer rings
""
Choose the correct option.",b,5,True,b,2114,50.64236195385456,50.64236195385456,18,3,,34.11862277984619
87,medqa,"A 40-year-old man comes to the physician because of shortness of breath, double vision, and fatigue for the past 4 weeks. He has no history of serious medical illness and takes no medications. Physical examination shows drooping of the eyelids bilaterally. He is unable to hold his arms up for longer than 3 minutes. A CT scan of the chest shows an anterior mediastinal mass with smooth contours. A photomicrograph of a specimen from the mass is shown. Which of the following immunologic processes normally occurs in the region indicated by the arrow?
A. B-cell maturation
B. V(D)J recombination
C. Thymocyte formation
D. Negative selection
Choose the correct option.",d,5,True,d,1704,40.434957571327686,40.434957571327686,18,3,,34.11862277984619
88,medqa,"A 69-year-old gentleman presents to his primary care physician for pain in his right shoulder. The patient was helping his son move this past weekend, and he noticed after the move that he had pain and weakness in his right shoulder. The patient thought that this pain was just him being in poor shape so he started going to the gym and lifting weights which made his symptoms significantly worse. The patient has a past medical history of diabetes, obesity, and asthma. His current medications include albuterol, lisinopril, metformin, and glipizide. On physical exam you note an obese gentleman who seems to be in pain. You note prominent weakness of external rotation of his right upper extremity. When you ask the patient to slowly lower his right arm to his side when he holds it overhead, you note that he suddenly drops his arm and appears to be in pain. The patient's strength is 1/5 for abduction of the right arm. Which of the following is most likely injured in this patient?
A. Supraspinatus
B. Infraspinatus
C. Teres minor
D. Deltoid
Choose the correct option.",a,5,True,a,599,14.580726239830256,14.580726239830256,18,3,,34.11862277984619
89,medqa,"A 17-year-old female is brought to the emergency room by her father because she has been experiencing shortness of breath and chest pain. She says that the chest pain is worse when she breathes or coughs. Furthermore, on the way to the hospital she noticed that there were specks of blood on a tissue that she coughed into. She has no previous medical history and does not recall anything that could have provoked these symptoms. On presentation her temperature is 99°F (37.2°C), blood pressure is 107/65 mmHg, pulse is 102/min, respirations are 21/min, and O2 saturation is 91% on room air. Further testing shows a large filling defect in the pulmonary vessels, and the patient is started on an appropriate treatment intravenously. After drug administration, the effects of the drug are monitored using a standard blood test. Surprisingly, the test results come back within normal parameters. The most likely underlying cause of this patient's symptoms has which of the following modes of inheritance?
A. Autosomal dominant
B. Autosomal partial dominance
C. X-linked dominant
D. X-linked recessive
Choose the correct option.",a,5,True,a,1198,28.580325800925493,28.580325800925493,18,3,,34.11862277984619
90,medqa,"A 61-year-old nulliparous woman comes to the physician for a follow-up examination. Her last Pap smear 3 years ago showed atypical squamous cells of undetermined significance. HPV testing was negative at that time. On questioning, she has had fatigue and an increase in abdominal girth despite a 5-kg (11.0-lb) weight loss over the past 6 months. She has gastroesophageal reflux disease and Hashimoto's thyroiditis. Menarche was at the age of 10 years and her last menstrual period was 2 years ago. Current medications include omeprazole and levothyroxine. Abdominal examination shows shifting dullness. There is tenderness to palpation of the right lower quadrant but no guarding or rebound. Bimanual palpation shows a small uterus and a right adnexal mass. Further evaluation of this patient is most likely to show which of the following findings?
A. Elevated serum CA-125 level
B. Elevated serum beta-hCG level
C. Prolonged prothrombin time
D. Cervical dysplasia on Pap smear
Choose the correct option.",a,5,True,a,512,12.489953935146332,12.489953935146332,18,3,,34.11862277984619
91,medqa,"A group of researchers wants to evaluate how often the human immunodeficiency virus (HIV) is related to high-risk behaviors in female sex workers from their country. An additional aim is to evaluate the association between HIV acquisition and certain sociodemographic factors. The researchers collect data through interviewer-administered questionnaires (for behavioral and sociodemographic data) as well as through clinical and serological evaluation/screening methods for HIV and other sexually transmitted infections. Which of the following could be the main outcome measure of their study?
A. Incidence
B. Prevalence
C. Hazard rate
D. Attributable risk
Choose the correct option.",b,5,False,d,1655,39.15187479928136,39.15187479928136,18,3,,34.11862277984619
92,medqa,"A 25-year-old girl is brought to the emergency room after a suicide attempt. Her mother states that she found a large empty pill bottle next to her. The patient is conscious and tearful. She is currently complaining of severe abdominal pain but refuses to give any other history. She has a blood pressure of 135/86, respiratory rate of 18/min, and heart rate of 86/min. On examination, her abdomen is exquisitely tender with evidence of crepitus in the epigastric region. Abdominal CT reveals a gastric perforation. Which of the following is the most likely cause?
A. Decreased production of PGE2
B. Buildup of a toxic metabolite due to kidney disease
C. Increased stimulation of the vagus nerve
D. Hypovolemia
Choose the correct option.",a,5,True,a,1012,24.55938858911395,24.55938858911395,18,3,,34.11862277984619
93,medqa,"Two hours following an elective cholecystectomy, a 43-year-old woman has fever and chills. The patient received cephalexin for antibiotic prophylaxis and one unit of packed red blood cells during the procedure. She underwent a hysterectomy 9 years ago for leiomyomata uteri. She has a 5-year history of hypertension treated with lisinopril. Her temperature is 39.5°C (102.3°F), pulse is 90/min, respirations are 18/min, and blood pressure is 125/90 mm Hg. Examination shows a mildly tender abdominal wound without erythema. The lungs are clear to auscultation. Cardiac examination shows no abnormalities. She had a Foley catheter and peripheral line access placed at the time of the procedure. Which of the following is the most likely cause of this patient's symptoms?
A. Adverse effect of medication
B. Malignant hyperthermia
C. Urinary tract infection
D. Transfusion reaction
Choose the correct option.",d,5,True,d,1117,26.819755282253027,26.819755282253027,18,3,,34.11862277984619
94,medqa,"A 6-year-old boy is brought to the emergency department by his mother for worsening wheezing and shortness of breath over the past day. He has not had a fever, cough, vomiting, or diarrhea. He has asthma and eczema. He uses a glucocorticoid inhaler and an albuterol inhaler but has missed his medications for the past week while on vacation. He appears uncomfortable. His temperature is 36°C (96.8°F), pulse is 120/min, respirations are 40/min, and blood pressure is 100/80. Expiratory and inspiratory wheezing is heard throughout both lung fields. There are moderate intercostal and subcostal retractions and a decreased inspiratory to expiratory ratio. Nebulized albuterol and ipratropium treatments and intravenous methylprednisolone are given in the emergency department for a presumed asthma exacerbation. One hour later, the child is limp and lethargic. Magnesium sulfate is administered. His temperature is 36°C (96.8°F), pulse is 150/min, respirations are 22/min, and blood pressure is 100/70. No wheezing is heard on repeat pulmonary examination. Which of the following is the most appropriate next step in management?
A. Intubate with mechanical ventilation
B. Perform needle thoracostomy at the 2nd intercostal space
C. Perform bronchoscopy
D. Provide additional dose of methylprednisolone
Choose the correct option.",a,5,True,a,1210,29.14106362313032,29.14106362313032,18,3,,34.11862277984619
95,medqa,"A 26-year-old female complains of frequent, large volume urination. This negatively affects her sleep, as she has to frequently wake up at night to urinate. She also complains of increased thirst. Her past medical history is significant for bipolar disorder that is treated with lithium for 3 years. Serum osmolality is 425 mOsm/kg, and urine osmolality is 176 mOsm/kg. Which of the following best explains this patient’s serum and urine osmolality?
A. Hypothalamic over-production of antidiuretic hormone (ADH)
B. Decreased production of ADH
C. ADH resistance in the renal collecting ducts
D. Increased sodium reabsorption and potassium excretion
Choose the correct option.",c,5,True,c,431,10.565411932766438,10.565411932766438,18,3,,34.11862277984619
96,medqa,"A 55-year-old man presents to the emergency department with a headache. He states that this is the worst headache he has ever had and that his symptoms have not been improving. The patient complains of pain in his jaw that is worse when he chews. He has a past medical history of insomnia and is currently taking alprazolam. His temperature is 98.2°F (36.8°C), blood pressure is 157/98 mmHg, pulse is 90/min, respirations are 15/min, and oxygen saturation is 98% on room air. Physical exam is notable for tenderness over the patient's scalp, jaw, and temporal area. Which of the following is the best next step in management?
A. CT head
B. Ibuprofen
C. IV steroids
D. Lumbar puncture
Choose the correct option.",c,5,False,a,1185,28.28456223011017,28.28456223011017,18,3,,34.11862277984619
97,medqa,"A 60-year-old woman is brought to the clinic by her daughter for evaluation. The daughter reports that her mother has recently been having difficulty combing her hair in the mornings. The patient’s family history is significant for an ischemic stroke in her father. The patient’s past medical history is positive for diverticulosis. She takes no medication. Her blood pressure is 120/70 mm Hg, heart rate is 75/min, respiratory rate is 14/min, and temperature is 37.6°C (99.7°F). On physical examination, the patient’s neck is stiff and she also has bilateral shoulder tenderness; muscle strength is intact. Laboratory work is performed and presented below:
Hemoglobin 12.9 g/dL
Hematocrit 37.7% 
Leukocyte count 5,500/mm3
Neutrophils 65%
Lymphocytes 30%
Monocytes 5%
Mean corpuscular volume 82.2 μm3
Platelet count 190,000/mm3
Erythrocyte sedimentation rate 65 mm/h
C-reactive protein 44 mg/dL
For which of the symptoms below should the patient be screened?
A. Jaw claudication
B. Heliotrope rash
C. Gastroesophageal reflux
D. Pink plaques with silvery scales
Choose the correct option.",a,5,True,a,1422,33.92650404199958,33.92650404199958,18,3,,34.11862277984619
98,medqa,"A 48-year-old woman comes to the physician because of a 7-day history of progressively worsening shortness of breath. She has a history of asthma and has frequent exacerbations despite receiving maximal medical therapy. Physical examination shows scattered expiratory wheezing. Laboratory studies show a leukocyte count of 9,800/mm3 (13% eosinophils) and elevated serum concentration of immunoglobulin E. An x-ray of the chest shows thickened bronchial walls and perihilar opacities. Sputum culture shows scattered septate hyphae that branch at 45 degrees. Which of the following is most likely to be increased in this patient?
A. IL-28
B. TGF-β
C. IFN-α
D. IL-4
Choose the correct option.",d,5,True,d,382,9.448190040886402,9.448190040886402,18,3,,34.11862277984619
99,medqa,"An 81-year-old man patient recently moved into an assisted living facility and presents today with itchy blisters in his axilla. He attributes these to a poor diet. He also complains that the nurse practitioner at the facility started him on 4 new medications, in addition to his existing prescriptions. On physical examination, tense axillary bullae are noted that do not rupture with light, gloved touch. On direct immunofluorescence, linear C3 and IgG deposits are seen along the basement membrane. Which of the following is the most likely diagnosis?
A. Staphylococcal scalded skin syndrome
B. Bullous pemphigoid
C. Pemphigus vulgaris
D. Cicatricial pemphigoid
Choose the correct option.",b,5,True,b,602,14.646500457078218,14.646500457078218,18,3,,34.11862277984619
0,medqa,"A 34-year-old man comes to the physician because of a 3-week history of colicky abdominal pain and diarrhea. He has bowel movements 10–12 times daily; the stool contains blood and mucus. He constantly has the urge to defecate. His vital signs are within normal limits. Examination of the abdomen shows diffuse tenderness to palpation. Serum concentration of C-reactive protein is 20 mg/L (N<10). Colonoscopy shows a bleeding, ulcerated rectal mucosa with several pseudopolyps. Which of the following is this patient at greatest risk of developing?
A. Hemolytic uremic syndrome
B. Oral ulcers
C. Colorectal cancer
D. Pancreatic cancer
Choose the correct option.",c,10,True,c,1413,33.96706295385957,33.96706295385957,33,3,,28.37162208557129
1,medqa,"A 38-year-old woman presents to her primary care physician for her yearly exam. Her only complaint is difficulty losing weight. Her BMI is 34 kg/m^2. In addition to a standard physical exam, the physician orders a glucose tolerance test. The woman's fasting blood glucose level is 120 mg/dL and two-hour post 75g glucose load blood glucose level is 190 mg/dL. The physician informs the patient that she is ""pre-diabetic"" or at risk of developing diabetes and recommends lifestyle modification with follow-up in 6 months. Which of the following endogenous signaling molecules or receptors will increase insulin sensitivity in this patient?
A. Catecholamines
B. Glucagon
C. Glucocorticoids
D. Peroxisome proliferator-activated receptor gamma
Choose the correct option.",d,10,True,d,765,18.73526017740369,18.73526017740369,33,3,,28.37162208557129
2,medqa,"A 33-year-old man presents to the emergency department after a motor vehicle collision. He was the front seat unrestrained driver in a head-on collision. The patient has a Glasgow Coma Scale of 5 and is subsequently intubated. Physical exam is notable for subcutaneous emphysema in the clavicular area. Needle decompression and chest tube placement are performed, and the patient is stabilized after receiving 2 units of blood and 2 liters of fluid. Chest radiography demonstrates proper tube location and resolution of the pneumothorax. The patient is transferred to the trauma intensive care unit. On the unit, a repeat chest radiograph is notable for a recurrent pneumothorax with the chest tube in place. Which of the following is the most likely diagnosis?
A. Inappropriate chest tube placement
B. Spontaneous pneumothorax
C. Tension pneumothorax
D. Tracheobronchial rupture
Choose the correct option.",d,10,True,d,468,11.893463585525751,11.893463585525751,33,3,,28.37162208557129
3,medqa,"A 45-year-old mechanic presents to the emergency department complaining of acute-onset shortness of breath while repairing a plowing tractor for his neighbor. The patient denies having any history of asthma or respiratory symptoms, and does not smoke. His temperature is 99.8°F (37.7°C), pulse is 65/min, blood pressure is 126/86 mmHg, and respirations are 20/min. His oxygen saturation is 97%. On exam, he is pale and diaphoretic. His pupils are contracted. Diffuse wheezes are noted in all lung fields. What is the best treatment for his condition?
A. Succinylcholine
B. Inhaled ipratropium and oxygen
C. Atropine and pralidoxime
D. Inhaled albuterol and oxygen
Choose the correct option.",c,10,True,c,590,14.763392373919487,14.763392373919487,33,3,,28.37162208557129
4,medqa,"A 64-year-old man comes to the physician with a 1-week history of sore mouth. He says that swallowing is not painful. He has had asthma for more than 20 years. His only medication is a high-dose combination salmeterol/fluticasone inhaler. His temperature is 37.1°C (98.8°F), pulse is 74/min, respirations are 14/min, and blood pressure is 125/65 mm Hg. A photograph of his oral mucosa is shown. Indirect mirror examination of the posterior oropharynx, larynx, and hypopharynx shows no abnormalities. Which of the following is the most appropriate next step in management?
A. Fluconazole
B. Isotretinoin
C. Nystatin
D. Penicillin V
Choose the correct option.",c,10,True,c,1541,37.00223618000746,37.00223618000746,33,3,,28.37162208557129
5,medqa,"A 62-year-old man presents with episodes of palpitations for the past 3 weeks. He says that he has episodes where he feels his heart is ‘racing and pounding’, lasting 1–2 hours on average. Initially, he says the episodes would happen 1–2 times per week but now happen almost every day. This last episode has been constant for the past 2 days. He denies any seizure, loss of consciousness, dizziness, chest pain, or similar symptoms in the past. His past medical history is significant for an ischemic stroke of the right anterior cerebral artery 1 month ago, status post intravenous (IV) tissue plasminogen activator (tPA) with still some residual neurologic impairment, and long-standing gastroesophageal reflux secondary to a hiatal hernia, managed medically. The patient reports a 15-pack-year smoking history, but no alcohol or recreational drug use. The vital signs include: temperature 37.0°C (98.6°F), blood pressure 100/70 mm Hg, pulse 105/min, and respiratory rate 16/min. On physical examination, muscle strength in the lower extremities is 4/5 on the left and 5/5 on the right, along with sensory loss on the left, all of which is improved from his previous exam 3 weeks ago. There is a loss of the left half of the visual field bilaterally which is stable from the previous exam. Cardiac examination is significant for a new-onset irregular rate and rhythm. No rubs, thrills or murmurs. A noncontrast computed tomography (CT) scan shows evidence of an area of infarction in the vicinity of the right anterior cerebral artery showing normal interval change with no evidence of new hemorrhage or expansion of the area of infarction. An electrocardiogram (ECG) is performed, which is shown in the exhibit (see image below). Which of the following is the most appropriate intervention to best prevent future cerebrovascular accidents (CVAs) in this patient?
A. Begin aspirin therapy
B. Begin clopidogrel
C. Carotid endarterectomy
D. Begin warfarin and heparin
Choose the correct option.",d,10,True,d,702,17.40434044972062,17.40434044972062,33,3,,28.37162208557129
6,medqa,"An investigator is studying cellular regeneration of epithelial cells. She has obtained a tissue sample from a normal thyroid gland for histopathologic examination. It shows follicles lined by a single layer of cube-like cells with large central nuclei. Which of the following parts of the female reproductive tract is also lined by this type of epithelium?
A. Ovaries
B. Vagina
C. Fallopian tubes
D. Vulva
Choose the correct option.",a,10,True,a,469,11.762070216238499,11.762070216238499,33,3,,28.37162208557129
7,medqa,"A 4-year-old girl is brought to the emergency department with a persistent cough, fever, and vomiting. The past year the child has been admitted to the hospital 3 times with pneumonia. For the past 1 week, the child has been experiencing thick purulent cough and says that her chest feels ‘heavy’. Her stools have been loose and foul-smelling over the past week. Her parents are also concerned that she has not gained much weight due to her frequent hospital visits. She was born at 39 weeks gestation via spontaneous vaginal delivery and is up to date on all vaccines and is meeting all developmental milestones. On physical exam, the temperature is 39.1°C (102.4°F). She appears lethargic and uncomfortable. Crackles are heard in the lower lung bases, with dullness to percussion. A small nasal polyp is also present on inspection. Which of the following is the most likely cause for the girl’s symptoms?
A. Dysfunction in a transmembrane regulator
B. Inefficient breakdown of leucine, isoleucine, and valine
C. Dysfunction in the motility of respiratory cilia
D. Deficiency in lymphocytic activity
Choose the correct option.",a,10,True,a,731,18.056207362562418,18.056207362562418,33,3,,28.37162208557129
8,medqa,"A 70-year-old woman is brought to the emergency department for the evaluation of abdominal pain, nausea, and vomiting for 1 day. Computed tomography shows a small bowel perforation. The patient is prepared for emergent exploratory laparotomy. She is sedated with midazolam, induced with propofol, intubated, and maintained on nitrous oxide and isoflurane for the duration of the surgery. A single perforation in the terminal ileum is diagnosed intraoperatively and successfully repaired. The patient is transferred to the intensive care unit. The ventilator is set at an FiO2 of 50%, tidal volume of 1000 mL, respiratory rate of 12/min, and positive end-expiratory pressure of 2.5 cm H2O. Her temperature is 37.3°C (99.1°F), pulse is 76/min, and blood pressure is 111/50 mm Hg. She is responsive to painful stimuli. Lung examination shows bilateral rales. Abdominal examination shows a distended abdomen and intact abdominal surgical incisions. The remainder of the physical examination shows no abnormalities. Arterial blood gas analysis shows:
pH 7.44
pO2 54 mm Hg
pCO2 31 mm Hg
HCO3- 22 mm Hg
Which of the following is the best next step in the management of this patient?""
A. Increase the FiO2
B. Increase the tidal volume
C. Increase PEEP
D. Increase the respiratory rate
Choose the correct option.",c,10,True,c,1386,33.30248116701841,33.30248116701841,33,3,,28.37162208557129
9,medqa,"A 47-year-old man with a history of HIV1 infection presents to his HIV clinic to discuss his antiretroviral medications. He is interested in including maraviroc in his maintenance regimen after seeing advertisements about the medication. On exam, his temperature is 98.8°F (37.1°C), blood pressure is 116/74 mmHg, pulse is 64/min, and respirations are 12/min. His viral load is undetectable on his current regimen, and his blood count, electrolytes, and liver function tests have all been within normal limits. In order to consider maraviroc for therapy, a tropism assay needs to be performed. Which of the following receptors is affected by the use of maraviroc?
A. gp120
B. gp160
C. p24
D. Reverse transcriptase
Choose the correct option.",a,10,True,a,1393,33.67735716328025,33.67735716328025,33,3,,28.37162208557129
10,medqa,"A 23-year-old woman comes to the physician because of a 2-month history of episodic headaches associated with dizziness, nausea, and vomiting. Over-the-counter pain medications have failed to reduce her symptoms. An MRI of the brain shows isolated dilation of the left lateral ventricle. This dilatation is most likely caused by blockade of which of the following structures?
A. Arachnoid villi
B. Interventricular foramen
C. Median aperture
D. Lateral apertures
Choose the correct option.",b,10,True,b,695,17.095223028212786,17.095223028212786,33,3,,28.37162208557129
11,medqa,"A 65-year-old man comes to the physician because of progressively worsening fatigue for 6 months. During this time, he has also had shortness of breath and palpitations on exertion. He has noticed blood in his stools on three separate occasions in the past 4 months. He has type 2 diabetes mellitus and end-stage renal disease. He drinks two to four beers daily. He does not smoke. His pulse is 95/min and blood pressure is 120/70 mm Hg. Examination shows pale conjunctivae. The abdomen is soft with no organomegaly. Rectal examination is unremarkable. His hemoglobin concentration is 7.2 g/dL, hematocrit is 32%, and mean corpuscular volume is 68 μm3. Which of the following is the most likely underlying cause of this patient's bleeding?
A. Inflammation in an outpouching of the colonic wall
B. Symptomatic enlargement of hemorrhoidal plexus
C. Chronic mucosal and submucosal inflammation of the colon
D. Arteriovenous malformation in the colonic wall
Choose the correct option.",d,10,True,d,771,18.913986053317785,18.913986053317785,33,3,,28.37162208557129
12,medqa,"An 11-month-old boy is brought to the physician for a well-child examination. He is growing along with the 75th percentile and meeting all milestones. Physical examination shows a poorly rugated scrotum. The palpation of the scrotum shows only 1 testicle. A 2nd testicle is palpated in the inguinal canal. The examination of the penis shows a normal urethral meatus. The remainder of the physical examination shows no abnormalities. Which of the following is the most appropriate next step in management?
A. Chorionic gonadotropin therapy
B. Exploratory laparoscopy
C. Orchiectomy
D. Orchiopexy
Choose the correct option.",d,10,True,d,651,16.13266495987773,16.13266495987773,33,3,,28.37162208557129
13,medqa,"A 24-year-old woman presents to her primary care physician for a wellness visit. She says that she has been generally healthy but has noticed difficulty concentrating, becoming increasingly fatigued, and a 15-pound weight increase over the course of a few months. She also reports mild constipation and joint pain. Approximately 6-months ago, she experienced palpitations, increased stool frequency, and a hand tremor. Her past medical history is significant for asthma. Her father is not living and had Parkinson disease, and her mother has poorly controlled rheumatoid arthritis. She is currently sexually active in a monogamous relationship and uses contraception consistently. She denies cigarette smoking and occasionally drinks wine. She experimented once with lysergic acid diethylamide 6 years ago. Her temperature is 99°F (37.2°C), blood pressure is 127/98 mmHg, pulse is 55/min, and respirations are 13/min. On physical exam, the patient has slow speech and movement. She has tenderness to palpation of her wrist and ankle joints. She has delayed relaxation of deep tendon reflexes. Which of the following will most likely be found in this patient?
A. Elevated TSH
B. High Patient Health Questionnaire-9 (PHQ-9) score
C. Positive anti-CCP antibodies
D. Positive urine toxicology
Choose the correct option.",a,10,True,a,785,19.324246663600206,19.324246663600206,33,3,,28.37162208557129
14,medqa,"A 16-year-old boy is rushed to the emergency room with acute vomiting and abdominal pain that began earlier today. His parents say that the boy was doing well until two days ago when he told them that he was feeling unwell. He has diabetes and takes insulin but stopped taking it when he began to feel poorly two days ago. His temperature is 37°C (98.6°F), respirations are shallow and rapid with a rate of 33/min, pulse is 107/min, and blood pressure is 101/68 mm Hg. He appears severely dehydrated, showing signs of fatigue, and poor skin turgor. His breath has a fruity smell to it. His blood glucose level is 691 mg/dL. Blood is drawn for labs and the results are given below:
Serum:  
  pH: 7.21
  pCO2: 32 mm HG
  HCO 3-: 15.2 mEq/L
Sodium: 122 mEq/L
Potassium: 5.8 mEq/L
Urinalysis is positive for ketone bodies. What is the most appropriate immediate step in the management of this patient?
A. Administer IV fluids and insulin
B. Administer IV antibiotics
C. Administer IV fluids with oral antidiabetic medications
D. Administer potassium and magnesium
Choose the correct option.",a,10,True,a,570,14.233487319201231,14.233487319201231,33,3,,28.37162208557129
15,medqa,"A 22-year-old woman comes to the physician for the evaluation of irregular menstrual bleeding. Menses have occurred at 45- to 90-day intervals since menarche at the age of 15 years. Her last menstrual period was 5 weeks ago. The patient reports that she was too embarrassed to discuss this issue with anyone until now. Over the past two years, she was unable to become pregnant despite having unprotected sexual intercourse with her husband on a regular basis. There is no personal or family history of serious illness. She is 170 cm (5 ft 7 in) tall and weighs 85 kg (187 lb); BMI is 29.4 kg/m2. Her vital signs are within normal limits. Examination shows oily skin and severe facial acne. There is abnormal pigmented hair on the upper lip and around both nipples. The patient wishes to have children. In addition to recommending lifestyle modifications, which of the following is the most appropriate step in management?
A. In vitro fertilization with patient's egg
B. Progesterone therapy
C. Clomiphene therapy
D. Leuprolide therapy
Choose the correct option.",c,10,True,c,562,14.087362967431545,14.087362967431545,33,3,,28.37162208557129
16,medqa,"A 61-year-old man presents to the clinic with complaints of excessive thirst, frequent urination, and partial visual loss in both eyes for 1 day. His family history is significant for type 2 diabetes mellitus in his mother and cousin. His weight is 112 kg ( 246.9 lb), height 187 cm (6 ft 1 in), blood pressure: 150/90 mm Hg, heart rate: 89/min, respiratory rate: 14/min, and temperature: 36.7℃ (98.4℉). The physical examination is significant for dry skin, a pustular rash over the patient’s shoulders and back, an accentuated second heart sound (S2) best heard in the second intercostal space at the right sternal border, and distal loss of vibration sensitivity in both feet. A fundoscopic examination shows small red dots in the superficial retinal layers suggestive of microaneurysms. The HbA1c is 9% and the urinalysis shows the following:
Color Pale yellow (light/pale-to-dark/deep amber)
Clarity Cloudy
pH 6.6
Specific gravity 1.010
Glucose 199 mg/dl
Ketones None
Nitrites Negative
Leukocyte esterase Negative
Bilirubin Negative
Urinary bilirubin Traces
Red blood cells 3 RBCs
Protein 120 mg/d
RBCs ≤ 2 RBCs/hpf
WBCs 22 WBCs/hpf
Epithelial cells 27 squamous epithelial cells/hpf
Casts 5 hyaline casts/lpf
Crystals Occasional
Bacteria None
Yeast Present
Which of the following statements best describes the cause of this patient’s glucosuria?
A. There is a disruption of primary active transport of glucose in the proximal renal tubules
B. Secondary active transporters fail to completely reabsorb glucose in the renal tubules
C. There is a disruption of passive transport of the glucose in the proximal renal tubules
D. Glucosuria results from increased glomerular filtration rate
Choose the correct option.",b,10,True,b,859,21.03973290324211,21.03973290324211,33,3,,28.37162208557129
17,medqa,"A 61-year-old woman presents to an outpatient clinic with fatigue and mild neck pain for a month. She adds that she is having difficulty swallowing. She denies trouble with her breathing but endorses 5–10 lb of unintentional weight loss over the past few months. On physical exam, the patient’s fingernails appear flat and mild conjunctival pallor is noted. An upper barium esophagram shows an upper esophageal web. A complete blood count reveals:
Hb% 10 gm/dL
Total count (WBC) 11,000 /mm3
Differential count:
Neutrophile 70%
Lymphocytes 25%
Monocytes 5%
ESR 10 mm/hr
What is the most likely diagnosis?
A. Plummer-Vinson syndrome
B. Esophageal squamous cell carcinoma
C. Zenker’s diverticulum
D. Achalasia
Choose the correct option.",a,10,True,a,520,13.012750443071127,13.012750443071127,33,3,,28.37162208557129
18,medqa,"A 28-year-old woman with no significant past medical history presents to her primary care physician with increased menstrual bleeding over the past three months. She also notes easy bruising and bleeding from her gums when brushing her teeth. She is sexually active with multiple partners and has no history of intravenous drug use. Physical exam is remarkable for petechiae and scattered ecchymoses on the patient's bilateral upper and lower extremities. Urine beta-HCG is negative. Laboratory results are as follows: Hgb 13.0 g/dL, WBCs 6,000/mL, platelets 95,000/mL, PT 13.2s, aPTT 30s. Peripheral blood smear shows normocytic, normochromic red blood cells and few platelets with no morphologic abnormalities. Which diagnostic study should be performed next?
A. Serum factor VIII levels and von Willebrand factor activity
B. Measurement of ADAMTS13 activity
C. HIV and HCV testing
D. Bone marrow aspiration
Choose the correct option.",c,10,False,a,1547,37.1961120441556,37.1961120441556,33,3,,28.37162208557129
19,medqa,"A 55-year-old man with a history of chronic glomerulonephritis due to IgA nephropathy presents to your office with bone pain. Which of the following laboratory findings would you most expect upon analysis of this patient's serum?
A. Increased PTH, decreased calcium, increased phosphate, decreased calcitriol
B. Decreased PTH, increased calcium, increased phosphate, increased calcitriol
C. Decreased PTH, decreased calcium, increased phosphate, decreased calcitriol
D. Normal PTH, normal calcium, normal phosphate, normal calcitriol
Choose the correct option.",a,10,True,a,512,12.852770205587149,12.852770205587149,33,3,,28.37162208557129
20,medqa,"A 50-year-old man presents to his primary care doctor following an inguinal hernia repair. The patient reports no pain in his lower abdomen or groin, no constipation, and states that he enjoys his usual diet. He denies any use of alcohol, tobacco, or illicit drugs. He has returned to work as a cruise ship attendant. Preoperative workup included chest radiography which demonstrated an opacification in his right middle lobe. The patient agrees to undergo computed tomography (CT) of his chest without contrast for further evaluation. The radiologist reports an 8 mm nodule in the patient's peripheral right middle lobe that has regular margins and appears calcified. One year later, the patient obtains another chest CT without contrast that reports the nodule size as 10 mm with similar characteristics. What is the most appropriate next step in management?
A. CT chest without contrast in 24 months
B. Positive emission tomography (PET) of chest now
C. Right middle lobectomy now
D. Bronchoscopy-guided biopsy now
Choose the correct option.",b,10,False,a,685,16.99571944028139,16.99571944028139,33,3,,28.37162208557129
21,medqa,"An 8-year-old boy is brought to the physician by his parents for short stature. Neither his clothing nor his shoe size have changed over the past year. He also frequently bumps into obstacles such as furniture and has headaches at night. He is always thirsty for cold water and has been urinating more frequently. Three years ago, he had an asthma attack that was treated with albuterol and a one-week course of steroids. His mother has Hashimoto's thyroiditis and had precocious puberty. His mother's height is 147 cm (4 ft 10 in) and his father's height is 160 cm (5 ft 3 in). He is at the 5th percentile for height and 5th percentile for weight. His temperature is 37°C (98.6°F), pulse is 98/min, respirations are 16/min, and blood pressure is 100/64 mm Hg. Examination shows a soft and nontender abdomen. The genitals and pubic hair are both Tanner stage 1. Axillary hair is absent. Patellar reflexes are 1+ bilaterally. Laboratory studies show:
Na+ 145 mEq/L
K+ 4.1 mEq/L
Cl- 102 mEq/L
HCO3- 25 mEq/L
Ca2+ 9.4 mg/dL
Glucose 110 mg/dL
Thyroid-stimulating hormone 0.3 μU/mL
Thyroxine 3.9 μg/dL
Insulin-like growth factor 1 24 ng/mL (N=61–356 ng/mL)
Insulin-like growth factor binding protein 3 2.1 mcg/mL (N=1.6–6.5 μg/mL)
Which of the following is the most likely diagnosis?""
A. Rathke cleft cyst
B. Craniopharyngioma
C. Multiple endocrine neoplasia
D. Pituitary adenoma
Choose the correct option.",b,10,True,b,577,14.6930041462183,14.6930041462183,33,3,,28.37162208557129
22,medqa,"A 9-month-old boy is brought to his pediatrician by his mother for a routine health checkup. The boy was born at 39 weeks gestation via spontaneous vaginal delivery. He is up to date on all vaccines and is meeting all developmental milestones. He was breastfed for the first 3 months and then switched to cow’s milk and about two months ago she started giving him fruits and vegetables. Family history is noncontributory. Today, his heart rate is 120/min, respiratory rate is 40/min, blood pressure is 90/50 mm Hg, and temperature of 37.0°C (98.6°F). On examination, he has a heartbeat with a regular rate and rhythm and his lungs are clear to auscultation bilaterally. Generally, the boy looks pale. His weight and height fall within the expected range. A complete blood count (CBC) shows the following:
Hemoglobin (Hb): 9.1 g/dL
Mean corpuscular volume (MCV): 65 fL
Total iron binding capacity (TIBC): 550 μg/dL
Serum iron: 45 µg/dL
Serum lead: < 5 µg/dL
What is the best treatment for this patient?
A. Iron supplementation only
B. Proper diet and iron supplementation
C. Multivitamins
D. Proper diet only
Choose the correct option.",b,10,True,b,682,16.89158446714282,16.89158446714282,33,3,,28.37162208557129
23,medqa,"Three patients present to the pediatrician for routine well-child visits. The first child’s mother reports that he seems to be breastfeeding well and voids at least eight times per day. His stools are a yellow color, and he does not seem to be straining. In the office, he can lift his head and chest when in the prone position, and he can track an object with his eyes to the midline. His hands remain fisted 50% of the time.

The second child’s parents report that she is doing well at home and seems to enjoy playing with her older brother. In the office, she can roll from supine to prone and can transfer her rattle from hand to hand. She cannot yet say any words.

The third child’s father reports that he is starting to explore the world around him. He has begun taking independent steps at home. In the office, he seems to recognize the name of several objects, but he cannot follow the direction to “grab the ball.” All three children are assessed as developmentally normal.

Which of the following represents these patient's respective ages?
A. Ages 1 month, 4 months, and 9 months
B. Ages 2 months, 4 months, and 12 months
C. Ages 2 months, 6 months, and 9 months
D. Ages 2 months, 6 months, and 12 months
Choose the correct option.",d,10,False,b,2123,50.78605379909277,50.78605379909277,33,3,,28.37162208557129
24,medqa,"A 22-year-old primigravida presents for a regular prenatal visit at 16 weeks gestation. She is concerned about the results of a dipstick test she performed at home, which showed 1+ glucose. She does not know  if her liquid consumption has increased, but she urinates more frequently than before. The course of her pregnancy has been unremarkable and she has no significant co-morbidities. The BMI is 25.6 kg/cm2 and she has gained 3 kg (6.72 lb) during the pregnancy. The blood pressure is 110/80 mm Hg, the heart rate is 82/min, the respiratory rate is 14/min, and the temperature is 36.6℃ (97.9℉). The lungs are clear to auscultation, the heart sounds are normal with no murmurs, and there is no abdominal or costovertebral angle tenderness. The laboratory tests show the following results:
Fasting glucose 97 mg/L
ALT 12 IU/L
AST 14 IU/L
Total bilirubin 0.8 mg/dL(15 µmol/L)
Plasma creatinine 0.7 mg/dL (61.9 µmol/L)
Which of the following tests are indicated to determine the cause of the abnormal dipstick test results?
A. HbA1c measurement
B. No tests required
C. Urinalysis
D. Oral glucose tolerance test
Choose the correct option.",b,10,False,c,2165,51.58991123735905,51.58991123735905,33,3,,28.37162208557129
25,medqa,"A four-day-old neonate is brought to the pediatrician with vaginal discharge for the last two days. Her mother is concerned about the blood-tinged discharge but states that her daughter has been feeding and voiding well. The neonate was delivered at 39 weeks gestation by an uncomplicated vaginal delivery, and she and her mother were discharged home after two days. The prenatal course was complicated by chlamydia in the mother during the first trimester, for which she and the partner were both treated with a negative test of cure. The neonate’s biological father is no longer involved the patient's care, but her mother’s boyfriend has been caring for the baby whenever the mother rests. At this visit, the neonate’s temperature is 98.5°F (36.9°C), pulse is 138/min, and respirations are 51/min. She appears comfortable, and cardiopulmonary and abdominal exams are unremarkable. There are no bruises or marks on her skin. Examination of the genitals reveals no vulvar irritation or skin changes, but there is scant pink mucoid discharge at the introitus. Which of the following is the best next step in management?
A. Vaginal exam under anesthesia
B. Vaginal culture
C. Warm water irrigation of the vagina
D. Reassurance
Choose the correct option.",d,10,True,d,659,16.33345951139927,16.33345951139927,33,3,,28.37162208557129
26,medqa,"A group of researchers decided to explore whether the estimates of incidence and prevalence rates of systemic lupus erythematosus (SLE) were influenced by the number of years it took to examine administrative data. These estimates were not only based on hospital discharges, but also on physician billing codes. For study purposes, the researchers labeled incident cases at the initial occurrence of SLE diagnosis in the hospital database, while prevalent cases were those that were coded as harboring SLE at any time, with patients maintaining their diagnosis until death. Which statement is true regarding the relationship between incidence and prevalence rates during the time period that might be chosen for this specific study?
A. Incidence rates will be higher during shorter time periods than longer periods.
B. The prevalence of SLE during consecutively shorter time windows will be overestimated.
C. The inclusion of attack rates would increase incidence estimates in longer time periods.
D. The inclusion of attack rates would decrease incidence estimates in shorter time periods.
Choose the correct option.",a,10,True,a,2210,52.75813323631883,52.75813323631883,33,3,,28.37162208557129
27,medqa,"A 76-year-old woman visits a physician for a general medical examination. She is asymptomatic. Six months prior, she had a cerebral stroke with left hemiparesis, from which she has almost completely recovered with physiotherapy. She has a history of hypertension and atrial fibrillation (AF). She has no significant ischemic, valvular, or structural heart disease. She takes metoprolol, amlodipine, warfarin, and atorvastatin. Blood pressure is 125/70 mm Hg, pulse is 75/min with an irregular rhythm. Respirations are 13/min. She has a minor limp and weakness in her left arm and leg. Heart exam shows no abnormalities other than irregular beats. To assess adherence and therapeutic efficacy in this patient, which of the following studies should be ordered?
A. Echocardiogram
B. International normalized ratio
C. Partial thromboplastin time
D. Serum drug levels
Choose the correct option.",b,10,True,b,360,9.28432897105813,9.28432897105813,33,3,,28.37162208557129
28,medqa,"A 16-year-old boy with a seizure disorder and cognitive delay is brought to the physician because of progressively worsening right lower extremity weakness for the past 6 months. He does not make eye contact and sits very close to his mother. Physical examination shows a grade 3/6 holosystolic murmur at the cardiac apex. Neurological examination shows decreased strength in the right lower leg with normal strength in the other extremities. Fundoscopic examination shows several multinodular, calcified lesions in the retina bilaterally. A photograph of his skin findings is shown. This patient's condition is most likely due to a mutation in which of the following?
A. NF1 gene on chromosome 17
B. NF2 gene on chromosome 22
C. TSC1 gene on chromosome 9
D. VHL gene on chromosome 3
Choose the correct option.",c,10,True,c,817,19.927161149680614,19.927161149680614,33,3,,28.37162208557129
29,medqa,"A 75-year-old woman presents to the emergency department with 30 minutes of slurred speech and arm weakness. On the drive over to the hospital, her symptoms have resolved completely. The patient has a past medical history of hypertension, atrial fibrillation, diabetes, morbid obesity, gout, and vascular claudication. Her temperature is 99.0°F (37.2°C), blood pressure is 184/111 mmHg, pulse is 88/min, respirations are 15/min, and oxygen saturation is 98% on room air. Physical exam reveals cranial nerves II-XII as grossly intact with normal strength and sensation in the patient's upper and lower extremities. The patient's memory is intact and her speech seems normal and fluent. Her gait is stable with no ataxia. An initial head CT demonstrates diffuse atrophy which is consistent with previous head CT scans. Which of the following is the best next step in management?
A. CT angiogram
B. Echocardiogram
C. Heparin
D. MRI
Choose the correct option.",a,10,False,d,1164,28.192165836691856,28.192165836691856,33,3,,28.37162208557129
30,medqa,"An investigator is studying the pattern of glutamate release from presynaptic nerve terminals in human volunteers with Alzheimer disease. The concentration of glutamate in the CA1 region of the hippocampus is measured using magnetic resonance spectroscopy after Schaffer collateral fibers are electrically stimulated. Which of the following events most likely occurs immediately prior to the release of neurotransmitters?
A. Activation of G protein-coupled receptors
B. Accumulation of cAMP
C. Opening of ligand-gated ion channels
D. Influx of calcium
Choose the correct option.",d,10,True,d,401,10.196468863636255,10.196468863636255,33,3,,28.37162208557129
31,medqa,"A 35-year-old woman presents to her primary care provider concerned that she may be pregnant. She has a history of regular menstruation every 4 weeks that lasts about 4 days with mild to moderate bleeding, but she missed her last period 2 weeks ago. A home pregnancy test was positive. She has a 6-year history of hyperthyroidism that is well-controlled with daily methimazole. She is currently asymptomatic and has no complaints or concerns. A blood specimen is taken and confirms the diagnosis. Additionally, her thyroid-stimulating hormone (TSH) is 2.0 μU/mL. Which of the following is the next best step in the management of this patient?
A. Continue methimazole
B. Discontinue methimazole, start propylthiouracil
C. Add glucocorticoids
D. Refer for radioiodine therapy
Choose the correct option.",b,10,True,b,901,22.105313804000616,22.105313804000616,33,3,,28.37162208557129
32,medqa,"A 63-year-old man is aiming to improve his health by eating a well balanced diet, walking daily, and quitting smoking following a 45-year smoking history. While on his daily walks he notices a strong cramping pain in his calves that consistently appears after a mile of walking. He sees his physician and a diagnosis of peripheral artery disease with intermittent claudication is made. To improve his symptoms, cilostazol is prescribed. What is the mechanism of action of this medication?
A. Irreversible cyclooxygenase inhibitor
B. Thromboxane synthase inhibitor
C. Adenosine diphosphate receptor inhibitor
D. Phosphodiesterase inhibitor
Choose the correct option.",d,10,True,d,604,15.017235700041056,15.017235700041056,33,3,,28.37162208557129
33,medqa,"A 25-year-old woman comes to the physician because of irregular menstrual bleeding. Menses have occurred at 30- to 90-day intervals since menarche at the age of 12 years. Her last menstrual period was 6 weeks ago. She is sexually active with her husband and they do not use condoms. There is no personal or family history of serious illness. She is 170 cm (5 ft 7 in) tall and weighs 73 kg (161 lb); BMI is 25.3 kg/m2. Her vital signs are within normal limits. Examination shows oily skin and severe acne on the face. There is dark hair on the upper lip and around both nipples. Laboratory studies show:
Dehydroepiandrosterone sulfate 6.2 μg/mL (N=0.5–5.4)
Follicle-stimulating hormone 20 mIU/mL
Luteinizing hormone 160 mIU/mL
Testosterone 4.1 nmol/L (N < 3.5)
A urine pregnancy test is negative. Which of the following tests is the most appropriate next step in screening for comorbidities in this patient?""
A. 17-hydroxyprogesterone and cortisol level measurements
B. CA-125 level measurement
C. Blood glucose and cholesterol level measurements
D. TSH and T4 level measurements
Choose the correct option.",c,10,False,a,1044,25.445284698158503,25.445284698158503,33,3,,28.37162208557129
34,medqa,"During the normal catabolism of protein, urea and ammonia are produced as waste products. If these waste products are not cleared by the liver and kidneys, hyperammonemia can occur, leading to confusion and delirium. Fortunately, a healthy liver can clear these waste products via the urea cycle. Which of the following reactions is the rate limiting step in this cycle?
A. NH3 + HCO3- + 2 ATP --> carbamoyl phosphate + 2 ADP + Pi
B. Carbamoyl phosphate + ornithine --> citrulline+ Pi
C. Citrulline + aspartate + ATP --> arginosuccinate + AMP + PPi
D. Arginine + H20 --> ornithine + urea
Choose the correct option.",a,10,True,a,702,17.29973343387246,17.29973343387246,33,3,,28.37162208557129
35,medqa,"A 65-year-old man with metastatic lung cancer has been experiencing severe, unremitting pain. He has required escalating doses of oral morphine, but is now having dose limiting side-effects. His pain management team recommends using a medication that can reduce his opioid need through interaction with the NMDA-receptor. Which of the following was the most likely recommended agent?
A. Propofol
B. Ketamine
C. Fentanyl
D. Midazolam
Choose the correct option.",b,10,True,b,277,7.297943390905857,7.297943390905857,33,3,,28.37162208557129
36,medqa,"An 81-year-old man is brought to the clinic by his son to be evaluated for memory issues. The patient’s son says he has difficulty remembering recent events and names. He says the patient’s symptoms have progressively worsened over the last several years but became acutely worse just recently. Also, yesterday, the patient complained that he could not see out of his right eye, but today he can. When asked about these concerns, the patient seems to have no insight into the problem and reports feeling well. His medical history is significant for diabetes mellitus type 2 and hypertension. He had a left basal ganglia hemorrhage 12 years ago and a right middle cerebral artery infarction 4 years ago. Current medications are amlodipine, aspirin, clopidogrel, metformin, sitagliptin, and valsartan. He lives with his son and can feed himself and change his clothes. There is no history of urinary or fecal incontinence. His vitals include: blood pressure 137/82 mm Hg, pulse 78/min, respiratory rate 16/min, temperature 37.0°C (98.6°F). On physical examination, the patient is alert and oriented. He is unable to perform simple arithmetic calculations and the mini-mental status exam is inconclusive. He can write his name and comprehend written instructions. Muscle strength is 4/5 on the right side. The tone is also slightly reduced on the right side with exaggerated reflexes. His gait is hemiparetic. Which of the following is the most likely diagnosis in this patient?
A. Alzheimer's disease
B. Lewy body dementia
C. Normal-pressure hydrocephalus
D. Vascular dementia
Choose the correct option.",d,10,True,d,583,14.53920030593872,14.53920030593872,33,3,,28.37162208557129
37,medqa,"A 28-year-old woman is brought to the emergency room after a motor vehicle accident. On arrival, she is stable and says that she hit a car at an intersection that ""came out of nowhere"". She states that she had similar close encounters with other cars these past few weeks but was able to avoid collisions with those. She has also had intermittent headaches over the last month and has noticed that her shirts have been getting wet unexpectedly. Blood tests reveal an abnormal elevation of a circulating substance. Which of following changes is also associated with the physiologic function of the most likely substance in this case?
A. Decreased oxytocin
B. Decreased progesterone
C. Increased follicle stimulating hormone
D. Increased progesterone
Choose the correct option.",b,10,False,d,2098,50.073982410132885,50.073982410132885,33,3,,28.37162208557129
38,medqa,"A 25-year-old African American man presents to his primary care provider for routine blood work. He is a well-known case of sickle cell disease treated with hydroxyurea and tramadol as needed for pain. He does not smoke or drink alcohol. The patient asks if his disease can adversely affect his kidneys because his friend was recently diagnosed with end-stage renal failure. Which of the following is a renal complication of sickle cell disease?
A. Membranous glomerulonephritis
B. Proximal renal tubular acidosis
C. Impaired urine diluting ability
D. Impaired urine concentration ability
Choose the correct option.",d,10,True,d,290,7.610783271491528,7.610783271491528,33,3,,28.37162208557129
39,medqa,"A 24-year-old woman is brought to the emergency room (ER) by her co-workers after they found her unconscious in her cubicle when they returned from lunch. They tell you that she has diabetes but do not know anything more about her condition. The woman’s vital signs include: pulse 110/min, respiratory rate 24/min, temperature 36.7°C (98.0°F), and blood pressure 90/60 mm Hg. On physical examination, the patient is breathing heavily and gives irrelevant responses to questions. The skin and mucous membranes appear dry. Examination of the abdomen reveals mild diffuse tenderness to palpation. Deep tendon reflexes in the extremities are 1+ bilaterally. Laboratory studies show:
Finger stick glucose 630 mg/dL
Arterial blood gas analysis:
pH 7.1
PO2 90 mm Hg
PCO2 33 mm Hg
HCO3 8 mEq/L
Serum:
Sodium 135 mEq/L
Potassium 3.1 mEq/L
Chloride 136 mEq/L
Blood urea nitrogen 20 mg/dL
Serum creatinine 1.2 mg/dL
Urine examination shows:
Glucose Positive
Ketones Positive
Leukocytes Negative
Nitrite Negative
RBCs Negative
Casts Negative
The patient is immediately started on a bolus of intravenous (IV) 0.9% sodium chloride (NaCl). Which of the following is the next best step in the management of this patient?
A. Infuse NaHCO3 slowly
B. Switch fluids to 0.45% NaCl
C. Start IV insulin infusion
D. Replace potassium intravenously
Choose the correct option.",d,10,False,c,444,11.282945957034826,11.282945957034826,33,3,,28.37162208557129
40,medqa,"A 27-year-old man presents to the emergency department after a motor vehicle accident. The patient has a past medical history of asthma and cocaine use. His current medications include albuterol and ibuprofen. His temperature is 99.5°F (37.5°C), blood pressure is 70/35 mmHg, pulse is 150/min, respirations are 19/min, and oxygen saturation is 98% on room air. On initial trauma evaluation, his airway is intact and he is breathing spontaneously. The patient's dorsalis pedis and radial pulses are palpable bilaterally. His Glasgow Coma Scale is 9. Head to toe examination reveals instability of the pelvis when downwards force is applied. The patient is started on IV fluids and norepinephrine, and a pelvic binder is placed. The patient's vitals are measured again and his temperature is 99.5°F (37.5°C), blood pressure is 100/55 mmHg, pulse is 150/min, respirations are 17/min, and oxygen saturation is 98% on room air. A blood transfusion is started, and the patient is given hydromorphone. The patient suddenly becomes short of breath with notable bilateral wheezing with poor air movement. His blood pressure is 60/35 mmHg and pulse is 160/min. The patient is treated appropriately, intubated, stabilized, and transferred to the surgical intensive care unit. Which of the following is most likely to be found in this patient's history?
A. Hemolytic anemia and ataxia
B. Gum disease and poor wound healing
C. Irregularly irregular heart rhythm
D. Anti-A, B, or O antibodies in the serum
Choose the correct option.",a,10,False,b,2695,64.06915286928415,64.06915286928415,33,3,,28.37162208557129
41,medqa,"A 58-year-old man is brought to the emergency department because of sudden-onset right-sided body numbness for 1 hour. He reports that he has a 15-year history of hypertension treated with hydrochlorothiazide. He is alert and oriented to time, place, and person. Neurological examination shows decreased sensation to light pinprick and temperature on the right side of the face and body. Motor strength is 5/5 and deep tendon reflexes are 2+ bilaterally. Perfusion of which of the following structures of the brain is most likely impaired in this patient?
A. Posterior limb of the internal capsule
B. Lateral medulla
C. Basal pons
D. Ventral thalamus
Choose the correct option.",d,10,False,a,1690,40.66416761651635,40.66416761651635,33,3,,28.37162208557129
42,medqa,"A 50-year-old man with congestive heart failure (CHF) was started on an experimental analog of atrial natriuretic peptide. Which of the following would he expect to experience?
A. Increased water reabsorption by the renal collecting ducts
B. Vasoconstriction, increased blood pressure, aldosterone release
C. Increased glomerular filtration rate, restricted aldosterone release, vascular smooth muscle dilation
D. Increased plasma calcium and decreased renal reabsorption of phosphate
Choose the correct option.",c,10,True,c,437,11.034995418041945,11.034995418041945,33,3,,28.37162208557129
43,medqa,"A 7-year-old boy is rushed to the emergency room after losing consciousness 30 mins ago at home. The patient’s mother says that he has had a “running nose” for the past few days However, he did not receive any treatment for it, and his condition rapidly worsened today. He does not have any significant past medical history. His vaccination records are up to date. His temperature is 38.2°C (100.7°F), blood pressure is 90/50 mm Hg, heart rate is 120/min, and respiratory rate is 22/min. On physical examination, the patient is unresponsive. There is a petechial rash present on his chest, and he has some neck rigidity. Empiric intravenous antibiotics are started, and a lumbar puncture is performed. Which of the following is the most likely cause of this patient’s low blood pressure?
A. Human immunodeficiency virus infection
B. Hypertrophic cardiomyopathy
C. Adrenocortical insufficiency
D. Pheochromocytoma
Choose the correct option.",c,10,True,c,1930,45.9505458958447,45.9505458958447,33,3,,28.37162208557129
44,medqa,"A researcher is studying risk factors for open-angle glaucoma in a group of elderly patients at a primary care clinic. He is curious if patients with diabetes (defined as fasting serum glucose ≥126 mg/dL on two separate readings) are at increased risk of developing open-angle glaucoma over time. Which of the following is the best statement of the null hypothesis for this study?
A. The future risk of open-angle glaucoma is the same in patients with and those without diabetes
B. Having diabetes will not cause changes in risk of future open-angle glaucoma
C. Diabetes is not associated with an increased prevalence of open-angle glaucoma
D. Improved adherence to antidiabetics will not be effective in decreasing future open-angle glaucoma risk
Choose the correct option.",a,10,True,a,385,9.866338159888983,9.866338159888983,33,3,,28.37162208557129
45,medqa,"A 67-year-old man comes to the clinic complaining of fatigue and dizziness for the past 2 months. He reports that he gets tired easily compared to his baseline and feels dizzy when he exerts himself (e.g., when he walks long distances). His past medical history is significant for hypertension that is controlled with lisinopril. A physical examination demonstrates moderate hepatomegaly and lymphadenopathy. His laboratory studies are shown below.

Leukocyte count and differential:
Leukocyte count: 11,500/mm^3
Segmented neutrophils: 40%
Bands: 3%
Eosinophils: 1%
Basophils: 0%
Lymphocytes: 50%
Monocytes: 8%

Hemoglobin: 11.2 g/dL
Platelet count: 120,000/mm^3
Mean corpuscular hemoglobin concentration: 31%
Mean corpuscular volume: 80 µm^3
Reticulocyte count: 3%
Lactate dehydrogenase: 45 U/L

A subsequent flow cytometry test demonstrates CD20+ cells. What is the most likely finding you would expect in this patient?
A. Low levels of erythropoietin
B. Low levels of leukocyte alkaline phosphatase (LAP)
C. Presence of hairy cells
D. Presence of smudge cells
Choose the correct option.",d,10,True,d,2097,50.2358462177217,50.2358462177217,33,3,,28.37162208557129
46,medqa,"Thirty minutes after delivery, a 3600-g (7-lb 15-oz) newborn has noisy breathing, bluish discoloration of her lips, and intermittent respiratory distress. She was born at 38 weeks' gestation and required bag-mask resuscitation immediately after delivery. Pregnancy was uncomplicated. Her mother has noticed the bluish lip discoloration worsen when she fed and improve when she cried. The patient's pulse is 163/min, respirations are 62/min, and blood pressure is 60/30 mm Hg. The crying infant's lungs are clear to auscultation. Further evaluation of this patient is most likely to show which of the following?
A. Diffuse reticulogranular densities on chest x-ray
B. Boot-shaped heart on chest x-ray
C. Passage of a gastric catheter through the mouth not possible
D. Passage of a catheter through the nasal cavity not possible
Choose the correct option.",d,10,False,b,1115,26.98636168986559,26.98636168986559,33,3,,28.37162208557129
47,medqa,"A 15-year-old girl comes to the physician because of episodic pelvic pain radiating to her back and thighs for 4 months. The pain occurs a few hours before her menstrual period and lasts for 2 days. She has been taking ibuprofen, which has provided some relief. Menses have occurred at regular 28-day intervals since menarche at the age of 12 years and last for 5 to 6 days. She is sexually active with two male partners and uses condoms inconsistently. Vital signs are within normal limits. Physical examination shows no abnormalities. Which of the following is the most likely cause of this patient's symptoms?
A. Endometrial sloughing and uterine contractions mediated by prostaglandin
B. Ascending infection of the uterus, fallopian tubes, ovaries, or surrounding tissue
C. Fluid-filled sac within the ovary
D. Hormone-sensitive smooth muscle tumor of the myometrium
Choose the correct option.",a,10,True,a,592,14.685141041874886,14.685141041874886,33,3,,28.37162208557129
48,medqa,"A 35-year-old man comes to the physician because of episodes of difficulty swallowing for the past 3 months. He feels solid food getting stuck in his chest behind the sternum when he eats. Drinking does not cause any difficulty swallowing. He has no coughing or nasal regurgitation. He has no hoarseness or weight loss. He has had heartburn for 2 years with no response to high-dose omeprazole. His past medical history is also significant for asthma and eczema. He takes no medications except for omeprazole. His vital signs are within normal limits. Physical examination shows no abnormal findings. Which of the following best explains these findings?
A. Achalasia
B. Diffuse esophageal spasm
C. Eosinophilic esophagitis
D. Esophageal reflux disease
Choose the correct option.",c,10,True,c,678,16.776978332549334,16.776978332549334,33,3,,28.37162208557129
49,medqa,"A 68-year-old man presents to the emergency department because of fever, abdominal pain, and rapidly progressive distension of the abdomen. His appendix was removed for an abscess 3 days ago. The complete blood count showed leukocytosis. Anaerobic culture of the peritoneal fluid needle aspirate showed a gram-negative pathogen. Which of the following, in addition to polymicrobial infection, is the most likely cause of this patient’s condition?
A. Bacteroides fragilis
B. Campylobacter jejuni
C. Clostridium perfringens
D. Shigella sonnei
Choose the correct option.",a,10,True,a,1415,34.058723237365484,34.058723237365484,33,3,,28.37162208557129
50,medqa,"A 51-year-old man presents the emergency room with chest pain. He mentions that the pain started several hours ago and radiates to his left neck and shoulder. He also mentions that he has some difficulty in breathing. He says that he has had similar chest pains before, but nothing seemed to be wrong at that time. He was diagnosed with high cholesterol during that episode and was prescribed medication. He also has a 3-year history of gastritis. The blood pressure is 130/80 mm Hg, respirations are 18/min, and the pulse is 110/min. He seems a little anxious. The physical examination reveals no significant abnormalities. An ECG shows slight changes in the leads. His physician talks to him about the benefits of taking low-dose aspirin daily. Which of the following would be a contraindication to the use of aspirin in this patient?
A. ECG changes
B. Hypercholesterolemia
C. Gastritis
D. Increased pulse rate
Choose the correct option.",c,10,True,c,410,10.520905930548906,10.520905930548906,33,3,,28.37162208557129
51,medqa,"A 22-year-old woman presents to her primary care physician in April for seasonal allergies. She has suffered from seasonal allergies for the past 2 years and takes diphenhydramine as needed when her symptoms worsen. She has not yet seen a physician for her allergies. She reports that diphenhydramine has been helpful in controlling her symptoms, but she does not like feeling drowsy from the medication. Her past medical history is also notable for well-controlled asthma. She uses an albuterol inhaler on an as-needed basis. She smokes marijuana daily. Her temperature is 99.2°F (37.3°C), blood pressure is 120/70 mmHg, pulse is 76/min, and respirations are 16/min. She has a prominent nasal crease. Her nasal turbinates are boggy and bluish-gray. She has copious thin and watery nasal mucus. The physician suggests replacing diphenhydramine with fexofenadine to improve her drowsiness. What characteristic of fexodenadine allows it to be less sedating than diphenhydramine?
A. Alpha-adrenergic antagonism
B. Beta-adrenergic antagonism
C. Relative lipophobicity
D. Serotonergic antagonism
Choose the correct option.",c,10,True,c,318,8.311469670385122,8.311469670385122,33,3,,28.37162208557129
52,medqa,"A 40-year-old businessman who was previously well is brought into the emergency department by his assistant with a complaint of left-sided weakness after a chiropractic neck manipulation. He has never felt like this before. Past medical history is insignificant. His blood pressure is 125/75 mm Hg, pulse 86/min, respiratory rate 13/min, temperature 36.8°C (98.2°F). A T2-weighted MRI shows a left C5 hemicord lesion. The patient is treated with cervical immobilization, a course of steroids, and physical therapy. What other finding will most likely be seen in this patient?
A. Spastic paralysis at the level of lesion
B. Right-sided Horner's syndrome
C. Contralateral corticospinal tract involvement
D. Right-sided analgesia
Choose the correct option.",d,10,True,d,1857,44.33810004591942,44.33810004591942,33,3,,28.37162208557129
53,medqa,"A 23-year-old man is admitted to the hospital with fever, chest discomfort, tachypnea, pain, needle-like sensations in the upper extremities, and profuse sweating. He also complains of a gradual decrease in vision over the past 3 months. He is a bodybuilding competitor and has a competition coming up in 1 week. The man reports that his symptoms appeared suddenly, 30 minutes after he took 2 foreign-manufactured fat-burning pills instead of the 1 he usually takes. His blood pressure is 140/90 mm Hg, heart rate is 137/min, respiratory rate is 26/min, and temperature is 39.9°C (103.8°F). Physical examination reveals a reddish maculopapular rash over the patient’s trunk, diminished lung and heart sounds, tenderness to palpation in his abdomen, and rotational bilateral nystagmus with an alternating gaze-dependent fast component. Ophthalmologic examination shows bilateral cataracts. The patient’s total blood count is as follows:
Erythrocytes 4.4 x 109/mm3
Hb 12 g/dL
Total leukocyte count  3750/mm3
Neutrophils 57%
Lymphocyte 37%
Eosinophil 1%
Monocyte 5%
Basophil 0%
Platelet count 209,000/mm3
Which of the following statements best describes the pathogenesis of this patient’s condition?
A. The patient’s symptoms are caused by an increased concentration of epinephrine released by the adrenal glands in response to the consumed substance.
B. The drug caused uncoupling of the electron transport chain and oxidative phosphorylation.
C. The patient has a pyretic reaction due to bacterial contamination of the pills.
D. The drug has stimulated the hypothalamic temperature center to produce hyperthermia.
Choose the correct option.",b,10,True,b,1479,35.41979170590639,35.41979170590639,33,3,,28.37162208557129
54,medqa,"A 6-month-old boy is brought to the physician by his parents for difficulty breathing and bluish discoloration of the lips for the past hour. During the past 3 months, the patient has had several upper respiratory tract infections and poor weight gain. Physical examination shows crackles over both lung fields and enlargement of the tonsils and cervical lymph nodes. His serum IgA, IgE, and IgG titers are decreased. An x-ray of the chest shows bilateral interstitial infiltrates. Methenamine silver staining of bronchial lavage fluid shows disc-shaped cysts. A defect in which of the following is the most likely underlying cause of this patient's condition?
A. Actin filament assembly
B. T-cell receptor signaling
C. Microtubule polymerization
D. B-cell maturation
Choose the correct option.",b,10,False,d,840,20.462792921811342,20.462792921811342,33,3,,28.37162208557129
55,medqa,"A 25-year-old man presents to his primary care physician for pain in his back. The patient describes the pain as feeling worse in the morning. He says it is a general stiffness that improves when he goes to the gym and lifts weights. He also states that his symptoms seem to improve when he leans forward or when he is cycling. The patient is a current smoker and is sexually active. He admits to having unprotected sex with many different partners this past year. The patient has no significant past medical history and is not currently taking any medications. On physical exam, the patient demonstrates notable kyphosis of the thoracic spine and decreased mobility of the back in all 4 directions. The patient’s strength is 5/5 in his upper and lower extremities. The rest of his physical exam is within normal limits. Which of the following findings is associated with this patient’s presentation?
A. Diminished pulses in the lower extremity
B. Narrowing of the spinal canal when standing upright
C. Pain with elevation of his leg while laying down
D. Punctate bleeding spots when dermatologic scales are removed
Choose the correct option.",d,10,False,b,674,16.50572942197323,16.50572942197323,33,3,,28.37162208557129
56,medqa,"A 70-year-old man is brought to the emergency department by staff of the group home where he resides because of worsening confusion for the past week. He has a history of major depressive disorder and had an ischemic stroke 4 months ago. Current medications are aspirin and sertraline. He is lethargic and disoriented. His pulse is 78/min, and blood pressure is 135/88 mm Hg. Physical examination shows moist oral mucosa, normal skin turgor, and no peripheral edema. While in the waiting room, he has a generalized, tonic-clonic seizure. Laboratory studies show a serum sodium of 119 mEq/L and an elevated serum antidiuretic hormone concentration. Which of the following sets of additional laboratory findings is most likely in this patient?
 $$$ Serum osmolality %%% Urine sodium %%% Serum aldosterone $$$
A. ↓ ↓ ↓
B. ↑ ↓ normal
C. ↓ ↑ ↑
D. ↓ ↑ ↓
Choose the correct option.",d,10,True,d,1268,30.599203668534756,30.599203668534756,33,3,,28.37162208557129
57,medqa,"A 45-year-old woman with hypothyroidism comes to the physician because of progressive fatigue, lethargy, and epigastric pain after eating. Physical examination shows pale conjunctivae. Laboratory studies show decreased serum hemoglobin levels and increased serum gastrin levels. Esophagogastroduodenoscopy shows inflammation of the gastric body and fundus. A photomicrograph of a biopsy specimen taken from the gastric antrum is shown. Which of the following is the most likely cause of this patient's symptoms?
A. Mucosal cell hyperplasia
B. Enterochromaffin-like cell hyperplasia
C. Parietal cell destruction
D. Chief cell destruction
Choose the correct option.",c,10,True,c,849,20.582910425961018,20.582910425961018,33,3,,28.37162208557129
58,medqa,"A 66-year-old man is brought to the emergency room by his wife due to abdominal distension and persistent somnolence for the past 2 weeks. The patient’s wife says that he has been sleeping much more than usual for the past 5 days. His bowel and bladder habit have not changed. His past medical history is significant for alcoholic liver cirrhosis. His vital signs include: pulse 76/min, respiratory rate 15/min, temperature 38.0°C (100.4°F) and blood pressure 122/75 mm Hg. On physical examination, the patient is altered and not responsive to commands. Oriented x 0. The abdomen is significantly distended. Shifting dullness is present and a positive fluid wave can be elicited. Hyperreflexia and asterixis are noted. Laboratory findings are significant for the following:
Laboratory test
Sodium 140 mEq/L
Potassium 3.5 mEq/L
Chloride 97 mEq/L
Glucose 90 mg/dL
Ammonia 100 µg/dL (ref: 19-60 µg/dL)
Arterial blood gas
pH 7.4
pCO2 40 mm Hg
pO2 90 mm Hg
HCO3 26 mEq/L
An abdominal ultrasound shows surface nodularity compatible with cirrhosis but no other changes aside from ascites. An upper GI endoscopy is performed which shows gastric varices with no signs of active bleeding. An MRI of the brain is insignificant. What is the most likely precipitating factor that led to this patient’s condition?
A. Spontaneous bacterial peritonitis
B. Metabolic alkalosis
C. Portal vein thrombosis
D. Hypoglycemia
Choose the correct option.",a,10,True,a,1496,35.692807506769896,35.692807506769896,33,3,,28.37162208557129
59,medqa,"A 3-week-old newborn is brought to the physician by his parents because of poor feeding, irritability, and frequent vomiting over the past week. The vomitus is greenish in color and smells strange. His parents have tried to feed him every 4 hours, but the patient often spits up or refuses to eat. The patient was born at term and had his first bowel movement at 50 hours of life. He has since had one bowel movement daily. He is at the 50th percentile for length, 10th percentile for weight, and 40th percentile for head circumference. He does not appear to be in acute distress. His temperature is 36.9°C (98.4°F), pulse is 140/min, respirations are 40/min, and blood pressure is 90/60 mm Hg. Physical examination shows that the patient has small, low-set ears, a broad and flat nasal bridge, and a large space between the first and second toes bilaterally. The abdomen is distended. When the finger is removed following a rectal exam, there is an explosive release of stool from the patient's rectum. An x-ray of the abdomen shows a section of dilated colon followed by a segment of colon without stool or air. Which of the following is most likely to confirm the diagnosis?
A. CT scan of the abdomen
B. Transabdominal ultrasonography
C. Anorectal manometry
D. Rectal suction biopsy
Choose the correct option.",d,10,True,d,684,16.821712661534548,16.821712661534548,33,3,,28.37162208557129
60,medqa,"An 11-month-old boy is brought to the clinic by his mother for a rash on his trunk, which he has had for the past 2 days. She notes that he is eating less and is more cranky than usual. His birth history is insignificant, and his immunizations are up to date. Vital signs include: temperature is 37.8°C (100.0°F), pulse is 98/min, and respiratory rate is 16/min. The rash features thin-walled, fluid-filled blisters that rupture easily. Fluid samples from the lesions are sent for analysis to a microbiology lab. The results reveal an infection by the gram-positive bacterium Staphylococcus aureus. The patient is diagnosed with staphylococcal scalded skin syndrome. Which of the following is involved with the primary defense in response to the bacteria and toxins produced by this organism?
A. Immunoglobulin- IgG
B. Immunoglobulin- IgD
C. Immunoglobulin- IgA
D. Immunoglobulin- IgM
Choose the correct option.",d,10,True,d,1023,24.69141947850585,24.69141947850585,33,3,,28.37162208557129
61,medqa,"A 60-year-old man presents to his local walk-in clinic with 1 week of fever, chills, night sweats, anorexia, malaise, progressive shortness of breath, and sharp chest pain. He is found with a blood pressure of 100/80 mm Hg, a heart rate of 84/min, an elevated respiratory rate, and a holosystolic heart murmur III/VI. His palms and soles show non-tender erythematous lesions. His personal medical history is relevant for frequent visits to the ER for lower gastrointestinal bleeding in the last month with a recent colonoscopy that reported an ulcerative lesion suggestive of colorectal cancer. He has not been subjected to dental procedures recently, and he denies the use of psychoactive drugs. A chest plain film shows clear lungs and mild cardiomegaly, and echocardiography reports the presence of vegetations involving the mitral valve. Which of the following organisms is the most likely causative agent?
A. Staphylococcus aureus
B. Escherichia coli
C. Haemophilus aphrophilus
D. Streptococcus bovis
Choose the correct option.",d,10,True,d,417,10.570475704967976,10.570475704967976,33,3,,28.37162208557129
62,medqa,"A 53-year-old man comes to the physician because of a 2-month history of multiple episodes of small amounts of blood in his stools. Examination shows pale conjunctivae. His hemoglobin concentration is 8.3 g/dL and mean corpuscular volume is 72μm3. Colonoscopy shows a 2.3-cm polypoid mass in the ascending colon. A photomicrograph of a biopsy specimen of the lesion is shown. Which of the following processes is most likely to be involved in the pathogenesis of this patient's condition?
A. Underexpression of COX-2
B. Increased phosphorylation of serine and threonine
C. Impaired degradation of β-catenin
D. Abnormal transfer of phosphate to cellular proteins
Choose the correct option.",c,10,True,c,508,12.806952185928822,12.806952185928822,33,3,,28.37162208557129
63,medqa,"A 65-year-old male is treated for anal carcinoma with therapy including external beam radiation. How does radiation affect cancer cells?
A. Induces the formation of thymidine dimers
B. Induces the formation of disulfide bonds
C. Induces deamination of cytosine
D. Induces breaks in double-stranded DNA
Choose the correct option.",d,10,True,d,604,15.037218566983938,15.037218566983938,33,3,,28.37162208557129
64,medqa,"A 17-year-old man presents to his family physician for an evaluation about the size of his penis. He feels increasingly anxious during physical education (PE) class as he has noticed that the size of his penis is significantly smaller when compared to his peers. Based on the physical examination, he is Tanner stage 1. The weight and height are 60 kg (132 lb) and 175 cm (5 ft 9 in), respectively. The cardiopulmonary examination is normal; however, the patient has difficulty identifying coffee grounds by smell. Which of the following explains the pathophysiology underlying this patient’s disorder?
A. Expansion of a CTG trinucleotide repeat
B. Isolated gonadotropin-releasing hormone (GnRH) deficiency
C. Sex-specific epigenetic imprinting
D. Non-disjunction of sex chromosomes
Choose the correct option.",b,10,True,b,979,23.704899843782187,23.704899843782187,33,3,,28.37162208557129
65,medqa,"A 25-year-old man is brought to the emergency department by police. He was found at a local celebration acting very strangely and was reported by other patrons of the event. The patient is very anxious and initially is hesitant to answer questions. He denies any substance use and states that he was just trying to have a good time. The patient's responses are slightly delayed and he seems to have difficulty processing his thoughts. The patient tells you he feels very anxious and asks for some medication to calm him down. The patient has a past medical history of psoriasis which is treated with topical steroids. His temperature is 99.5°F (37.5°C), blood pressure is 120/75 mmHg, pulse is 110/min, respirations are 15/min, and oxygen saturation is 99% on room air. On physical exam, you note an anxious young man. HEENT exam reveals a dry mouth and conjunctival injection. Neurological exam reveals cranial nerves II-XII as grossly intact with normal strength and sensation in his upper and lower extremities. Cardiac exam reveals tachycardia, and pulmonary exam is within normal limits. Which of the following is the most likely intoxication in this patient?
A. Alcohol
B. Marijuana
C. Cocaine
D. Phencyclidine
Choose the correct option.",b,10,True,b,1132,27.280242294073105,27.280242294073105,33,3,,28.37162208557129
66,medqa,"A 40-year-old man presents to the clinic with complaints of increased bilateral pain in his knees. The pain developed over time and now limits his mobility. He states that the pain is worse at the end of the day, though he does have some early-morning stiffness lasting about 20 minutes. He used to have some success with over-the-counter NSAIDs; however, they no longer help. The patient also has been taking metformin for the past 2 years and is severely obese, with a BMI of 41 kg/m2. Additionally, he states that he has felt increasingly tired during the day, often dozes off during work, and no longer feels refreshed when he wakes up in the morning. Upon examination, there is no tenderness on palpation or erythema; however, some crepitus is felt. He has no other complaints but has a family history of rheumatoid arthritis (RA) on his mother’s side. Which of the following factors is the underlying cause of the patient’s pain, as well as the rest of his complaints?
A. Medication side effect
B. Excess weight
C. Infection
D. Occult malignancy
Choose the correct option.",b,10,True,b,790,19.137393064796925,19.137393064796925,33,3,,28.37162208557129
67,medqa,"A 32-year-old Caucasian woman is referred to a gastroenterologist by her family physician for 8 months of abdominal pain, foul-smelling diarrhea with floating, bulky stools, weight loss, and macrocytic anemia. Her personal history is relevant for allergic rhinitis. Physical examination shows grouped, erythematous papulovesicular lesions on her arms, torso, and abdomen. Which of the following is the most appropriate approach for the management of this patient?
A. Amitriptyline
B. Octreotide
C. Gluten-free diet
D. Methysergide maleate
Choose the correct option.",c,10,True,c,456,11.41047266125679,11.41047266125679,33,3,,28.37162208557129
68,medqa,"A 65-year-old man presents to his primary care physician with a neck mass. He first noticed a firm mass on the anterior aspect of his neck approximately 4 months ago. The mass is painless and has not increased in size since then. He has also noticed occasional fatigue and has gained 10 pounds in the past 4 months despite no change in his diet or exercise frequency. His past medical history is notable for gout for which he takes allopurinol. He denies any prior thyroid disorder. He runs 4 times per week and eats a balanced diet of mostly fruits and vegetables. He does not smoke and drinks a glass of wine with dinner. His family history is notable for medullary thyroid cancer in his maternal uncle. His temperature is 97.8°F (36.6°C), blood pressure is 127/72 mmHg, pulse is 87/min, and respirations are 19/min. On exam, he has a firm, symmetric, and stone-firm thyroid. A biopsy of this patient's lesion would most likely demonstrate which of the following findings?
A. Diffuse infiltrate of lymphoid cells destroying thyroid follicles
B. Dense fibroinflammatory infiltrate
C. Pleomorphic undifferentiated infiltrative cells with necrosis
D. Stromal amyloid deposition
Choose the correct option.",b,10,False,d,947,22.838168255984783,22.838168255984783,33,3,,28.37162208557129
69,medqa,"A 75-year-old man comes to the physician because of a 7-day history of nausea and vomiting. Over the past 2 days, he has also been feeling weak and tired. When standing up after sitting for a while, he feels dizzy. He says he has to go to the bathroom more often than usual, and that he is urinating “a normal amount” each time. He has not had diarrhea. He has hypertension, for which he has been taking hydrochlorothiazide for the past 6 months. He drinks 9 glasses of water per day and takes his medication regularly. He is 168 cm (5 ft 6 in) tall and weighs 90 kg (198 lb); BMI is 32 kg/m2. His temperature is 36.5°C (97.7°F), blood pressure is 106/54 mm Hg, and pulse is 92/min. Physical examination shows whitening of the tongue. Skin that is pinched on the back of the hand retracts after 5 seconds. On mental status examination, his speech is slowed; he is oriented to person, place, and time. Laboratory studies show:
Serum
Na+ 150 mEq/L
Cl− 97 mEq/L
K+ 3.6 mEq/L
HCO3− 30 mEq/L
Osmolality 354 mOsm/kg
Hemoglobin A1C 10.5%
Urine
Osmolality 400 mOsm/kg
Which of the following is the most likely explanation for these findings?""
A. Diuretic overdose
B. Osmotic diuresis
C. Excess production of aldosterone
D. Insufficient production of antidiuretic hormone
Choose the correct option.",b,10,True,b,1894,45.259904123842716,45.259904123842716,33,3,,28.37162208557129
70,medqa,"An 18-year-old male is brought in by fire rescue. The patient was an unrestrained passenger in a motor vehicle crash and was ejected from the vehicle after collision. Upon arrival to the trauma bay, the patient has a Glasgow coma scale (GCS) of 6. He is rapidly intubated, and vitals are a temperature of 99.5°F (37.5°C), pulse of 130 bpm, and blood pressure of 83/64 mmHg. He is noted to have multiple ecchymoses over his body, as well as petechiae and purpura. He has a laceration over his clavicle that continues to bleed despite a pressure bandage. Radiographs of his lower extremity show multiple long bone fractures. Two large bore IV lines are placed, and the patient oozes from around the sites of venepuncture. Labs are notable for a WBC of 20,000/mm^3, Hb of 10.1g/dL, platelets of 48,000/mm^3, and prolongation of the PT and aPTT. This patient's presentation can best be explained by which of the following diagnoses?
A. Air embolization
B. Tension pneumothorax
C. Disseminated intravascular coagulation
D. Coagulopathy of trauma
Choose the correct option.",c,10,True,c,1030,24.767926454544067,24.767926454544067,33,3,,28.37162208557129
71,medqa,"A 24-year-old woman gravida 2, para 1 at 24 weeks' gestation comes to the physician for a prenatal visit. She feels well. Her earlier pregnancy was uncomplicated. This is her 4th prenatal visit. She had an ultrasound scan 2 weeks ago that showed a live intrauterine pregnancy consistent with a 22-week gestation with no anomalies. She had a normal Pap smear 2 years ago. Vital signs are within normal limits. Pelvic examination shows a uterus consistent in size with a 24-week gestation. Her blood group and type is B positive. Which of the following is the most appropriate next step in management?
A. Oral glucose challenge test
B. Cardiotocography
C. Swab for GBS culture
D. Tdap vaccination
Choose the correct option.",a,10,True,a,1008,24.433795250952244,24.433795250952244,33,3,,28.37162208557129
72,medqa,"A 67-year-old man presents with feelings of nervousness and anxiety. He mentions that lately, he has been feeling increasingly restless and is unable to control feelings of nervousness pertaining to all his daily tasks. He noticed that these feelings were more prominent in the last 2 months but have been present on and off for the last year. On many occasions, his mind will be racing with thoughts that keep him up at night. During these moments, he finds his heart racing and feels light-headed and dizzy to the point of blacking out. He has also been experiencing back and neck pain with increased muscle tension in these areas. The patient reports no smoking or alcohol use but mentions that he had tried cocaine and heroin in his 20s and 30s. Which of the following would be the best course of treatment for this patient’s symptoms?
A. Diazepam
B. Ramelteon
C. Buspirone
D. Alprazolam
Choose the correct option.",c,10,True,c,1058,25.651888854801655,25.651888854801655,33,3,,28.37162208557129
73,medqa,"A 45-year-old man arrives by ambulance to the emergency room after being involved in a very severe construction accident. The patient was found unconscious with a large metal spike protruding from his abdomen by a coworker who was unable to estimate the amount of time the patient went without medical aid. Upon arrival to the ER, the patient was unconscious and unresponsive. His vital signs are BP: 80/40, HR: 120 bpm, RR: 25 bpm, Temperature: 97.1 degrees, and SPO2: 99%.He is taken to the operating room to remove the foreign body and control the bleeding. Although both objectives were accomplished, the patient had an acute drop in his blood pressure during the surgery at which time ST elevations were noted in multiple leads. This resolved with adequate fluid resuscitation and numerous blood transfusions. The patient remained sedated after surgery and continued to have relatively stable vital signs until his third day in the intensive care unit, when he experiences an oxygen desaturation of 85% despite being on a respirator with 100% oxygen at 15 breaths/minute. On auscultation air entry is present bilaterally with the presence of crackles. A 2/6 systolic murmur is heard. Readings from a Swan-Ganz catheter display the following: central venous pressure (CVP): 4 mmHg, right ventricular pressure (RVP) 20/5 mmHg, pulmonary artery pressure (PAP): 20/5 mmHg. Pulmonary capillary wedge pressure (PCWP): 5 mm Hg. A chest x-ray is shown as Image A. The patient dies soon after this episode. What is the most likely direct cause of his death?
A. Diffuse alveolar damage
B. Ventricular septal defect
C. Myocardial free wall rupture
D. Myocardial reinfarction
Choose the correct option.",a,10,False,b,1945,46.28340758010745,46.28340758010745,33,3,,28.37162208557129
74,medqa,"A 43-year-old man with a history of hepatitis C and current intravenous drug use presents with 5 days of fever, chills, headache, and severe back pain. On physical exam, temperature is 100.6 deg F (38.1 deg C), blood pressure is 109/56 mmHg, pulse is 94/min, and respirations are 18/min. He is thin and diaphoretic with pinpoint pupils, poor dentition, and track marks on his arms and legs. A high-pitched systolic murmur is heard, loudest in the left sternal border and with inspiration. He is admitted to the hospital and started on broad-spectrum antibiotics. One of the blood cultures drawn 12 hours ago returns positive for Staphylococcus aureus. Which of the following is the most appropriate next step to confirm the diagnosis?
A. Repeat blood cultures now
B. Repeat blood cultures 24 hours after initial cultures were drawn
C. Repeat blood cultures 48 hours after initial cultures were drawn
D. Do not repeat blood cultures
Choose the correct option.",a,10,False,d,925,22.406695879995823,22.406695879995823,33,3,,28.37162208557129
75,medqa,"A 34-year-old man presents to the emergency department complaining of headache, fever, chills, cough, shortness of breath, and chest pain for the past 4 days. He smokes 2 packs per day and drinks 2–3 beers every day. He denies any previous medical problems except for seasonal allergies for which he takes diphenhydramine on occasions. At the hospital, the vital signs include: temperature 40.0°C (104.0°F), blood pressure 140/80 mm Hg, heart rate 98/min, and respiratory rate 28/min. On physical exam, he is thin and poorly kept. His clothes appear dirty. Small scars are visible in the decubitus region of both arms. The lung sounds are equal with bilateral crackles, and heart auscultation reveals a systolic murmur that radiates to the left axilla. Petechiae are seen on the hard palate and palms of his hands. A chest X-ray and blood cultures are ordered. What is the most likely organism causing his symptoms?
A. Streptococci viridans
B. Staphylococcus aureus
C. Aspergillus fumigatus
D. Staphylococcus epidermidis
Choose the correct option.",b,10,True,b,652,16.059987518936396,16.059987518936396,33,3,,28.37162208557129
76,medqa,"A 52-year-old man presents to the physician with a 6-month history of shortness of breath and nonproductive cough. He was recently diagnosed with stage 3 embryonal carcinoma testicular cancer. Following an orchiectomy, he was placed on chemotherapy. Cardiopulmonary examination shows fine inspiratory crackles bilaterally. There is clubbing present in the fingers bilaterally. Pulmonary function tests (PFTs) show FVC is 78% of expected and FEV1/FVC ratio is 92%. A CT scan of the chest is shown. Which of the following drugs is responsible for the patient’s condition?
A. Bleomycin
B. Carboplatin
C. Cisplatin
D. Ifosfamide
Choose the correct option.",a,10,True,a,567,14.007105343043804,14.007105343043804,33,3,,28.37162208557129
77,medqa,"A 63-year-old man presents to the clinic for left calf pain when walking a distance of more than 200 m. He has had this pain for more than 8 months now, and he rates it as 7 out of 10. The pain subsides with rest. The patient has had a history of diabetes mellitus for the past 2 years which is well controlled. A percutaneous coronary intervention was performed in 2014. His current medications are insulin and aspirin. Family history is significant for coronary artery disease. He has an 80 pack-year history of smoking and currently smokes. He consumes 4 drinks per day of alcohol. On physical examination, his blood pressure is 144/89 mm Hg, the heart rate is 80/min and regular, the breathing rate is 25/min, and the pulse oximetry is 96%. Normal cardiac and lung sounds were heard on auscultation. Which of the following is the appropriate treatment to improve the patient’s symptoms?
A. Cilostazol
B. Femoral embolectomy
C. Femoral-to-popliteal bypass graft
D. Interventional endovascular treatment
Choose the correct option.",a,10,True,a,419,10.5992330648005,10.5992330648005,33,3,,28.37162208557129
78,medqa,"A 56-year-old man comes to the physician because of a 1-day history of sudden severe pain in his right great toe. Four months ago, he had an episode of severe joint pain involving his left knee that lasted several days and resolved with over-the-counter analgesics. He has a history of hypertension treated with hydrochlorothiazide and nephrolithiasis. Examination shows erythema, swelling, warmth, and tenderness of the right metatarsophalangeal joint; range of movement is limited by pain. His serum uric acid is 12 mg/dL. Arthrocentesis yields cloudy fluid with a leukocyte count of 18,500/mm3 (80% segmented neutrophils). Polarized light microscopy of the synovial fluid is shown. Which of the following is the mechanism of action of the most appropriate long-term pharmacotherapy for this patient's condition?
A. Increased conversion of uric acid to allantoin
B. Inhibition of phospholipase A
C. Inhibition of xanthine oxidase
D. Increased renal excretion of urate
Choose the correct option.",c,10,True,c,873,21.150008607655764,21.150008607655764,33,3,,28.37162208557129
79,medqa,"A 32-year-old male presents to the ED with acute-onset chest pain. His blood pressure is 157/90 mmHg and his his pulse is 116/min. He appears anxious and agitated and a careful exam reveals dilated pupils and a perforated nasal septum. An EKG reveals ST segment elevation so he is urgently taken for cardiac intervention. Upon review, this patient reveals that he has not had care from a physician since he graduated from college. In the interim he has been largely unemployed and admits that he has recently been homeless. When asked directly, the patient admits to alcohol and marijuana use but denies illicit drug use. Which of the following best describes the mechanism of action of the agent most likely responsible for this patient's presentation?
A. Blocking reuptake of dopamine and norepinephrine
B. Inhibiting breakdown of biogenic amines
C. Antagonizing the NMDA receptor
D. Inhibiting the GABA receptor
Choose the correct option.",a,10,True,a,534,13.329243667423725,13.329243667423725,33,3,,28.37162208557129
80,medqa,"A 67-year-old man is brought to the emergency department with severe, crushing, retrosternal chest pain for the last 45 minutes. The pain radiates to his left shoulder and is associated with sweating. The past medical history is significant for hypercholesterolemia, for which he takes lovastatin. He smoked as a youth but quit at 40 years of age. On arrival at the emergency department, the vital signs were as follows: pulse 58/min, respiratory rate 22/min, and blood pressure 90/56 mm Hg. He is sweating profusely. The jugular venous pulse is visible 2.5 cm above the sternal angle. Auscultation reveals soft S1 and S2 heart sounds with an added S4 and bilateral inspiratory crackles at the lung bases. The electrocardiogram shows ST-elevations in leads V1 and V2. A diagnosis of an anteroseptal infarction is made. The patient was given aspirin on the way to the hospital. He is started on dopamine, morphine, nitroglycerin, and streptokinase. Which of the following would be the most concerning development over the next 24h this patient?
A. Hemoptysis
B. Easy fatigability
C. Persistent ST-segment elevation
D. Shortness of breath
Choose the correct option.",a,10,False,d,1705,40.70558977127075,40.70558977127075,33,3,,28.37162208557129
81,medqa,"A 52-year-old man presents to the physician because of ongoing shortness of breath, which is more prominent when he lies down. Occasionally, he experiences palpitations, especially during strenuous activities. In addition to this, he has been experiencing difficulty in digestion and often experiences regurgitation and dysphagia. He reports that he emigrated from Mexico 20 years ago and visits his hometown twice a year. The vital signs include: blood pressure 120/75 mm Hg, respiratory rate 19/min, and pulse 100/min. The physical examination shows jugular vein distention along with pitting edema in the ankles. Bilateral basilar crackles and an S3 gallop are heard on auscultation of the chest. A chest X-ray is taken. An electrocardiogram (ECG) shows no significant findings. What is the most likely explanation for this patient’s physical and diagnostic findings?
A. Alcohol abuse
B. Hypertensive changes
C. Parasitic infection
D. Bacterial infection
Choose the correct option.",c,10,True,c,574,14.242193069308996,14.242193069308996,33,3,,28.37162208557129
82,medqa,"A 27-year-old HIV positive female gave birth to a 7lb 2oz (3.2 kg) baby girl. The obstetrician is worried that the child may have been infected due to the mother's haphazard use of her anti-retroviral medications. Which of the following assays would a hospital use detect the genetic material of HIV if the child had been infected?
A. Enzyme-linked immunosorbent assay (ELISA)
B. Rapid HIV antibody test
C. Polymerase chain reaction
D. Southern blot
Choose the correct option.",c,10,True,c,583,14.423363402485847,14.423363402485847,33,3,,28.37162208557129
83,medqa,"A 32-year-old man jumps off a 3 story building during a suicide attempt. Paramedics arrive quickly, and he is taken to the hospital where several stable lumbar fractures and a shattered right calcaneus are found. He undergoes surgery and his calcaneus is repaired with 11 screws. Which of the following statements best describes the long term post-surgery outcome in this patient?
A. He will not be able to plantar flex his foot.
B. He will not be able to point his toe.
C. He will have pain with inversion and eversion of his foot.
D. He will have pain while dorsiflexing his foot.
Choose the correct option.",c,10,True,c,895,21.635603364557028,21.635603364557028,33,3,,28.37162208557129
84,medqa,"A stillborn infant is delivered at 38 weeks' gestation to a 32-year-old woman. The mother had no prenatal care. Examination of the stillborn shows a small pelvis, shallow intergluteal cleft, and club feet. An x-ray shows the absence of the sacrum and lumbar vertebrae. Which of the following is the strongest predisposing factor for this patient's condition?
A. Maternal oligohydramnios
B. Intrauterine alcohol exposure
C. Maternal diabetes
D. Chromosome 18 trisomy
Choose the correct option.",c,10,True,c,1104,26.501420244574547,26.501420244574547,33,3,,28.37162208557129
85,medqa,"A 33-year-old man presents to the infectious diseases clinic for follow-up. He was recently admitted to the hospital with fever, shortness of breath, and cough, and was found to have Pneumocystic jirovecii pneumonia and a new diagnosis of HIV. His CD4 count is 175, viral load is pending. As part of routine laboratory studies given his new diagnosis, an RPR was found to be positive with a titer of 1:64, and this is confirmed with a positive FTA-ABS. He is unsure when or how he acquired HIV or syphilis. His neurological examination is normal, and he has no symptoms. Which of the following is the most appropriate next step in management:
A. Perform lumbar puncture, treat based on presence or absence of CNS disease
B. Treat with three weekly injections of penicillin, obtain titers in 3 months
C. Treat with three weekly injections of penicillin, obtain titers in 6 months
D. Treat with a single injection of penicillin, obtain titers in 6 months
Choose the correct option.",c,10,True,c,831,20.160511039197445,20.160511039197445,33,3,,28.37162208557129
86,medqa,"A 57-year-old woman comes to the physician because of a 3-month history of fatigue. She also reports generalized itchiness that started approximately 2 months ago. Two weeks ago, she noticed yellowing of her eyes. She does not smoke or drink alcohol. She uses eyedrops for persistent dryness of the eyes. Her vital signs are within normal limits. Physical examination shows jaundice of the conjunctivae and skin. The mucous membranes of the mouth are dry. The abdomen is soft. The liver edge is palpable 3 cm below the right costal margin. There are generalized skin excoriations. Laboratory studies show:
Hemoglobin 15 g/dL
Leukocyte count 7,700/mm3
Platelet count 332,000/mm3
Serum
Glucose 122 mg/dL
Total bilirubin 3.1 mg/dL
Direct 2.5 mg/dL
Alkaline phosphatase 452 U/L
AST 155 U/L
ALT 168 U/L
Hepatitis B surface antigen negative
Hepatitis B core IgM antibody negative
Hepatitis B surface antibody positive
Hepatitis C antibody negative
Ultrasonography of the abdomen shows mildly increased echogenicity of the liver. Which of the following additional findings is most likely to be found in this patient?""
A. Inferior vena cava thrombosis
B. Cutaneous xanthomas
C. Increased CA 19-9 levels
D. Kayser-Fleischer rings
""
Choose the correct option.",b,10,True,b,1604,38.23157041892409,38.23157041892409,33,3,,28.37162208557129
87,medqa,"A 40-year-old man comes to the physician because of shortness of breath, double vision, and fatigue for the past 4 weeks. He has no history of serious medical illness and takes no medications. Physical examination shows drooping of the eyelids bilaterally. He is unable to hold his arms up for longer than 3 minutes. A CT scan of the chest shows an anterior mediastinal mass with smooth contours. A photomicrograph of a specimen from the mass is shown. Which of the following immunologic processes normally occurs in the region indicated by the arrow?
A. B-cell maturation
B. V(D)J recombination
C. Thymocyte formation
D. Negative selection
Choose the correct option.",d,10,True,d,1237,29.751093599945307,29.751093599945307,33,3,,28.37162208557129
88,medqa,"A 69-year-old gentleman presents to his primary care physician for pain in his right shoulder. The patient was helping his son move this past weekend, and he noticed after the move that he had pain and weakness in his right shoulder. The patient thought that this pain was just him being in poor shape so he started going to the gym and lifting weights which made his symptoms significantly worse. The patient has a past medical history of diabetes, obesity, and asthma. His current medications include albuterol, lisinopril, metformin, and glipizide. On physical exam you note an obese gentleman who seems to be in pain. You note prominent weakness of external rotation of his right upper extremity. When you ask the patient to slowly lower his right arm to his side when he holds it overhead, you note that he suddenly drops his arm and appears to be in pain. The patient's strength is 1/5 for abduction of the right arm. Which of the following is most likely injured in this patient?
A. Supraspinatus
B. Infraspinatus
C. Teres minor
D. Deltoid
Choose the correct option.",a,10,True,a,622,15.322655230760574,15.322655230760574,33,3,,28.37162208557129
89,medqa,"A 17-year-old female is brought to the emergency room by her father because she has been experiencing shortness of breath and chest pain. She says that the chest pain is worse when she breathes or coughs. Furthermore, on the way to the hospital she noticed that there were specks of blood on a tissue that she coughed into. She has no previous medical history and does not recall anything that could have provoked these symptoms. On presentation her temperature is 99°F (37.2°C), blood pressure is 107/65 mmHg, pulse is 102/min, respirations are 21/min, and O2 saturation is 91% on room air. Further testing shows a large filling defect in the pulmonary vessels, and the patient is started on an appropriate treatment intravenously. After drug administration, the effects of the drug are monitored using a standard blood test. Surprisingly, the test results come back within normal parameters. The most likely underlying cause of this patient's symptoms has which of the following modes of inheritance?
A. Autosomal dominant
B. Autosomal partial dominance
C. X-linked dominant
D. X-linked recessive
Choose the correct option.",a,10,True,a,789,19.558462142944336,19.558462142944336,33,3,,28.37162208557129
90,medqa,"A 61-year-old nulliparous woman comes to the physician for a follow-up examination. Her last Pap smear 3 years ago showed atypical squamous cells of undetermined significance. HPV testing was negative at that time. On questioning, she has had fatigue and an increase in abdominal girth despite a 5-kg (11.0-lb) weight loss over the past 6 months. She has gastroesophageal reflux disease and Hashimoto's thyroiditis. Menarche was at the age of 10 years and her last menstrual period was 2 years ago. Current medications include omeprazole and levothyroxine. Abdominal examination shows shifting dullness. There is tenderness to palpation of the right lower quadrant but no guarding or rebound. Bimanual palpation shows a small uterus and a right adnexal mass. Further evaluation of this patient is most likely to show which of the following findings?
A. Elevated serum CA-125 level
B. Elevated serum beta-hCG level
C. Prolonged prothrombin time
D. Cervical dysplasia on Pap smear
Choose the correct option.",a,10,True,a,460,11.783525932580233,11.783525932580233,33,3,,28.37162208557129
91,medqa,"A group of researchers wants to evaluate how often the human immunodeficiency virus (HIV) is related to high-risk behaviors in female sex workers from their country. An additional aim is to evaluate the association between HIV acquisition and certain sociodemographic factors. The researchers collect data through interviewer-administered questionnaires (for behavioral and sociodemographic data) as well as through clinical and serological evaluation/screening methods for HIV and other sexually transmitted infections. Which of the following could be the main outcome measure of their study?
A. Incidence
B. Prevalence
C. Hazard rate
D. Attributable risk
Choose the correct option.",b,10,True,b,1429,34.550555508583784,34.550555508583784,33,3,,28.37162208557129
92,medqa,"A 25-year-old girl is brought to the emergency room after a suicide attempt. Her mother states that she found a large empty pill bottle next to her. The patient is conscious and tearful. She is currently complaining of severe abdominal pain but refuses to give any other history. She has a blood pressure of 135/86, respiratory rate of 18/min, and heart rate of 86/min. On examination, her abdomen is exquisitely tender with evidence of crepitus in the epigastric region. Abdominal CT reveals a gastric perforation. Which of the following is the most likely cause?
A. Decreased production of PGE2
B. Buildup of a toxic metabolite due to kidney disease
C. Increased stimulation of the vagus nerve
D. Hypovolemia
Choose the correct option.",a,10,True,a,742,18.24980365112424,18.24980365112424,33,3,,28.37162208557129
93,medqa,"Two hours following an elective cholecystectomy, a 43-year-old woman has fever and chills. The patient received cephalexin for antibiotic prophylaxis and one unit of packed red blood cells during the procedure. She underwent a hysterectomy 9 years ago for leiomyomata uteri. She has a 5-year history of hypertension treated with lisinopril. Her temperature is 39.5°C (102.3°F), pulse is 90/min, respirations are 18/min, and blood pressure is 125/90 mm Hg. Examination shows a mildly tender abdominal wound without erythema. The lungs are clear to auscultation. Cardiac examination shows no abnormalities. She had a Foley catheter and peripheral line access placed at the time of the procedure. Which of the following is the most likely cause of this patient's symptoms?
A. Adverse effect of medication
B. Malignant hyperthermia
C. Urinary tract infection
D. Transfusion reaction
Choose the correct option.",d,10,True,d,671,16.519161317497492,16.519161317497492,33,3,,28.37162208557129
94,medqa,"A 6-year-old boy is brought to the emergency department by his mother for worsening wheezing and shortness of breath over the past day. He has not had a fever, cough, vomiting, or diarrhea. He has asthma and eczema. He uses a glucocorticoid inhaler and an albuterol inhaler but has missed his medications for the past week while on vacation. He appears uncomfortable. His temperature is 36°C (96.8°F), pulse is 120/min, respirations are 40/min, and blood pressure is 100/80. Expiratory and inspiratory wheezing is heard throughout both lung fields. There are moderate intercostal and subcostal retractions and a decreased inspiratory to expiratory ratio. Nebulized albuterol and ipratropium treatments and intravenous methylprednisolone are given in the emergency department for a presumed asthma exacerbation. One hour later, the child is limp and lethargic. Magnesium sulfate is administered. His temperature is 36°C (96.8°F), pulse is 150/min, respirations are 22/min, and blood pressure is 100/70. No wheezing is heard on repeat pulmonary examination. Which of the following is the most appropriate next step in management?
A. Intubate with mechanical ventilation
B. Perform needle thoracostomy at the 2nd intercostal space
C. Perform bronchoscopy
D. Provide additional dose of methylprednisolone
Choose the correct option.",a,10,True,a,888,21.47239163145423,21.47239163145423,33,3,,28.37162208557129
95,medqa,"A 26-year-old female complains of frequent, large volume urination. This negatively affects her sleep, as she has to frequently wake up at night to urinate. She also complains of increased thirst. Her past medical history is significant for bipolar disorder that is treated with lithium for 3 years. Serum osmolality is 425 mOsm/kg, and urine osmolality is 176 mOsm/kg. Which of the following best explains this patient’s serum and urine osmolality?
A. Hypothalamic over-production of antidiuretic hormone (ADH)
B. Decreased production of ADH
C. ADH resistance in the renal collecting ducts
D. Increased sodium reabsorption and potassium excretion
Choose the correct option.",c,10,True,c,525,13.18725011870265,13.18725011870265,33,3,,28.37162208557129
96,medqa,"A 55-year-old man presents to the emergency department with a headache. He states that this is the worst headache he has ever had and that his symptoms have not been improving. The patient complains of pain in his jaw that is worse when he chews. He has a past medical history of insomnia and is currently taking alprazolam. His temperature is 98.2°F (36.8°C), blood pressure is 157/98 mmHg, pulse is 90/min, respirations are 15/min, and oxygen saturation is 98% on room air. Physical exam is notable for tenderness over the patient's scalp, jaw, and temporal area. Which of the following is the best next step in management?
A. CT head
B. Ibuprofen
C. IV steroids
D. Lumbar puncture
Choose the correct option.",c,10,True,c,738,17.98683451116085,17.98683451116085,33,3,,28.37162208557129
97,medqa,"A 60-year-old woman is brought to the clinic by her daughter for evaluation. The daughter reports that her mother has recently been having difficulty combing her hair in the mornings. The patient’s family history is significant for an ischemic stroke in her father. The patient’s past medical history is positive for diverticulosis. She takes no medication. Her blood pressure is 120/70 mm Hg, heart rate is 75/min, respiratory rate is 14/min, and temperature is 37.6°C (99.7°F). On physical examination, the patient’s neck is stiff and she also has bilateral shoulder tenderness; muscle strength is intact. Laboratory work is performed and presented below:
Hemoglobin 12.9 g/dL
Hematocrit 37.7% 
Leukocyte count 5,500/mm3
Neutrophils 65%
Lymphocytes 30%
Monocytes 5%
Mean corpuscular volume 82.2 μm3
Platelet count 190,000/mm3
Erythrocyte sedimentation rate 65 mm/h
C-reactive protein 44 mg/dL
For which of the symptoms below should the patient be screened?
A. Jaw claudication
B. Heliotrope rash
C. Gastroesophageal reflux
D. Pink plaques with silvery scales
Choose the correct option.",a,10,True,a,1632,38.89708315208554,38.89708315208554,33,3,,28.37162208557129
98,medqa,"A 48-year-old woman comes to the physician because of a 7-day history of progressively worsening shortness of breath. She has a history of asthma and has frequent exacerbations despite receiving maximal medical therapy. Physical examination shows scattered expiratory wheezing. Laboratory studies show a leukocyte count of 9,800/mm3 (13% eosinophils) and elevated serum concentration of immunoglobulin E. An x-ray of the chest shows thickened bronchial walls and perihilar opacities. Sputum culture shows scattered septate hyphae that branch at 45 degrees. Which of the following is most likely to be increased in this patient?
A. IL-28
B. TGF-β
C. IFN-α
D. IL-4
Choose the correct option.",d,10,True,d,378,9.645931102335453,9.645931102335453,33,3,,28.37162208557129
99,medqa,"An 81-year-old man patient recently moved into an assisted living facility and presents today with itchy blisters in his axilla. He attributes these to a poor diet. He also complains that the nurse practitioner at the facility started him on 4 new medications, in addition to his existing prescriptions. On physical examination, tense axillary bullae are noted that do not rupture with light, gloved touch. On direct immunofluorescence, linear C3 and IgG deposits are seen along the basement membrane. Which of the following is the most likely diagnosis?
A. Staphylococcal scalded skin syndrome
B. Bullous pemphigoid
C. Pemphigus vulgaris
D. Cicatricial pemphigoid
Choose the correct option.",b,10,True,b,558,13.83794466778636,13.83794466778636,33,3,,28.37162208557129
0,medqa,"A 34-year-old man comes to the physician because of a 3-week history of colicky abdominal pain and diarrhea. He has bowel movements 10–12 times daily; the stool contains blood and mucus. He constantly has the urge to defecate. His vital signs are within normal limits. Examination of the abdomen shows diffuse tenderness to palpation. Serum concentration of C-reactive protein is 20 mg/L (N<10). Colonoscopy shows a bleeding, ulcerated rectal mucosa with several pseudopolyps. Which of the following is this patient at greatest risk of developing?
A. Hemolytic uremic syndrome
B. Oral ulcers
C. Colorectal cancer
D. Pancreatic cancer
Choose the correct option.",c,20,True,c,1480,36.170701682567596,36.170701682567596,63,3,,28.477328777313232
1,medqa,"A 38-year-old woman presents to her primary care physician for her yearly exam. Her only complaint is difficulty losing weight. Her BMI is 34 kg/m^2. In addition to a standard physical exam, the physician orders a glucose tolerance test. The woman's fasting blood glucose level is 120 mg/dL and two-hour post 75g glucose load blood glucose level is 190 mg/dL. The physician informs the patient that she is ""pre-diabetic"" or at risk of developing diabetes and recommends lifestyle modification with follow-up in 6 months. Which of the following endogenous signaling molecules or receptors will increase insulin sensitivity in this patient?
A. Catecholamines
B. Glucagon
C. Glucocorticoids
D. Peroxisome proliferator-activated receptor gamma
Choose the correct option.",d,20,True,d,686,17.818384882062674,17.818384882062674,63,3,,28.477328777313232
2,medqa,"A 33-year-old man presents to the emergency department after a motor vehicle collision. He was the front seat unrestrained driver in a head-on collision. The patient has a Glasgow Coma Scale of 5 and is subsequently intubated. Physical exam is notable for subcutaneous emphysema in the clavicular area. Needle decompression and chest tube placement are performed, and the patient is stabilized after receiving 2 units of blood and 2 liters of fluid. Chest radiography demonstrates proper tube location and resolution of the pneumothorax. The patient is transferred to the trauma intensive care unit. On the unit, a repeat chest radiograph is notable for a recurrent pneumothorax with the chest tube in place. Which of the following is the most likely diagnosis?
A. Inappropriate chest tube placement
B. Spontaneous pneumothorax
C. Tension pneumothorax
D. Tracheobronchial rupture
Choose the correct option.",d,20,True,d,568,14.766183838248253,14.766183838248253,63,3,,28.477328777313232
3,medqa,"A 45-year-old mechanic presents to the emergency department complaining of acute-onset shortness of breath while repairing a plowing tractor for his neighbor. The patient denies having any history of asthma or respiratory symptoms, and does not smoke. His temperature is 99.8°F (37.7°C), pulse is 65/min, blood pressure is 126/86 mmHg, and respirations are 20/min. His oxygen saturation is 97%. On exam, he is pale and diaphoretic. His pupils are contracted. Diffuse wheezes are noted in all lung fields. What is the best treatment for his condition?
A. Succinylcholine
B. Inhaled ipratropium and oxygen
C. Atropine and pralidoxime
D. Inhaled albuterol and oxygen
Choose the correct option.",c,20,True,c,635,16.37864926084876,16.37864926084876,63,3,,28.477328777313232
4,medqa,"A 64-year-old man comes to the physician with a 1-week history of sore mouth. He says that swallowing is not painful. He has had asthma for more than 20 years. His only medication is a high-dose combination salmeterol/fluticasone inhaler. His temperature is 37.1°C (98.8°F), pulse is 74/min, respirations are 14/min, and blood pressure is 125/65 mm Hg. A photograph of his oral mucosa is shown. Indirect mirror examination of the posterior oropharynx, larynx, and hypopharynx shows no abnormalities. Which of the following is the most appropriate next step in management?
A. Fluconazole
B. Isotretinoin
C. Nystatin
D. Penicillin V
Choose the correct option.",c,20,True,c,732,18.62201716005802,18.62201716005802,63,3,,28.477328777313232
5,medqa,"A 62-year-old man presents with episodes of palpitations for the past 3 weeks. He says that he has episodes where he feels his heart is ‘racing and pounding’, lasting 1–2 hours on average. Initially, he says the episodes would happen 1–2 times per week but now happen almost every day. This last episode has been constant for the past 2 days. He denies any seizure, loss of consciousness, dizziness, chest pain, or similar symptoms in the past. His past medical history is significant for an ischemic stroke of the right anterior cerebral artery 1 month ago, status post intravenous (IV) tissue plasminogen activator (tPA) with still some residual neurologic impairment, and long-standing gastroesophageal reflux secondary to a hiatal hernia, managed medically. The patient reports a 15-pack-year smoking history, but no alcohol or recreational drug use. The vital signs include: temperature 37.0°C (98.6°F), blood pressure 100/70 mm Hg, pulse 105/min, and respiratory rate 16/min. On physical examination, muscle strength in the lower extremities is 4/5 on the left and 5/5 on the right, along with sensory loss on the left, all of which is improved from his previous exam 3 weeks ago. There is a loss of the left half of the visual field bilaterally which is stable from the previous exam. Cardiac examination is significant for a new-onset irregular rate and rhythm. No rubs, thrills or murmurs. A noncontrast computed tomography (CT) scan shows evidence of an area of infarction in the vicinity of the right anterior cerebral artery showing normal interval change with no evidence of new hemorrhage or expansion of the area of infarction. An electrocardiogram (ECG) is performed, which is shown in the exhibit (see image below). Which of the following is the most appropriate intervention to best prevent future cerebrovascular accidents (CVAs) in this patient?
A. Begin aspirin therapy
B. Begin clopidogrel
C. Carotid endarterectomy
D. Begin warfarin and heparin
Choose the correct option.",d,20,True,d,448,12.63701044023037,12.63701044023037,63,3,,28.477328777313232
6,medqa,"An investigator is studying cellular regeneration of epithelial cells. She has obtained a tissue sample from a normal thyroid gland for histopathologic examination. It shows follicles lined by a single layer of cube-like cells with large central nuclei. Which of the following parts of the female reproductive tract is also lined by this type of epithelium?
A. Ovaries
B. Vagina
C. Fallopian tubes
D. Vulva
Choose the correct option.",a,20,True,a,647,17.334311354905367,17.334311354905367,63,3,,28.477328777313232
7,medqa,"A 4-year-old girl is brought to the emergency department with a persistent cough, fever, and vomiting. The past year the child has been admitted to the hospital 3 times with pneumonia. For the past 1 week, the child has been experiencing thick purulent cough and says that her chest feels ‘heavy’. Her stools have been loose and foul-smelling over the past week. Her parents are also concerned that she has not gained much weight due to her frequent hospital visits. She was born at 39 weeks gestation via spontaneous vaginal delivery and is up to date on all vaccines and is meeting all developmental milestones. On physical exam, the temperature is 39.1°C (102.4°F). She appears lethargic and uncomfortable. Crackles are heard in the lower lung bases, with dullness to percussion. A small nasal polyp is also present on inspection. Which of the following is the most likely cause for the girl’s symptoms?
A. Dysfunction in a transmembrane regulator
B. Inefficient breakdown of leucine, isoleucine, and valine
C. Dysfunction in the motility of respiratory cilia
D. Deficiency in lymphocytic activity
Choose the correct option.",a,20,True,a,577,15.593628965318203,15.593628965318203,63,3,,28.477328777313232
8,medqa,"A 70-year-old woman is brought to the emergency department for the evaluation of abdominal pain, nausea, and vomiting for 1 day. Computed tomography shows a small bowel perforation. The patient is prepared for emergent exploratory laparotomy. She is sedated with midazolam, induced with propofol, intubated, and maintained on nitrous oxide and isoflurane for the duration of the surgery. A single perforation in the terminal ileum is diagnosed intraoperatively and successfully repaired. The patient is transferred to the intensive care unit. The ventilator is set at an FiO2 of 50%, tidal volume of 1000 mL, respiratory rate of 12/min, and positive end-expiratory pressure of 2.5 cm H2O. Her temperature is 37.3°C (99.1°F), pulse is 76/min, and blood pressure is 111/50 mm Hg. She is responsive to painful stimuli. Lung examination shows bilateral rales. Abdominal examination shows a distended abdomen and intact abdominal surgical incisions. The remainder of the physical examination shows no abnormalities. Arterial blood gas analysis shows:
pH 7.44
pO2 54 mm Hg
pCO2 31 mm Hg
HCO3- 22 mm Hg
Which of the following is the best next step in the management of this patient?""
A. Increase the FiO2
B. Increase the tidal volume
C. Increase PEEP
D. Increase the respiratory rate
Choose the correct option.",c,20,True,c,1847,45.08430391922593,45.08430391922593,63,3,,28.477328777313232
9,medqa,"A 47-year-old man with a history of HIV1 infection presents to his HIV clinic to discuss his antiretroviral medications. He is interested in including maraviroc in his maintenance regimen after seeing advertisements about the medication. On exam, his temperature is 98.8°F (37.1°C), blood pressure is 116/74 mmHg, pulse is 64/min, and respirations are 12/min. His viral load is undetectable on his current regimen, and his blood count, electrolytes, and liver function tests have all been within normal limits. In order to consider maraviroc for therapy, a tropism assay needs to be performed. Which of the following receptors is affected by the use of maraviroc?
A. gp120
B. gp160
C. p24
D. Reverse transcriptase
Choose the correct option.",a,20,True,a,1800,44.662000488489866,44.662000488489866,63,3,,28.477328777313232
10,medqa,"A 23-year-old woman comes to the physician because of a 2-month history of episodic headaches associated with dizziness, nausea, and vomiting. Over-the-counter pain medications have failed to reduce her symptoms. An MRI of the brain shows isolated dilation of the left lateral ventricle. This dilatation is most likely caused by blockade of which of the following structures?
A. Arachnoid villi
B. Interventricular foramen
C. Median aperture
D. Lateral apertures
Choose the correct option.",b,20,True,b,914,23.353045415133238,23.353045415133238,63,3,,28.477328777313232
11,medqa,"A 65-year-old man comes to the physician because of progressively worsening fatigue for 6 months. During this time, he has also had shortness of breath and palpitations on exertion. He has noticed blood in his stools on three separate occasions in the past 4 months. He has type 2 diabetes mellitus and end-stage renal disease. He drinks two to four beers daily. He does not smoke. His pulse is 95/min and blood pressure is 120/70 mm Hg. Examination shows pale conjunctivae. The abdomen is soft with no organomegaly. Rectal examination is unremarkable. His hemoglobin concentration is 7.2 g/dL, hematocrit is 32%, and mean corpuscular volume is 68 μm3. Which of the following is the most likely underlying cause of this patient's bleeding?
A. Inflammation in an outpouching of the colonic wall
B. Symptomatic enlargement of hemorrhoidal plexus
C. Chronic mucosal and submucosal inflammation of the colon
D. Arteriovenous malformation in the colonic wall
Choose the correct option.",d,20,True,d,814,20.885938495397568,20.885938495397568,63,3,,28.477328777313232
12,medqa,"An 11-month-old boy is brought to the physician for a well-child examination. He is growing along with the 75th percentile and meeting all milestones. Physical examination shows a poorly rugated scrotum. The palpation of the scrotum shows only 1 testicle. A 2nd testicle is palpated in the inguinal canal. The examination of the penis shows a normal urethral meatus. The remainder of the physical examination shows no abnormalities. Which of the following is the most appropriate next step in management?
A. Chorionic gonadotropin therapy
B. Exploratory laparoscopy
C. Orchiectomy
D. Orchiopexy
Choose the correct option.",d,20,True,d,663,17.487913597375154,17.487913597375154,63,3,,28.477328777313232
13,medqa,"A 24-year-old woman presents to her primary care physician for a wellness visit. She says that she has been generally healthy but has noticed difficulty concentrating, becoming increasingly fatigued, and a 15-pound weight increase over the course of a few months. She also reports mild constipation and joint pain. Approximately 6-months ago, she experienced palpitations, increased stool frequency, and a hand tremor. Her past medical history is significant for asthma. Her father is not living and had Parkinson disease, and her mother has poorly controlled rheumatoid arthritis. She is currently sexually active in a monogamous relationship and uses contraception consistently. She denies cigarette smoking and occasionally drinks wine. She experimented once with lysergic acid diethylamide 6 years ago. Her temperature is 99°F (37.2°C), blood pressure is 127/98 mmHg, pulse is 55/min, and respirations are 13/min. On physical exam, the patient has slow speech and movement. She has tenderness to palpation of her wrist and ankle joints. She has delayed relaxation of deep tendon reflexes. Which of the following will most likely be found in this patient?
A. Elevated TSH
B. High Patient Health Questionnaire-9 (PHQ-9) score
C. Positive anti-CCP antibodies
D. Positive urine toxicology
Choose the correct option.",a,20,True,a,683,17.473457146435976,17.473457146435976,63,3,,28.477328777313232
14,medqa,"A 16-year-old boy is rushed to the emergency room with acute vomiting and abdominal pain that began earlier today. His parents say that the boy was doing well until two days ago when he told them that he was feeling unwell. He has diabetes and takes insulin but stopped taking it when he began to feel poorly two days ago. His temperature is 37°C (98.6°F), respirations are shallow and rapid with a rate of 33/min, pulse is 107/min, and blood pressure is 101/68 mm Hg. He appears severely dehydrated, showing signs of fatigue, and poor skin turgor. His breath has a fruity smell to it. His blood glucose level is 691 mg/dL. Blood is drawn for labs and the results are given below:
Serum:  
  pH: 7.21
  pCO2: 32 mm HG
  HCO 3-: 15.2 mEq/L
Sodium: 122 mEq/L
Potassium: 5.8 mEq/L
Urinalysis is positive for ketone bodies. What is the most appropriate immediate step in the management of this patient?
A. Administer IV fluids and insulin
B. Administer IV antibiotics
C. Administer IV fluids with oral antidiabetic medications
D. Administer potassium and magnesium
Choose the correct option.",a,20,True,a,480,12.789900194853544,12.789900194853544,63,3,,28.477328777313232
15,medqa,"A 22-year-old woman comes to the physician for the evaluation of irregular menstrual bleeding. Menses have occurred at 45- to 90-day intervals since menarche at the age of 15 years. Her last menstrual period was 5 weeks ago. The patient reports that she was too embarrassed to discuss this issue with anyone until now. Over the past two years, she was unable to become pregnant despite having unprotected sexual intercourse with her husband on a regular basis. There is no personal or family history of serious illness. She is 170 cm (5 ft 7 in) tall and weighs 85 kg (187 lb); BMI is 29.4 kg/m2. Her vital signs are within normal limits. Examination shows oily skin and severe facial acne. There is abnormal pigmented hair on the upper lip and around both nipples. The patient wishes to have children. In addition to recommending lifestyle modifications, which of the following is the most appropriate step in management?
A. In vitro fertilization with patient's egg
B. Progesterone therapy
C. Clomiphene therapy
D. Leuprolide therapy
Choose the correct option.",c,20,True,c,556,14.977380473166704,14.977380473166704,63,3,,28.477328777313232
16,medqa,"A 61-year-old man presents to the clinic with complaints of excessive thirst, frequent urination, and partial visual loss in both eyes for 1 day. His family history is significant for type 2 diabetes mellitus in his mother and cousin. His weight is 112 kg ( 246.9 lb), height 187 cm (6 ft 1 in), blood pressure: 150/90 mm Hg, heart rate: 89/min, respiratory rate: 14/min, and temperature: 36.7℃ (98.4℉). The physical examination is significant for dry skin, a pustular rash over the patient’s shoulders and back, an accentuated second heart sound (S2) best heard in the second intercostal space at the right sternal border, and distal loss of vibration sensitivity in both feet. A fundoscopic examination shows small red dots in the superficial retinal layers suggestive of microaneurysms. The HbA1c is 9% and the urinalysis shows the following:
Color Pale yellow (light/pale-to-dark/deep amber)
Clarity Cloudy
pH 6.6
Specific gravity 1.010
Glucose 199 mg/dl
Ketones None
Nitrites Negative
Leukocyte esterase Negative
Bilirubin Negative
Urinary bilirubin Traces
Red blood cells 3 RBCs
Protein 120 mg/d
RBCs ≤ 2 RBCs/hpf
WBCs 22 WBCs/hpf
Epithelial cells 27 squamous epithelial cells/hpf
Casts 5 hyaline casts/lpf
Crystals Occasional
Bacteria None
Yeast Present
Which of the following statements best describes the cause of this patient’s glucosuria?
A. There is a disruption of primary active transport of glucose in the proximal renal tubules
B. Secondary active transporters fail to completely reabsorb glucose in the renal tubules
C. There is a disruption of passive transport of the glucose in the proximal renal tubules
D. Glucosuria results from increased glomerular filtration rate
Choose the correct option.",b,20,True,b,1186,30.194436084479094,30.194436084479094,63,3,,28.477328777313232
17,medqa,"A 61-year-old woman presents to an outpatient clinic with fatigue and mild neck pain for a month. She adds that she is having difficulty swallowing. She denies trouble with her breathing but endorses 5–10 lb of unintentional weight loss over the past few months. On physical exam, the patient’s fingernails appear flat and mild conjunctival pallor is noted. An upper barium esophagram shows an upper esophageal web. A complete blood count reveals:
Hb% 10 gm/dL
Total count (WBC) 11,000 /mm3
Differential count:
Neutrophile 70%
Lymphocytes 25%
Monocytes 5%
ESR 10 mm/hr
What is the most likely diagnosis?
A. Plummer-Vinson syndrome
B. Esophageal squamous cell carcinoma
C. Zenker’s diverticulum
D. Achalasia
Choose the correct option.",a,20,True,a,491,13.554112359881401,13.554112359881401,63,3,,28.477328777313232
18,medqa,"A 28-year-old woman with no significant past medical history presents to her primary care physician with increased menstrual bleeding over the past three months. She also notes easy bruising and bleeding from her gums when brushing her teeth. She is sexually active with multiple partners and has no history of intravenous drug use. Physical exam is remarkable for petechiae and scattered ecchymoses on the patient's bilateral upper and lower extremities. Urine beta-HCG is negative. Laboratory results are as follows: Hgb 13.0 g/dL, WBCs 6,000/mL, platelets 95,000/mL, PT 13.2s, aPTT 30s. Peripheral blood smear shows normocytic, normochromic red blood cells and few platelets with no morphologic abnormalities. Which diagnostic study should be performed next?
A. Serum factor VIII levels and von Willebrand factor activity
B. Measurement of ADAMTS13 activity
C. HIV and HCV testing
D. Bone marrow aspiration
Choose the correct option.",c,20,False,d,2122,51.913130689412355,51.913130689412355,63,3,,28.477328777313232
19,medqa,"A 55-year-old man with a history of chronic glomerulonephritis due to IgA nephropathy presents to your office with bone pain. Which of the following laboratory findings would you most expect upon analysis of this patient's serum?
A. Increased PTH, decreased calcium, increased phosphate, decreased calcitriol
B. Decreased PTH, increased calcium, increased phosphate, increased calcitriol
C. Decreased PTH, decreased calcium, increased phosphate, decreased calcitriol
D. Normal PTH, normal calcium, normal phosphate, normal calcitriol
Choose the correct option.",a,20,True,a,508,13.629035945981741,13.629035945981741,63,3,,28.477328777313232
20,medqa,"A 50-year-old man presents to his primary care doctor following an inguinal hernia repair. The patient reports no pain in his lower abdomen or groin, no constipation, and states that he enjoys his usual diet. He denies any use of alcohol, tobacco, or illicit drugs. He has returned to work as a cruise ship attendant. Preoperative workup included chest radiography which demonstrated an opacification in his right middle lobe. The patient agrees to undergo computed tomography (CT) of his chest without contrast for further evaluation. The radiologist reports an 8 mm nodule in the patient's peripheral right middle lobe that has regular margins and appears calcified. One year later, the patient obtains another chest CT without contrast that reports the nodule size as 10 mm with similar characteristics. What is the most appropriate next step in management?
A. CT chest without contrast in 24 months
B. Positive emission tomography (PET) of chest now
C. Right middle lobectomy now
D. Bronchoscopy-guided biopsy now
Choose the correct option.",b,20,False,a,635,16.27343350276351,16.27343350276351,63,3,,28.477328777313232
21,medqa,"An 8-year-old boy is brought to the physician by his parents for short stature. Neither his clothing nor his shoe size have changed over the past year. He also frequently bumps into obstacles such as furniture and has headaches at night. He is always thirsty for cold water and has been urinating more frequently. Three years ago, he had an asthma attack that was treated with albuterol and a one-week course of steroids. His mother has Hashimoto's thyroiditis and had precocious puberty. His mother's height is 147 cm (4 ft 10 in) and his father's height is 160 cm (5 ft 3 in). He is at the 5th percentile for height and 5th percentile for weight. His temperature is 37°C (98.6°F), pulse is 98/min, respirations are 16/min, and blood pressure is 100/64 mm Hg. Examination shows a soft and nontender abdomen. The genitals and pubic hair are both Tanner stage 1. Axillary hair is absent. Patellar reflexes are 1+ bilaterally. Laboratory studies show:
Na+ 145 mEq/L
K+ 4.1 mEq/L
Cl- 102 mEq/L
HCO3- 25 mEq/L
Ca2+ 9.4 mg/dL
Glucose 110 mg/dL
Thyroid-stimulating hormone 0.3 μU/mL
Thyroxine 3.9 μg/dL
Insulin-like growth factor 1 24 ng/mL (N=61–356 ng/mL)
Insulin-like growth factor binding protein 3 2.1 mcg/mL (N=1.6–6.5 μg/mL)
Which of the following is the most likely diagnosis?""
A. Rathke cleft cyst
B. Craniopharyngioma
C. Multiple endocrine neoplasia
D. Pituitary adenoma
Choose the correct option.",b,20,True,b,472,12.770575534552336,12.770575534552336,63,3,,28.477328777313232
22,medqa,"A 9-month-old boy is brought to his pediatrician by his mother for a routine health checkup. The boy was born at 39 weeks gestation via spontaneous vaginal delivery. He is up to date on all vaccines and is meeting all developmental milestones. He was breastfed for the first 3 months and then switched to cow’s milk and about two months ago she started giving him fruits and vegetables. Family history is noncontributory. Today, his heart rate is 120/min, respiratory rate is 40/min, blood pressure is 90/50 mm Hg, and temperature of 37.0°C (98.6°F). On examination, he has a heartbeat with a regular rate and rhythm and his lungs are clear to auscultation bilaterally. Generally, the boy looks pale. His weight and height fall within the expected range. A complete blood count (CBC) shows the following:
Hemoglobin (Hb): 9.1 g/dL
Mean corpuscular volume (MCV): 65 fL
Total iron binding capacity (TIBC): 550 μg/dL
Serum iron: 45 µg/dL
Serum lead: < 5 µg/dL
What is the best treatment for this patient?
A. Iron supplementation only
B. Proper diet and iron supplementation
C. Multivitamins
D. Proper diet only
Choose the correct option.",b,20,True,b,326,9.146074902266264,9.146074902266264,63,3,,28.477328777313232
23,medqa,"Three patients present to the pediatrician for routine well-child visits. The first child’s mother reports that he seems to be breastfeeding well and voids at least eight times per day. His stools are a yellow color, and he does not seem to be straining. In the office, he can lift his head and chest when in the prone position, and he can track an object with his eyes to the midline. His hands remain fisted 50% of the time.

The second child’s parents report that she is doing well at home and seems to enjoy playing with her older brother. In the office, she can roll from supine to prone and can transfer her rattle from hand to hand. She cannot yet say any words.

The third child’s father reports that he is starting to explore the world around him. He has begun taking independent steps at home. In the office, he seems to recognize the name of several objects, but he cannot follow the direction to “grab the ball.” All three children are assessed as developmentally normal.

Which of the following represents these patient's respective ages?
A. Ages 1 month, 4 months, and 9 months
B. Ages 2 months, 4 months, and 12 months
C. Ages 2 months, 6 months, and 9 months
D. Ages 2 months, 6 months, and 12 months
Choose the correct option.",d,20,False,b,1153,28.36565812677145,28.36565812677145,63,3,,28.477328777313232
24,medqa,"A 22-year-old primigravida presents for a regular prenatal visit at 16 weeks gestation. She is concerned about the results of a dipstick test she performed at home, which showed 1+ glucose. She does not know  if her liquid consumption has increased, but she urinates more frequently than before. The course of her pregnancy has been unremarkable and she has no significant co-morbidities. The BMI is 25.6 kg/cm2 and she has gained 3 kg (6.72 lb) during the pregnancy. The blood pressure is 110/80 mm Hg, the heart rate is 82/min, the respiratory rate is 14/min, and the temperature is 36.6℃ (97.9℉). The lungs are clear to auscultation, the heart sounds are normal with no murmurs, and there is no abdominal or costovertebral angle tenderness. The laboratory tests show the following results:
Fasting glucose 97 mg/L
ALT 12 IU/L
AST 14 IU/L
Total bilirubin 0.8 mg/dL(15 µmol/L)
Plasma creatinine 0.7 mg/dL (61.9 µmol/L)
Which of the following tests are indicated to determine the cause of the abnormal dipstick test results?
A. HbA1c measurement
B. No tests required
C. Urinalysis
D. Oral glucose tolerance test
Choose the correct option.",b,20,False,d,938,23.322255089879036,23.322255089879036,63,3,,28.477328777313232
25,medqa,"A four-day-old neonate is brought to the pediatrician with vaginal discharge for the last two days. Her mother is concerned about the blood-tinged discharge but states that her daughter has been feeding and voiding well. The neonate was delivered at 39 weeks gestation by an uncomplicated vaginal delivery, and she and her mother were discharged home after two days. The prenatal course was complicated by chlamydia in the mother during the first trimester, for which she and the partner were both treated with a negative test of cure. The neonate’s biological father is no longer involved the patient's care, but her mother’s boyfriend has been caring for the baby whenever the mother rests. At this visit, the neonate’s temperature is 98.5°F (36.9°C), pulse is 138/min, and respirations are 51/min. She appears comfortable, and cardiopulmonary and abdominal exams are unremarkable. There are no bruises or marks on her skin. Examination of the genitals reveals no vulvar irritation or skin changes, but there is scant pink mucoid discharge at the introitus. Which of the following is the best next step in management?
A. Vaginal exam under anesthesia
B. Vaginal culture
C. Warm water irrigation of the vagina
D. Reassurance
Choose the correct option.",d,20,True,d,597,15.482922419905663,15.482922419905663,63,3,,28.477328777313232
26,medqa,"A group of researchers decided to explore whether the estimates of incidence and prevalence rates of systemic lupus erythematosus (SLE) were influenced by the number of years it took to examine administrative data. These estimates were not only based on hospital discharges, but also on physician billing codes. For study purposes, the researchers labeled incident cases at the initial occurrence of SLE diagnosis in the hospital database, while prevalent cases were those that were coded as harboring SLE at any time, with patients maintaining their diagnosis until death. Which statement is true regarding the relationship between incidence and prevalence rates during the time period that might be chosen for this specific study?
A. Incidence rates will be higher during shorter time periods than longer periods.
B. The prevalence of SLE during consecutively shorter time windows will be overestimated.
C. The inclusion of attack rates would increase incidence estimates in longer time periods.
D. The inclusion of attack rates would decrease incidence estimates in shorter time periods.
Choose the correct option.",a,20,False,5,4096,96.8789891153574,96.8789891153574,63,3,,28.477328777313232
27,medqa,"A 76-year-old woman visits a physician for a general medical examination. She is asymptomatic. Six months prior, she had a cerebral stroke with left hemiparesis, from which she has almost completely recovered with physiotherapy. She has a history of hypertension and atrial fibrillation (AF). She has no significant ischemic, valvular, or structural heart disease. She takes metoprolol, amlodipine, warfarin, and atorvastatin. Blood pressure is 125/70 mm Hg, pulse is 75/min with an irregular rhythm. Respirations are 13/min. She has a minor limp and weakness in her left arm and leg. Heart exam shows no abnormalities other than irregular beats. To assess adherence and therapeutic efficacy in this patient, which of the following studies should be ordered?
A. Echocardiogram
B. International normalized ratio
C. Partial thromboplastin time
D. Serum drug levels
Choose the correct option.",b,20,True,b,351,9.708256550133228,9.708256550133228,63,3,,28.477328777313232
28,medqa,"A 16-year-old boy with a seizure disorder and cognitive delay is brought to the physician because of progressively worsening right lower extremity weakness for the past 6 months. He does not make eye contact and sits very close to his mother. Physical examination shows a grade 3/6 holosystolic murmur at the cardiac apex. Neurological examination shows decreased strength in the right lower leg with normal strength in the other extremities. Fundoscopic examination shows several multinodular, calcified lesions in the retina bilaterally. A photograph of his skin findings is shown. This patient's condition is most likely due to a mutation in which of the following?
A. NF1 gene on chromosome 17
B. NF2 gene on chromosome 22
C. TSC1 gene on chromosome 9
D. VHL gene on chromosome 3
Choose the correct option.",c,20,True,c,1346,32.89738887920976,32.89738887920976,63,3,,28.477328777313232
29,medqa,"A 75-year-old woman presents to the emergency department with 30 minutes of slurred speech and arm weakness. On the drive over to the hospital, her symptoms have resolved completely. The patient has a past medical history of hypertension, atrial fibrillation, diabetes, morbid obesity, gout, and vascular claudication. Her temperature is 99.0°F (37.2°C), blood pressure is 184/111 mmHg, pulse is 88/min, respirations are 15/min, and oxygen saturation is 98% on room air. Physical exam reveals cranial nerves II-XII as grossly intact with normal strength and sensation in the patient's upper and lower extremities. The patient's memory is intact and her speech seems normal and fluent. Her gait is stable with no ataxia. An initial head CT demonstrates diffuse atrophy which is consistent with previous head CT scans. Which of the following is the best next step in management?
A. CT angiogram
B. Echocardiogram
C. Heparin
D. MRI
Choose the correct option.",a,20,False,d,1375,33.66770136728883,33.66770136728883,63,3,,28.477328777313232
30,medqa,"An investigator is studying the pattern of glutamate release from presynaptic nerve terminals in human volunteers with Alzheimer disease. The concentration of glutamate in the CA1 region of the hippocampus is measured using magnetic resonance spectroscopy after Schaffer collateral fibers are electrically stimulated. Which of the following events most likely occurs immediately prior to the release of neurotransmitters?
A. Activation of G protein-coupled receptors
B. Accumulation of cAMP
C. Opening of ligand-gated ion channels
D. Influx of calcium
Choose the correct option.",d,20,True,d,454,12.145604830235243,12.145604830235243,63,3,,28.477328777313232
31,medqa,"A 35-year-old woman presents to her primary care provider concerned that she may be pregnant. She has a history of regular menstruation every 4 weeks that lasts about 4 days with mild to moderate bleeding, but she missed her last period 2 weeks ago. A home pregnancy test was positive. She has a 6-year history of hyperthyroidism that is well-controlled with daily methimazole. She is currently asymptomatic and has no complaints or concerns. A blood specimen is taken and confirms the diagnosis. Additionally, her thyroid-stimulating hormone (TSH) is 2.0 μU/mL. Which of the following is the next best step in the management of this patient?
A. Continue methimazole
B. Discontinue methimazole, start propylthiouracil
C. Add glucocorticoids
D. Refer for radioiodine therapy
Choose the correct option.",b,20,True,b,534,14.073613777756691,14.073613777756691,63,3,,28.477328777313232
32,medqa,"A 63-year-old man is aiming to improve his health by eating a well balanced diet, walking daily, and quitting smoking following a 45-year smoking history. While on his daily walks he notices a strong cramping pain in his calves that consistently appears after a mile of walking. He sees his physician and a diagnosis of peripheral artery disease with intermittent claudication is made. To improve his symptoms, cilostazol is prescribed. What is the mechanism of action of this medication?
A. Irreversible cyclooxygenase inhibitor
B. Thromboxane synthase inhibitor
C. Adenosine diphosphate receptor inhibitor
D. Phosphodiesterase inhibitor
Choose the correct option.",d,20,True,d,635,16.36792642250657,16.36792642250657,63,3,,28.477328777313232
33,medqa,"A 25-year-old woman comes to the physician because of irregular menstrual bleeding. Menses have occurred at 30- to 90-day intervals since menarche at the age of 12 years. Her last menstrual period was 6 weeks ago. She is sexually active with her husband and they do not use condoms. There is no personal or family history of serious illness. She is 170 cm (5 ft 7 in) tall and weighs 73 kg (161 lb); BMI is 25.3 kg/m2. Her vital signs are within normal limits. Examination shows oily skin and severe acne on the face. There is dark hair on the upper lip and around both nipples. Laboratory studies show:
Dehydroepiandrosterone sulfate 6.2 μg/mL (N=0.5–5.4)
Follicle-stimulating hormone 20 mIU/mL
Luteinizing hormone 160 mIU/mL
Testosterone 4.1 nmol/L (N < 3.5)
A urine pregnancy test is negative. Which of the following tests is the most appropriate next step in screening for comorbidities in this patient?""
A. 17-hydroxyprogesterone and cortisol level measurements
B. CA-125 level measurement
C. Blood glucose and cholesterol level measurements
D. TSH and T4 level measurements
Choose the correct option.",c,20,False,a,1747,42.54695865511894,42.54695865511894,63,3,,28.477328777313232
34,medqa,"During the normal catabolism of protein, urea and ammonia are produced as waste products. If these waste products are not cleared by the liver and kidneys, hyperammonemia can occur, leading to confusion and delirium. Fortunately, a healthy liver can clear these waste products via the urea cycle. Which of the following reactions is the rate limiting step in this cycle?
A. NH3 + HCO3- + 2 ATP --> carbamoyl phosphate + 2 ADP + Pi
B. Carbamoyl phosphate + ornithine --> citrulline+ Pi
C. Citrulline + aspartate + ATP --> arginosuccinate + AMP + PPi
D. Arginine + H20 --> ornithine + urea
Choose the correct option.",a,20,True,a,704,17.90947074815631,17.90947074815631,63,3,,28.477328777313232
35,medqa,"A 65-year-old man with metastatic lung cancer has been experiencing severe, unremitting pain. He has required escalating doses of oral morphine, but is now having dose limiting side-effects. His pain management team recommends using a medication that can reduce his opioid need through interaction with the NMDA-receptor. Which of the following was the most likely recommended agent?
A. Propofol
B. Ketamine
C. Fentanyl
D. Midazolam
Choose the correct option.",b,20,True,b,267,7.756333976984024,7.756333976984024,63,3,,28.477328777313232
36,medqa,"An 81-year-old man is brought to the clinic by his son to be evaluated for memory issues. The patient’s son says he has difficulty remembering recent events and names. He says the patient’s symptoms have progressively worsened over the last several years but became acutely worse just recently. Also, yesterday, the patient complained that he could not see out of his right eye, but today he can. When asked about these concerns, the patient seems to have no insight into the problem and reports feeling well. His medical history is significant for diabetes mellitus type 2 and hypertension. He had a left basal ganglia hemorrhage 12 years ago and a right middle cerebral artery infarction 4 years ago. Current medications are amlodipine, aspirin, clopidogrel, metformin, sitagliptin, and valsartan. He lives with his son and can feed himself and change his clothes. There is no history of urinary or fecal incontinence. His vitals include: blood pressure 137/82 mm Hg, pulse 78/min, respiratory rate 16/min, temperature 37.0°C (98.6°F). On physical examination, the patient is alert and oriented. He is unable to perform simple arithmetic calculations and the mini-mental status exam is inconclusive. He can write his name and comprehend written instructions. Muscle strength is 4/5 on the right side. The tone is also slightly reduced on the right side with exaggerated reflexes. His gait is hemiparetic. Which of the following is the most likely diagnosis in this patient?
A. Alzheimer's disease
B. Lewy body dementia
C. Normal-pressure hydrocephalus
D. Vascular dementia
Choose the correct option.",d,20,True,d,829,21.115442145615816,21.115442145615816,63,3,,28.477328777313232
37,medqa,"A 28-year-old woman is brought to the emergency room after a motor vehicle accident. On arrival, she is stable and says that she hit a car at an intersection that ""came out of nowhere"". She states that she had similar close encounters with other cars these past few weeks but was able to avoid collisions with those. She has also had intermittent headaches over the last month and has noticed that her shirts have been getting wet unexpectedly. Blood tests reveal an abnormal elevation of a circulating substance. Which of following changes is also associated with the physiologic function of the most likely substance in this case?
A. Decreased oxytocin
B. Decreased progesterone
C. Increased follicle stimulating hormone
D. Increased progesterone
Choose the correct option.",b,20,False,d,2529,60.66847739741206,60.66847739741206,63,3,,28.477328777313232
38,medqa,"A 25-year-old African American man presents to his primary care provider for routine blood work. He is a well-known case of sickle cell disease treated with hydroxyurea and tramadol as needed for pain. He does not smoke or drink alcohol. The patient asks if his disease can adversely affect his kidneys because his friend was recently diagnosed with end-stage renal failure. Which of the following is a renal complication of sickle cell disease?
A. Membranous glomerulonephritis
B. Proximal renal tubular acidosis
C. Impaired urine diluting ability
D. Impaired urine concentration ability
Choose the correct option.",d,20,True,d,381,10.372028853744268,10.372028853744268,63,3,,28.477328777313232
39,medqa,"A 24-year-old woman is brought to the emergency room (ER) by her co-workers after they found her unconscious in her cubicle when they returned from lunch. They tell you that she has diabetes but do not know anything more about her condition. The woman’s vital signs include: pulse 110/min, respiratory rate 24/min, temperature 36.7°C (98.0°F), and blood pressure 90/60 mm Hg. On physical examination, the patient is breathing heavily and gives irrelevant responses to questions. The skin and mucous membranes appear dry. Examination of the abdomen reveals mild diffuse tenderness to palpation. Deep tendon reflexes in the extremities are 1+ bilaterally. Laboratory studies show:
Finger stick glucose 630 mg/dL
Arterial blood gas analysis:
pH 7.1
PO2 90 mm Hg
PCO2 33 mm Hg
HCO3 8 mEq/L
Serum:
Sodium 135 mEq/L
Potassium 3.1 mEq/L
Chloride 136 mEq/L
Blood urea nitrogen 20 mg/dL
Serum creatinine 1.2 mg/dL
Urine examination shows:
Glucose Positive
Ketones Positive
Leukocytes Negative
Nitrite Negative
RBCs Negative
Casts Negative
The patient is immediately started on a bolus of intravenous (IV) 0.9% sodium chloride (NaCl). Which of the following is the next best step in the management of this patient?
A. Infuse NaHCO3 slowly
B. Switch fluids to 0.45% NaCl
C. Start IV insulin infusion
D. Replace potassium intravenously
Choose the correct option.",d,20,False,c,827,21.13669789582491,21.13669789582491,63,3,,28.477328777313232
40,medqa,"A 27-year-old man presents to the emergency department after a motor vehicle accident. The patient has a past medical history of asthma and cocaine use. His current medications include albuterol and ibuprofen. His temperature is 99.5°F (37.5°C), blood pressure is 70/35 mmHg, pulse is 150/min, respirations are 19/min, and oxygen saturation is 98% on room air. On initial trauma evaluation, his airway is intact and he is breathing spontaneously. The patient's dorsalis pedis and radial pulses are palpable bilaterally. His Glasgow Coma Scale is 9. Head to toe examination reveals instability of the pelvis when downwards force is applied. The patient is started on IV fluids and norepinephrine, and a pelvic binder is placed. The patient's vitals are measured again and his temperature is 99.5°F (37.5°C), blood pressure is 100/55 mmHg, pulse is 150/min, respirations are 17/min, and oxygen saturation is 98% on room air. A blood transfusion is started, and the patient is given hydromorphone. The patient suddenly becomes short of breath with notable bilateral wheezing with poor air movement. His blood pressure is 60/35 mmHg and pulse is 160/min. The patient is treated appropriately, intubated, stabilized, and transferred to the surgical intensive care unit. Which of the following is most likely to be found in this patient's history?
A. Hemolytic anemia and ataxia
B. Gum disease and poor wound healing
C. Irregularly irregular heart rhythm
D. Anti-A, B, or O antibodies in the serum
Choose the correct option.",a,20,False,b,1768,43.07215258106589,43.07215258106589,63,3,,28.477328777313232
41,medqa,"A 58-year-old man is brought to the emergency department because of sudden-onset right-sided body numbness for 1 hour. He reports that he has a 15-year history of hypertension treated with hydrochlorothiazide. He is alert and oriented to time, place, and person. Neurological examination shows decreased sensation to light pinprick and temperature on the right side of the face and body. Motor strength is 5/5 and deep tendon reflexes are 2+ bilaterally. Perfusion of which of the following structures of the brain is most likely impaired in this patient?
A. Posterior limb of the internal capsule
B. Lateral medulla
C. Basal pons
D. Ventral thalamus
Choose the correct option.",d,20,False,a,1660,40.69201027601957,40.69201027601957,63,3,,28.477328777313232
42,medqa,"A 50-year-old man with congestive heart failure (CHF) was started on an experimental analog of atrial natriuretic peptide. Which of the following would he expect to experience?
A. Increased water reabsorption by the renal collecting ducts
B. Vasoconstriction, increased blood pressure, aldosterone release
C. Increased glomerular filtration rate, restricted aldosterone release, vascular smooth muscle dilation
D. Increased plasma calcium and decreased renal reabsorption of phosphate
Choose the correct option.",c,20,True,c,558,14.564020056277514,14.564020056277514,63,3,,28.477328777313232
43,medqa,"A 7-year-old boy is rushed to the emergency room after losing consciousness 30 mins ago at home. The patient’s mother says that he has had a “running nose” for the past few days However, he did not receive any treatment for it, and his condition rapidly worsened today. He does not have any significant past medical history. His vaccination records are up to date. His temperature is 38.2°C (100.7°F), blood pressure is 90/50 mm Hg, heart rate is 120/min, and respiratory rate is 22/min. On physical examination, the patient is unresponsive. There is a petechial rash present on his chest, and he has some neck rigidity. Empiric intravenous antibiotics are started, and a lumbar puncture is performed. Which of the following is the most likely cause of this patient’s low blood pressure?
A. Human immunodeficiency virus infection
B. Hypertrophic cardiomyopathy
C. Adrenocortical insufficiency
D. Pheochromocytoma
Choose the correct option.",c,20,True,c,1959,47.02727139368653,47.02727139368653,63,3,,28.477328777313232
44,medqa,"A researcher is studying risk factors for open-angle glaucoma in a group of elderly patients at a primary care clinic. He is curious if patients with diabetes (defined as fasting serum glucose ≥126 mg/dL on two separate readings) are at increased risk of developing open-angle glaucoma over time. Which of the following is the best statement of the null hypothesis for this study?
A. The future risk of open-angle glaucoma is the same in patients with and those without diabetes
B. Having diabetes will not cause changes in risk of future open-angle glaucoma
C. Diabetes is not associated with an increased prevalence of open-angle glaucoma
D. Improved adherence to antidiabetics will not be effective in decreasing future open-angle glaucoma risk
Choose the correct option.",a,20,True,a,736,18.744001675397158,18.744001675397158,63,3,,28.477328777313232
45,medqa,"A 67-year-old man comes to the clinic complaining of fatigue and dizziness for the past 2 months. He reports that he gets tired easily compared to his baseline and feels dizzy when he exerts himself (e.g., when he walks long distances). His past medical history is significant for hypertension that is controlled with lisinopril. A physical examination demonstrates moderate hepatomegaly and lymphadenopathy. His laboratory studies are shown below.

Leukocyte count and differential:
Leukocyte count: 11,500/mm^3
Segmented neutrophils: 40%
Bands: 3%
Eosinophils: 1%
Basophils: 0%
Lymphocytes: 50%
Monocytes: 8%

Hemoglobin: 11.2 g/dL
Platelet count: 120,000/mm^3
Mean corpuscular hemoglobin concentration: 31%
Mean corpuscular volume: 80 µm^3
Reticulocyte count: 3%
Lactate dehydrogenase: 45 U/L

A subsequent flow cytometry test demonstrates CD20+ cells. What is the most likely finding you would expect in this patient?
A. Low levels of erythropoietin
B. Low levels of leukocyte alkaline phosphatase (LAP)
C. Presence of hairy cells
D. Presence of smudge cells
Choose the correct option.",d,20,False,c,2247,54.675811275839806,54.675811275839806,63,3,,28.477328777313232
46,medqa,"Thirty minutes after delivery, a 3600-g (7-lb 15-oz) newborn has noisy breathing, bluish discoloration of her lips, and intermittent respiratory distress. She was born at 38 weeks' gestation and required bag-mask resuscitation immediately after delivery. Pregnancy was uncomplicated. Her mother has noticed the bluish lip discoloration worsen when she fed and improve when she cried. The patient's pulse is 163/min, respirations are 62/min, and blood pressure is 60/30 mm Hg. The crying infant's lungs are clear to auscultation. Further evaluation of this patient is most likely to show which of the following?
A. Diffuse reticulogranular densities on chest x-ray
B. Boot-shaped heart on chest x-ray
C. Passage of a gastric catheter through the mouth not possible
D. Passage of a catheter through the nasal cavity not possible
Choose the correct option.",d,20,False,c,1624,39.563146602362394,39.563146602362394,63,3,,28.477328777313232
47,medqa,"A 15-year-old girl comes to the physician because of episodic pelvic pain radiating to her back and thighs for 4 months. The pain occurs a few hours before her menstrual period and lasts for 2 days. She has been taking ibuprofen, which has provided some relief. Menses have occurred at regular 28-day intervals since menarche at the age of 12 years and last for 5 to 6 days. She is sexually active with two male partners and uses condoms inconsistently. Vital signs are within normal limits. Physical examination shows no abnormalities. Which of the following is the most likely cause of this patient's symptoms?
A. Endometrial sloughing and uterine contractions mediated by prostaglandin
B. Ascending infection of the uterus, fallopian tubes, ovaries, or surrounding tissue
C. Fluid-filled sac within the ovary
D. Hormone-sensitive smooth muscle tumor of the myometrium
Choose the correct option.",a,20,True,a,598,15.602339532226324,15.602339532226324,63,3,,28.477328777313232
48,medqa,"A 35-year-old man comes to the physician because of episodes of difficulty swallowing for the past 3 months. He feels solid food getting stuck in his chest behind the sternum when he eats. Drinking does not cause any difficulty swallowing. He has no coughing or nasal regurgitation. He has no hoarseness or weight loss. He has had heartburn for 2 years with no response to high-dose omeprazole. His past medical history is also significant for asthma and eczema. He takes no medications except for omeprazole. His vital signs are within normal limits. Physical examination shows no abnormal findings. Which of the following best explains these findings?
A. Achalasia
B. Diffuse esophageal spasm
C. Eosinophilic esophagitis
D. Esophageal reflux disease
Choose the correct option.",c,20,True,c,678,17.439690440893173,17.439690440893173,63,3,,28.477328777313232
49,medqa,"A 68-year-old man presents to the emergency department because of fever, abdominal pain, and rapidly progressive distension of the abdomen. His appendix was removed for an abscess 3 days ago. The complete blood count showed leukocytosis. Anaerobic culture of the peritoneal fluid needle aspirate showed a gram-negative pathogen. Which of the following, in addition to polymicrobial infection, is the most likely cause of this patient’s condition?
A. Bacteroides fragilis
B. Campylobacter jejuni
C. Clostridium perfringens
D. Shigella sonnei
Choose the correct option.",a,20,True,a,1091,27.124209623783827,27.124209623783827,63,3,,28.477328777313232
50,medqa,"A 51-year-old man presents the emergency room with chest pain. He mentions that the pain started several hours ago and radiates to his left neck and shoulder. He also mentions that he has some difficulty in breathing. He says that he has had similar chest pains before, but nothing seemed to be wrong at that time. He was diagnosed with high cholesterol during that episode and was prescribed medication. He also has a 3-year history of gastritis. The blood pressure is 130/80 mm Hg, respirations are 18/min, and the pulse is 110/min. He seems a little anxious. The physical examination reveals no significant abnormalities. An ECG shows slight changes in the leads. His physician talks to him about the benefits of taking low-dose aspirin daily. Which of the following would be a contraindication to the use of aspirin in this patient?
A. ECG changes
B. Hypercholesterolemia
C. Gastritis
D. Increased pulse rate
Choose the correct option.",c,20,True,c,553,14.541337374597788,14.541337374597788,63,3,,28.477328777313232
51,medqa,"A 22-year-old woman presents to her primary care physician in April for seasonal allergies. She has suffered from seasonal allergies for the past 2 years and takes diphenhydramine as needed when her symptoms worsen. She has not yet seen a physician for her allergies. She reports that diphenhydramine has been helpful in controlling her symptoms, but she does not like feeling drowsy from the medication. Her past medical history is also notable for well-controlled asthma. She uses an albuterol inhaler on an as-needed basis. She smokes marijuana daily. Her temperature is 99.2°F (37.3°C), blood pressure is 120/70 mmHg, pulse is 76/min, and respirations are 16/min. She has a prominent nasal crease. Her nasal turbinates are boggy and bluish-gray. She has copious thin and watery nasal mucus. The physician suggests replacing diphenhydramine with fexofenadine to improve her drowsiness. What characteristic of fexodenadine allows it to be less sedating than diphenhydramine?
A. Alpha-adrenergic antagonism
B. Beta-adrenergic antagonism
C. Relative lipophobicity
D. Serotonergic antagonism
Choose the correct option.",c,20,True,c,557,14.631828915327787,14.631828915327787,63,3,,28.477328777313232
52,medqa,"A 40-year-old businessman who was previously well is brought into the emergency department by his assistant with a complaint of left-sided weakness after a chiropractic neck manipulation. He has never felt like this before. Past medical history is insignificant. His blood pressure is 125/75 mm Hg, pulse 86/min, respiratory rate 13/min, temperature 36.8°C (98.2°F). A T2-weighted MRI shows a left C5 hemicord lesion. The patient is treated with cervical immobilization, a course of steroids, and physical therapy. What other finding will most likely be seen in this patient?
A. Spastic paralysis at the level of lesion
B. Right-sided Horner's syndrome
C. Contralateral corticospinal tract involvement
D. Right-sided analgesia
Choose the correct option.",d,20,True,d,1444,35.25755252316594,35.25755252316594,63,3,,28.477328777313232
53,medqa,"A 23-year-old man is admitted to the hospital with fever, chest discomfort, tachypnea, pain, needle-like sensations in the upper extremities, and profuse sweating. He also complains of a gradual decrease in vision over the past 3 months. He is a bodybuilding competitor and has a competition coming up in 1 week. The man reports that his symptoms appeared suddenly, 30 minutes after he took 2 foreign-manufactured fat-burning pills instead of the 1 he usually takes. His blood pressure is 140/90 mm Hg, heart rate is 137/min, respiratory rate is 26/min, and temperature is 39.9°C (103.8°F). Physical examination reveals a reddish maculopapular rash over the patient’s trunk, diminished lung and heart sounds, tenderness to palpation in his abdomen, and rotational bilateral nystagmus with an alternating gaze-dependent fast component. Ophthalmologic examination shows bilateral cataracts. The patient’s total blood count is as follows:
Erythrocytes 4.4 x 109/mm3
Hb 12 g/dL
Total leukocyte count  3750/mm3
Neutrophils 57%
Lymphocyte 37%
Eosinophil 1%
Monocyte 5%
Basophil 0%
Platelet count 209,000/mm3
Which of the following statements best describes the pathogenesis of this patient’s condition?
A. The patient’s symptoms are caused by an increased concentration of epinephrine released by the adrenal glands in response to the consumed substance.
B. The drug caused uncoupling of the electron transport chain and oxidative phosphorylation.
C. The patient has a pyretic reaction due to bacterial contamination of the pills.
D. The drug has stimulated the hypothalamic temperature center to produce hyperthermia.
Choose the correct option.",b,20,True,b,1087,26.886120092123747,26.886120092123747,63,3,,28.477328777313232
54,medqa,"A 6-month-old boy is brought to the physician by his parents for difficulty breathing and bluish discoloration of the lips for the past hour. During the past 3 months, the patient has had several upper respiratory tract infections and poor weight gain. Physical examination shows crackles over both lung fields and enlargement of the tonsils and cervical lymph nodes. His serum IgA, IgE, and IgG titers are decreased. An x-ray of the chest shows bilateral interstitial infiltrates. Methenamine silver staining of bronchial lavage fluid shows disc-shaped cysts. A defect in which of the following is the most likely underlying cause of this patient's condition?
A. Actin filament assembly
B. T-cell receptor signaling
C. Microtubule polymerization
D. B-cell maturation
Choose the correct option.",b,20,False,d,939,24.28069729357958,24.28069729357958,63,3,,28.477328777313232
55,medqa,"A 25-year-old man presents to his primary care physician for pain in his back. The patient describes the pain as feeling worse in the morning. He says it is a general stiffness that improves when he goes to the gym and lifts weights. He also states that his symptoms seem to improve when he leans forward or when he is cycling. The patient is a current smoker and is sexually active. He admits to having unprotected sex with many different partners this past year. The patient has no significant past medical history and is not currently taking any medications. On physical exam, the patient demonstrates notable kyphosis of the thoracic spine and decreased mobility of the back in all 4 directions. The patient’s strength is 5/5 in his upper and lower extremities. The rest of his physical exam is within normal limits. Which of the following findings is associated with this patient’s presentation?
A. Diminished pulses in the lower extremity
B. Narrowing of the spinal canal when standing upright
C. Pain with elevation of his leg while laying down
D. Punctate bleeding spots when dermatologic scales are removed
Choose the correct option.",d,20,False,b,1415,34.93209607154131,34.93209607154131,63,3,,28.477328777313232
56,medqa,"A 70-year-old man is brought to the emergency department by staff of the group home where he resides because of worsening confusion for the past week. He has a history of major depressive disorder and had an ischemic stroke 4 months ago. Current medications are aspirin and sertraline. He is lethargic and disoriented. His pulse is 78/min, and blood pressure is 135/88 mm Hg. Physical examination shows moist oral mucosa, normal skin turgor, and no peripheral edema. While in the waiting room, he has a generalized, tonic-clonic seizure. Laboratory studies show a serum sodium of 119 mEq/L and an elevated serum antidiuretic hormone concentration. Which of the following sets of additional laboratory findings is most likely in this patient?
 $$$ Serum osmolality %%% Urine sodium %%% Serum aldosterone $$$
A. ↓ ↓ ↓
B. ↑ ↓ normal
C. ↓ ↑ ↑
D. ↓ ↑ ↓
Choose the correct option.",d,20,True,d,456,12.135318730026484,12.135318730026484,63,3,,28.477328777313232
57,medqa,"A 45-year-old woman with hypothyroidism comes to the physician because of progressive fatigue, lethargy, and epigastric pain after eating. Physical examination shows pale conjunctivae. Laboratory studies show decreased serum hemoglobin levels and increased serum gastrin levels. Esophagogastroduodenoscopy shows inflammation of the gastric body and fundus. A photomicrograph of a biopsy specimen taken from the gastric antrum is shown. Which of the following is the most likely cause of this patient's symptoms?
A. Mucosal cell hyperplasia
B. Enterochromaffin-like cell hyperplasia
C. Parietal cell destruction
D. Chief cell destruction
Choose the correct option.",c,20,True,c,1020,25.856799844652414,25.856799844652414,63,3,,28.477328777313232
58,medqa,"A 66-year-old man is brought to the emergency room by his wife due to abdominal distension and persistent somnolence for the past 2 weeks. The patient’s wife says that he has been sleeping much more than usual for the past 5 days. His bowel and bladder habit have not changed. His past medical history is significant for alcoholic liver cirrhosis. His vital signs include: pulse 76/min, respiratory rate 15/min, temperature 38.0°C (100.4°F) and blood pressure 122/75 mm Hg. On physical examination, the patient is altered and not responsive to commands. Oriented x 0. The abdomen is significantly distended. Shifting dullness is present and a positive fluid wave can be elicited. Hyperreflexia and asterixis are noted. Laboratory findings are significant for the following:
Laboratory test
Sodium 140 mEq/L
Potassium 3.5 mEq/L
Chloride 97 mEq/L
Glucose 90 mg/dL
Ammonia 100 µg/dL (ref: 19-60 µg/dL)
Arterial blood gas
pH 7.4
pCO2 40 mm Hg
pO2 90 mm Hg
HCO3 26 mEq/L
An abdominal ultrasound shows surface nodularity compatible with cirrhosis but no other changes aside from ascites. An upper GI endoscopy is performed which shows gastric varices with no signs of active bleeding. An MRI of the brain is insignificant. What is the most likely precipitating factor that led to this patient’s condition?
A. Spontaneous bacterial peritonitis
B. Metabolic alkalosis
C. Portal vein thrombosis
D. Hypoglycemia
Choose the correct option.",a,20,True,a,1743,43.2663601860404,43.2663601860404,63,3,,28.477328777313232
59,medqa,"A 3-week-old newborn is brought to the physician by his parents because of poor feeding, irritability, and frequent vomiting over the past week. The vomitus is greenish in color and smells strange. His parents have tried to feed him every 4 hours, but the patient often spits up or refuses to eat. The patient was born at term and had his first bowel movement at 50 hours of life. He has since had one bowel movement daily. He is at the 50th percentile for length, 10th percentile for weight, and 40th percentile for head circumference. He does not appear to be in acute distress. His temperature is 36.9°C (98.4°F), pulse is 140/min, respirations are 40/min, and blood pressure is 90/60 mm Hg. Physical examination shows that the patient has small, low-set ears, a broad and flat nasal bridge, and a large space between the first and second toes bilaterally. The abdomen is distended. When the finger is removed following a rectal exam, there is an explosive release of stool from the patient's rectum. An x-ray of the abdomen shows a section of dilated colon followed by a segment of colon without stool or air. Which of the following is most likely to confirm the diagnosis?
A. CT scan of the abdomen
B. Transabdominal ultrasonography
C. Anorectal manometry
D. Rectal suction biopsy
Choose the correct option.",d,20,True,d,758,19.2508401311934,19.2508401311934,63,3,,28.477328777313232
60,medqa,"An 11-month-old boy is brought to the clinic by his mother for a rash on his trunk, which he has had for the past 2 days. She notes that he is eating less and is more cranky than usual. His birth history is insignificant, and his immunizations are up to date. Vital signs include: temperature is 37.8°C (100.0°F), pulse is 98/min, and respiratory rate is 16/min. The rash features thin-walled, fluid-filled blisters that rupture easily. Fluid samples from the lesions are sent for analysis to a microbiology lab. The results reveal an infection by the gram-positive bacterium Staphylococcus aureus. The patient is diagnosed with staphylococcal scalded skin syndrome. Which of the following is involved with the primary defense in response to the bacteria and toxins produced by this organism?
A. Immunoglobulin- IgG
B. Immunoglobulin- IgD
C. Immunoglobulin- IgA
D. Immunoglobulin- IgM
Choose the correct option.",d,20,True,d,876,22.594586960971355,22.594586960971355,63,3,,28.477328777313232
61,medqa,"A 60-year-old man presents to his local walk-in clinic with 1 week of fever, chills, night sweats, anorexia, malaise, progressive shortness of breath, and sharp chest pain. He is found with a blood pressure of 100/80 mm Hg, a heart rate of 84/min, an elevated respiratory rate, and a holosystolic heart murmur III/VI. His palms and soles show non-tender erythematous lesions. His personal medical history is relevant for frequent visits to the ER for lower gastrointestinal bleeding in the last month with a recent colonoscopy that reported an ulcerative lesion suggestive of colorectal cancer. He has not been subjected to dental procedures recently, and he denies the use of psychoactive drugs. A chest plain film shows clear lungs and mild cardiomegaly, and echocardiography reports the presence of vegetations involving the mitral valve. Which of the following organisms is the most likely causative agent?
A. Staphylococcus aureus
B. Escherichia coli
C. Haemophilus aphrophilus
D. Streptococcus bovis
Choose the correct option.",d,20,True,d,493,13.247647363692522,13.247647363692522,63,3,,28.477328777313232
62,medqa,"A 53-year-old man comes to the physician because of a 2-month history of multiple episodes of small amounts of blood in his stools. Examination shows pale conjunctivae. His hemoglobin concentration is 8.3 g/dL and mean corpuscular volume is 72μm3. Colonoscopy shows a 2.3-cm polypoid mass in the ascending colon. A photomicrograph of a biopsy specimen of the lesion is shown. Which of the following processes is most likely to be involved in the pathogenesis of this patient's condition?
A. Underexpression of COX-2
B. Increased phosphorylation of serine and threonine
C. Impaired degradation of β-catenin
D. Abnormal transfer of phosphate to cellular proteins
Choose the correct option.",c,20,True,c,658,16.956791795790195,16.956791795790195,63,3,,28.477328777313232
63,medqa,"A 65-year-old male is treated for anal carcinoma with therapy including external beam radiation. How does radiation affect cancer cells?
A. Induces the formation of thymidine dimers
B. Induces the formation of disulfide bonds
C. Induces deamination of cytosine
D. Induces breaks in double-stranded DNA
Choose the correct option.",d,20,True,d,654,16.843767158687115,16.843767158687115,63,3,,28.477328777313232
64,medqa,"A 17-year-old man presents to his family physician for an evaluation about the size of his penis. He feels increasingly anxious during physical education (PE) class as he has noticed that the size of his penis is significantly smaller when compared to his peers. Based on the physical examination, he is Tanner stage 1. The weight and height are 60 kg (132 lb) and 175 cm (5 ft 9 in), respectively. The cardiopulmonary examination is normal; however, the patient has difficulty identifying coffee grounds by smell. Which of the following explains the pathophysiology underlying this patient’s disorder?
A. Expansion of a CTG trinucleotide repeat
B. Isolated gonadotropin-releasing hormone (GnRH) deficiency
C. Sex-specific epigenetic imprinting
D. Non-disjunction of sex chromosomes
Choose the correct option.",b,20,True,b,2010,48.73846956714988,48.73846956714988,63,3,,28.477328777313232
65,medqa,"A 25-year-old man is brought to the emergency department by police. He was found at a local celebration acting very strangely and was reported by other patrons of the event. The patient is very anxious and initially is hesitant to answer questions. He denies any substance use and states that he was just trying to have a good time. The patient's responses are slightly delayed and he seems to have difficulty processing his thoughts. The patient tells you he feels very anxious and asks for some medication to calm him down. The patient has a past medical history of psoriasis which is treated with topical steroids. His temperature is 99.5°F (37.5°C), blood pressure is 120/75 mmHg, pulse is 110/min, respirations are 15/min, and oxygen saturation is 99% on room air. On physical exam, you note an anxious young man. HEENT exam reveals a dry mouth and conjunctival injection. Neurological exam reveals cranial nerves II-XII as grossly intact with normal strength and sensation in his upper and lower extremities. Cardiac exam reveals tachycardia, and pulmonary exam is within normal limits. Which of the following is the most likely intoxication in this patient?
A. Alcohol
B. Marijuana
C. Cocaine
D. Phencyclidine
Choose the correct option.",b,20,True,b,638,16.477472238242626,16.477472238242626,63,3,,28.477328777313232
66,medqa,"A 40-year-old man presents to the clinic with complaints of increased bilateral pain in his knees. The pain developed over time and now limits his mobility. He states that the pain is worse at the end of the day, though he does have some early-morning stiffness lasting about 20 minutes. He used to have some success with over-the-counter NSAIDs; however, they no longer help. The patient also has been taking metformin for the past 2 years and is severely obese, with a BMI of 41 kg/m2. Additionally, he states that he has felt increasingly tired during the day, often dozes off during work, and no longer feels refreshed when he wakes up in the morning. Upon examination, there is no tenderness on palpation or erythema; however, some crepitus is felt. He has no other complaints but has a family history of rheumatoid arthritis (RA) on his mother’s side. Which of the following factors is the underlying cause of the patient’s pain, as well as the rest of his complaints?
A. Medication side effect
B. Excess weight
C. Infection
D. Occult malignancy
Choose the correct option.",b,20,True,b,821,20.65385201200843,20.65385201200843,63,3,,28.477328777313232
67,medqa,"A 32-year-old Caucasian woman is referred to a gastroenterologist by her family physician for 8 months of abdominal pain, foul-smelling diarrhea with floating, bulky stools, weight loss, and macrocytic anemia. Her personal history is relevant for allergic rhinitis. Physical examination shows grouped, erythematous papulovesicular lesions on her arms, torso, and abdomen. Which of the following is the most appropriate approach for the management of this patient?
A. Amitriptyline
B. Octreotide
C. Gluten-free diet
D. Methysergide maleate
Choose the correct option.",c,20,True,c,425,11.446215156465769,11.446215156465769,63,3,,28.477328777313232
68,medqa,"A 65-year-old man presents to his primary care physician with a neck mass. He first noticed a firm mass on the anterior aspect of his neck approximately 4 months ago. The mass is painless and has not increased in size since then. He has also noticed occasional fatigue and has gained 10 pounds in the past 4 months despite no change in his diet or exercise frequency. His past medical history is notable for gout for which he takes allopurinol. He denies any prior thyroid disorder. He runs 4 times per week and eats a balanced diet of mostly fruits and vegetables. He does not smoke and drinks a glass of wine with dinner. His family history is notable for medullary thyroid cancer in his maternal uncle. His temperature is 97.8°F (36.6°C), blood pressure is 127/72 mmHg, pulse is 87/min, and respirations are 19/min. On exam, he has a firm, symmetric, and stone-firm thyroid. A biopsy of this patient's lesion would most likely demonstrate which of the following findings?
A. Diffuse infiltrate of lymphoid cells destroying thyroid follicles
B. Dense fibroinflammatory infiltrate
C. Pleomorphic undifferentiated infiltrative cells with necrosis
D. Stromal amyloid deposition
Choose the correct option.",b,20,False,d,580,15.050359219312668,15.050359219312668,63,3,,28.477328777313232
69,medqa,"A 75-year-old man comes to the physician because of a 7-day history of nausea and vomiting. Over the past 2 days, he has also been feeling weak and tired. When standing up after sitting for a while, he feels dizzy. He says he has to go to the bathroom more often than usual, and that he is urinating “a normal amount” each time. He has not had diarrhea. He has hypertension, for which he has been taking hydrochlorothiazide for the past 6 months. He drinks 9 glasses of water per day and takes his medication regularly. He is 168 cm (5 ft 6 in) tall and weighs 90 kg (198 lb); BMI is 32 kg/m2. His temperature is 36.5°C (97.7°F), blood pressure is 106/54 mm Hg, and pulse is 92/min. Physical examination shows whitening of the tongue. Skin that is pinched on the back of the hand retracts after 5 seconds. On mental status examination, his speech is slowed; he is oriented to person, place, and time. Laboratory studies show:
Serum
Na+ 150 mEq/L
Cl− 97 mEq/L
K+ 3.6 mEq/L
HCO3− 30 mEq/L
Osmolality 354 mOsm/kg
Hemoglobin A1C 10.5%
Urine
Osmolality 400 mOsm/kg
Which of the following is the most likely explanation for these findings?""
A. Diuretic overdose
B. Osmotic diuresis
C. Excess production of aldosterone
D. Insufficient production of antidiuretic hormone
Choose the correct option.",b,20,True,b,2703,64.70714689418674,64.70714689418674,63,3,,28.477328777313232
70,medqa,"An 18-year-old male is brought in by fire rescue. The patient was an unrestrained passenger in a motor vehicle crash and was ejected from the vehicle after collision. Upon arrival to the trauma bay, the patient has a Glasgow coma scale (GCS) of 6. He is rapidly intubated, and vitals are a temperature of 99.5°F (37.5°C), pulse of 130 bpm, and blood pressure of 83/64 mmHg. He is noted to have multiple ecchymoses over his body, as well as petechiae and purpura. He has a laceration over his clavicle that continues to bleed despite a pressure bandage. Radiographs of his lower extremity show multiple long bone fractures. Two large bore IV lines are placed, and the patient oozes from around the sites of venepuncture. Labs are notable for a WBC of 20,000/mm^3, Hb of 10.1g/dL, platelets of 48,000/mm^3, and prolongation of the PT and aPTT. This patient's presentation can best be explained by which of the following diagnoses?
A. Air embolization
B. Tension pneumothorax
C. Disseminated intravascular coagulation
D. Coagulopathy of trauma
Choose the correct option.",c,20,True,c,844,21.354476902633905,21.354476902633905,63,3,,28.477328777313232
71,medqa,"A 24-year-old woman gravida 2, para 1 at 24 weeks' gestation comes to the physician for a prenatal visit. She feels well. Her earlier pregnancy was uncomplicated. This is her 4th prenatal visit. She had an ultrasound scan 2 weeks ago that showed a live intrauterine pregnancy consistent with a 22-week gestation with no anomalies. She had a normal Pap smear 2 years ago. Vital signs are within normal limits. Pelvic examination shows a uterus consistent in size with a 24-week gestation. Her blood group and type is B positive. Which of the following is the most appropriate next step in management?
A. Oral glucose challenge test
B. Cardiotocography
C. Swab for GBS culture
D. Tdap vaccination
Choose the correct option.",a,20,True,a,823,20.855388958007097,20.855388958007097,63,3,,28.477328777313232
72,medqa,"A 67-year-old man presents with feelings of nervousness and anxiety. He mentions that lately, he has been feeling increasingly restless and is unable to control feelings of nervousness pertaining to all his daily tasks. He noticed that these feelings were more prominent in the last 2 months but have been present on and off for the last year. On many occasions, his mind will be racing with thoughts that keep him up at night. During these moments, he finds his heart racing and feels light-headed and dizzy to the point of blacking out. He has also been experiencing back and neck pain with increased muscle tension in these areas. The patient reports no smoking or alcohol use but mentions that he had tried cocaine and heroin in his 20s and 30s. Which of the following would be the best course of treatment for this patient’s symptoms?
A. Diazepam
B. Ramelteon
C. Buspirone
D. Alprazolam
Choose the correct option.",c,20,True,c,1202,29.67111560329795,29.67111560329795,63,3,,28.477328777313232
73,medqa,"A 45-year-old man arrives by ambulance to the emergency room after being involved in a very severe construction accident. The patient was found unconscious with a large metal spike protruding from his abdomen by a coworker who was unable to estimate the amount of time the patient went without medical aid. Upon arrival to the ER, the patient was unconscious and unresponsive. His vital signs are BP: 80/40, HR: 120 bpm, RR: 25 bpm, Temperature: 97.1 degrees, and SPO2: 99%.He is taken to the operating room to remove the foreign body and control the bleeding. Although both objectives were accomplished, the patient had an acute drop in his blood pressure during the surgery at which time ST elevations were noted in multiple leads. This resolved with adequate fluid resuscitation and numerous blood transfusions. The patient remained sedated after surgery and continued to have relatively stable vital signs until his third day in the intensive care unit, when he experiences an oxygen desaturation of 85% despite being on a respirator with 100% oxygen at 15 breaths/minute. On auscultation air entry is present bilaterally with the presence of crackles. A 2/6 systolic murmur is heard. Readings from a Swan-Ganz catheter display the following: central venous pressure (CVP): 4 mmHg, right ventricular pressure (RVP) 20/5 mmHg, pulmonary artery pressure (PAP): 20/5 mmHg. Pulmonary capillary wedge pressure (PCWP): 5 mm Hg. A chest x-ray is shown as Image A. The patient dies soon after this episode. What is the most likely direct cause of his death?
A. Diffuse alveolar damage
B. Ventricular septal defect
C. Myocardial free wall rupture
D. Myocardial reinfarction
Choose the correct option.",a,20,False,b,1830,44.45228544250131,44.45228544250131,63,3,,28.477328777313232
74,medqa,"A 43-year-old man with a history of hepatitis C and current intravenous drug use presents with 5 days of fever, chills, headache, and severe back pain. On physical exam, temperature is 100.6 deg F (38.1 deg C), blood pressure is 109/56 mmHg, pulse is 94/min, and respirations are 18/min. He is thin and diaphoretic with pinpoint pupils, poor dentition, and track marks on his arms and legs. A high-pitched systolic murmur is heard, loudest in the left sternal border and with inspiration. He is admitted to the hospital and started on broad-spectrum antibiotics. One of the blood cultures drawn 12 hours ago returns positive for Staphylococcus aureus. Which of the following is the most appropriate next step to confirm the diagnosis?
A. Repeat blood cultures now
B. Repeat blood cultures 24 hours after initial cultures were drawn
C. Repeat blood cultures 48 hours after initial cultures were drawn
D. Do not repeat blood cultures
Choose the correct option.",a,20,False,d,1035,25.67509800940752,25.67509800940752,63,3,,28.477328777313232
75,medqa,"A 34-year-old man presents to the emergency department complaining of headache, fever, chills, cough, shortness of breath, and chest pain for the past 4 days. He smokes 2 packs per day and drinks 2–3 beers every day. He denies any previous medical problems except for seasonal allergies for which he takes diphenhydramine on occasions. At the hospital, the vital signs include: temperature 40.0°C (104.0°F), blood pressure 140/80 mm Hg, heart rate 98/min, and respiratory rate 28/min. On physical exam, he is thin and poorly kept. His clothes appear dirty. Small scars are visible in the decubitus region of both arms. The lung sounds are equal with bilateral crackles, and heart auscultation reveals a systolic murmur that radiates to the left axilla. Petechiae are seen on the hard palate and palms of his hands. A chest X-ray and blood cultures are ordered. What is the most likely organism causing his symptoms?
A. Streptococci viridans
B. Staphylococcus aureus
C. Aspergillus fumigatus
D. Staphylococcus epidermidis
Choose the correct option.",b,20,True,b,847,21.402112431824207,21.402112431824207,63,3,,28.477328777313232
76,medqa,"A 52-year-old man presents to the physician with a 6-month history of shortness of breath and nonproductive cough. He was recently diagnosed with stage 3 embryonal carcinoma testicular cancer. Following an orchiectomy, he was placed on chemotherapy. Cardiopulmonary examination shows fine inspiratory crackles bilaterally. There is clubbing present in the fingers bilaterally. Pulmonary function tests (PFTs) show FVC is 78% of expected and FEV1/FVC ratio is 92%. A CT scan of the chest is shown. Which of the following drugs is responsible for the patient’s condition?
A. Bleomycin
B. Carboplatin
C. Cisplatin
D. Ifosfamide
Choose the correct option.",a,20,True,a,482,12.814840029925108,12.814840029925108,63,3,,28.477328777313232
77,medqa,"A 63-year-old man presents to the clinic for left calf pain when walking a distance of more than 200 m. He has had this pain for more than 8 months now, and he rates it as 7 out of 10. The pain subsides with rest. The patient has had a history of diabetes mellitus for the past 2 years which is well controlled. A percutaneous coronary intervention was performed in 2014. His current medications are insulin and aspirin. Family history is significant for coronary artery disease. He has an 80 pack-year history of smoking and currently smokes. He consumes 4 drinks per day of alcohol. On physical examination, his blood pressure is 144/89 mm Hg, the heart rate is 80/min and regular, the breathing rate is 25/min, and the pulse oximetry is 96%. Normal cardiac and lung sounds were heard on auscultation. Which of the following is the appropriate treatment to improve the patient’s symptoms?
A. Cilostazol
B. Femoral embolectomy
C. Femoral-to-popliteal bypass graft
D. Interventional endovascular treatment
Choose the correct option.",a,20,True,a,456,12.210757356137037,12.210757356137037,63,3,,28.477328777313232
78,medqa,"A 56-year-old man comes to the physician because of a 1-day history of sudden severe pain in his right great toe. Four months ago, he had an episode of severe joint pain involving his left knee that lasted several days and resolved with over-the-counter analgesics. He has a history of hypertension treated with hydrochlorothiazide and nephrolithiasis. Examination shows erythema, swelling, warmth, and tenderness of the right metatarsophalangeal joint; range of movement is limited by pain. His serum uric acid is 12 mg/dL. Arthrocentesis yields cloudy fluid with a leukocyte count of 18,500/mm3 (80% segmented neutrophils). Polarized light microscopy of the synovial fluid is shown. Which of the following is the mechanism of action of the most appropriate long-term pharmacotherapy for this patient's condition?
A. Increased conversion of uric acid to allantoin
B. Inhibition of phospholipase A
C. Inhibition of xanthine oxidase
D. Increased renal excretion of urate
Choose the correct option.",c,20,True,c,881,22.216776054352522,22.216776054352522,63,3,,28.477328777313232
79,medqa,"A 32-year-old male presents to the ED with acute-onset chest pain. His blood pressure is 157/90 mmHg and his his pulse is 116/min. He appears anxious and agitated and a careful exam reveals dilated pupils and a perforated nasal septum. An EKG reveals ST segment elevation so he is urgently taken for cardiac intervention. Upon review, this patient reveals that he has not had care from a physician since he graduated from college. In the interim he has been largely unemployed and admits that he has recently been homeless. When asked directly, the patient admits to alcohol and marijuana use but denies illicit drug use. Which of the following best describes the mechanism of action of the agent most likely responsible for this patient's presentation?
A. Blocking reuptake of dopamine and norepinephrine
B. Inhibiting breakdown of biogenic amines
C. Antagonizing the NMDA receptor
D. Inhibiting the GABA receptor
Choose the correct option.",a,20,True,a,493,13.032902874052525,13.032902874052525,63,3,,28.477328777313232
80,medqa,"A 67-year-old man is brought to the emergency department with severe, crushing, retrosternal chest pain for the last 45 minutes. The pain radiates to his left shoulder and is associated with sweating. The past medical history is significant for hypercholesterolemia, for which he takes lovastatin. He smoked as a youth but quit at 40 years of age. On arrival at the emergency department, the vital signs were as follows: pulse 58/min, respiratory rate 22/min, and blood pressure 90/56 mm Hg. He is sweating profusely. The jugular venous pulse is visible 2.5 cm above the sternal angle. Auscultation reveals soft S1 and S2 heart sounds with an added S4 and bilateral inspiratory crackles at the lung bases. The electrocardiogram shows ST-elevations in leads V1 and V2. A diagnosis of an anteroseptal infarction is made. The patient was given aspirin on the way to the hospital. He is started on dopamine, morphine, nitroglycerin, and streptokinase. Which of the following would be the most concerning development over the next 24h this patient?
A. Hemoptysis
B. Easy fatigability
C. Persistent ST-segment elevation
D. Shortness of breath
Choose the correct option.",a,20,False,c,2042,49.27414583414793,49.27414583414793,63,3,,28.477328777313232
81,medqa,"A 52-year-old man presents to the physician because of ongoing shortness of breath, which is more prominent when he lies down. Occasionally, he experiences palpitations, especially during strenuous activities. In addition to this, he has been experiencing difficulty in digestion and often experiences regurgitation and dysphagia. He reports that he emigrated from Mexico 20 years ago and visits his hometown twice a year. The vital signs include: blood pressure 120/75 mm Hg, respiratory rate 19/min, and pulse 100/min. The physical examination shows jugular vein distention along with pitting edema in the ankles. Bilateral basilar crackles and an S3 gallop are heard on auscultation of the chest. A chest X-ray is taken. An electrocardiogram (ECG) shows no significant findings. What is the most likely explanation for this patient’s physical and diagnostic findings?
A. Alcohol abuse
B. Hypertensive changes
C. Parasitic infection
D. Bacterial infection
Choose the correct option.",c,20,True,c,774,19.66247946768999,19.66247946768999,63,3,,28.477328777313232
82,medqa,"A 27-year-old HIV positive female gave birth to a 7lb 2oz (3.2 kg) baby girl. The obstetrician is worried that the child may have been infected due to the mother's haphazard use of her anti-retroviral medications. Which of the following assays would a hospital use detect the genetic material of HIV if the child had been infected?
A. Enzyme-linked immunosorbent assay (ELISA)
B. Rapid HIV antibody test
C. Polymerase chain reaction
D. Southern blot
Choose the correct option.",c,20,True,c,473,12.590738464146852,12.590738464146852,63,3,,28.477328777313232
83,medqa,"A 32-year-old man jumps off a 3 story building during a suicide attempt. Paramedics arrive quickly, and he is taken to the hospital where several stable lumbar fractures and a shattered right calcaneus are found. He undergoes surgery and his calcaneus is repaired with 11 screws. Which of the following statements best describes the long term post-surgery outcome in this patient?
A. He will not be able to plantar flex his foot.
B. He will not be able to point his toe.
C. He will have pain with inversion and eversion of his foot.
D. He will have pain while dorsiflexing his foot.
Choose the correct option.",c,20,True,c,1193,29.666410326957703,29.666410326957703,63,3,,28.477328777313232
84,medqa,"A stillborn infant is delivered at 38 weeks' gestation to a 32-year-old woman. The mother had no prenatal care. Examination of the stillborn shows a small pelvis, shallow intergluteal cleft, and club feet. An x-ray shows the absence of the sacrum and lumbar vertebrae. Which of the following is the strongest predisposing factor for this patient's condition?
A. Maternal oligohydramnios
B. Intrauterine alcohol exposure
C. Maternal diabetes
D. Chromosome 18 trisomy
Choose the correct option.",c,20,True,c,1218,30.602938022464514,30.602938022464514,63,3,,28.477328777313232
85,medqa,"A 33-year-old man presents to the infectious diseases clinic for follow-up. He was recently admitted to the hospital with fever, shortness of breath, and cough, and was found to have Pneumocystic jirovecii pneumonia and a new diagnosis of HIV. His CD4 count is 175, viral load is pending. As part of routine laboratory studies given his new diagnosis, an RPR was found to be positive with a titer of 1:64, and this is confirmed with a positive FTA-ABS. He is unsure when or how he acquired HIV or syphilis. His neurological examination is normal, and he has no symptoms. Which of the following is the most appropriate next step in management:
A. Perform lumbar puncture, treat based on presence or absence of CNS disease
B. Treat with three weekly injections of penicillin, obtain titers in 3 months
C. Treat with three weekly injections of penicillin, obtain titers in 6 months
D. Treat with a single injection of penicillin, obtain titers in 6 months
Choose the correct option.",c,20,False,b,2440,59.41700150445104,59.41700150445104,63,3,,28.477328777313232
86,medqa,"A 57-year-old woman comes to the physician because of a 3-month history of fatigue. She also reports generalized itchiness that started approximately 2 months ago. Two weeks ago, she noticed yellowing of her eyes. She does not smoke or drink alcohol. She uses eyedrops for persistent dryness of the eyes. Her vital signs are within normal limits. Physical examination shows jaundice of the conjunctivae and skin. The mucous membranes of the mouth are dry. The abdomen is soft. The liver edge is palpable 3 cm below the right costal margin. There are generalized skin excoriations. Laboratory studies show:
Hemoglobin 15 g/dL
Leukocyte count 7,700/mm3
Platelet count 332,000/mm3
Serum
Glucose 122 mg/dL
Total bilirubin 3.1 mg/dL
Direct 2.5 mg/dL
Alkaline phosphatase 452 U/L
AST 155 U/L
ALT 168 U/L
Hepatitis B surface antigen negative
Hepatitis B core IgM antibody negative
Hepatitis B surface antibody positive
Hepatitis C antibody negative
Ultrasonography of the abdomen shows mildly increased echogenicity of the liver. Which of the following additional findings is most likely to be found in this patient?""
A. Inferior vena cava thrombosis
B. Cutaneous xanthomas
C. Increased CA 19-9 levels
D. Kayser-Fleischer rings
""
Choose the correct option.",b,20,True,b,1714,41.7683316655457,41.7683316655457,63,3,,28.477328777313232
87,medqa,"A 40-year-old man comes to the physician because of shortness of breath, double vision, and fatigue for the past 4 weeks. He has no history of serious medical illness and takes no medications. Physical examination shows drooping of the eyelids bilaterally. He is unable to hold his arms up for longer than 3 minutes. A CT scan of the chest shows an anterior mediastinal mass with smooth contours. A photomicrograph of a specimen from the mass is shown. Which of the following immunologic processes normally occurs in the region indicated by the arrow?
A. B-cell maturation
B. V(D)J recombination
C. Thymocyte formation
D. Negative selection
Choose the correct option.",d,20,True,d,868,22.44313247129321,22.44313247129321,63,3,,28.477328777313232
88,medqa,"A 69-year-old gentleman presents to his primary care physician for pain in his right shoulder. The patient was helping his son move this past weekend, and he noticed after the move that he had pain and weakness in his right shoulder. The patient thought that this pain was just him being in poor shape so he started going to the gym and lifting weights which made his symptoms significantly worse. The patient has a past medical history of diabetes, obesity, and asthma. His current medications include albuterol, lisinopril, metformin, and glipizide. On physical exam you note an obese gentleman who seems to be in pain. You note prominent weakness of external rotation of his right upper extremity. When you ask the patient to slowly lower his right arm to his side when he holds it overhead, you note that he suddenly drops his arm and appears to be in pain. The patient's strength is 1/5 for abduction of the right arm. Which of the following is most likely injured in this patient?
A. Supraspinatus
B. Infraspinatus
C. Teres minor
D. Deltoid
Choose the correct option.",a,20,True,a,509,13.583745192736387,13.583745192736387,63,3,,28.477328777313232
89,medqa,"A 17-year-old female is brought to the emergency room by her father because she has been experiencing shortness of breath and chest pain. She says that the chest pain is worse when she breathes or coughs. Furthermore, on the way to the hospital she noticed that there were specks of blood on a tissue that she coughed into. She has no previous medical history and does not recall anything that could have provoked these symptoms. On presentation her temperature is 99°F (37.2°C), blood pressure is 107/65 mmHg, pulse is 102/min, respirations are 21/min, and O2 saturation is 91% on room air. Further testing shows a large filling defect in the pulmonary vessels, and the patient is started on an appropriate treatment intravenously. After drug administration, the effects of the drug are monitored using a standard blood test. Surprisingly, the test results come back within normal parameters. The most likely underlying cause of this patient's symptoms has which of the following modes of inheritance?
A. Autosomal dominant
B. Autosomal partial dominance
C. X-linked dominant
D. X-linked recessive
Choose the correct option.",a,20,True,a,1037,25.938662111759186,25.938662111759186,63,3,,28.477328777313232
90,medqa,"A 61-year-old nulliparous woman comes to the physician for a follow-up examination. Her last Pap smear 3 years ago showed atypical squamous cells of undetermined significance. HPV testing was negative at that time. On questioning, she has had fatigue and an increase in abdominal girth despite a 5-kg (11.0-lb) weight loss over the past 6 months. She has gastroesophageal reflux disease and Hashimoto's thyroiditis. Menarche was at the age of 10 years and her last menstrual period was 2 years ago. Current medications include omeprazole and levothyroxine. Abdominal examination shows shifting dullness. There is tenderness to palpation of the right lower quadrant but no guarding or rebound. Bimanual palpation shows a small uterus and a right adnexal mass. Further evaluation of this patient is most likely to show which of the following findings?
A. Elevated serum CA-125 level
B. Elevated serum beta-hCG level
C. Prolonged prothrombin time
D. Cervical dysplasia on Pap smear
Choose the correct option.",a,20,True,a,695,18.28256356343627,18.28256356343627,63,3,,28.477328777313232
91,medqa,"A group of researchers wants to evaluate how often the human immunodeficiency virus (HIV) is related to high-risk behaviors in female sex workers from their country. An additional aim is to evaluate the association between HIV acquisition and certain sociodemographic factors. The researchers collect data through interviewer-administered questionnaires (for behavioral and sociodemographic data) as well as through clinical and serological evaluation/screening methods for HIV and other sexually transmitted infections. Which of the following could be the main outcome measure of their study?
A. Incidence
B. Prevalence
C. Hazard rate
D. Attributable risk
Choose the correct option.",b,20,False,a,502,13.906619042158127,13.906619042158127,63,3,,28.477328777313232
92,medqa,"A 25-year-old girl is brought to the emergency room after a suicide attempt. Her mother states that she found a large empty pill bottle next to her. The patient is conscious and tearful. She is currently complaining of severe abdominal pain but refuses to give any other history. She has a blood pressure of 135/86, respiratory rate of 18/min, and heart rate of 86/min. On examination, her abdomen is exquisitely tender with evidence of crepitus in the epigastric region. Abdominal CT reveals a gastric perforation. Which of the following is the most likely cause?
A. Decreased production of PGE2
B. Buildup of a toxic metabolite due to kidney disease
C. Increased stimulation of the vagus nerve
D. Hypovolemia
Choose the correct option.",a,20,True,a,898,22.483234737068415,22.483234737068415,63,3,,28.477328777313232
93,medqa,"Two hours following an elective cholecystectomy, a 43-year-old woman has fever and chills. The patient received cephalexin for antibiotic prophylaxis and one unit of packed red blood cells during the procedure. She underwent a hysterectomy 9 years ago for leiomyomata uteri. She has a 5-year history of hypertension treated with lisinopril. Her temperature is 39.5°C (102.3°F), pulse is 90/min, respirations are 18/min, and blood pressure is 125/90 mm Hg. Examination shows a mildly tender abdominal wound without erythema. The lungs are clear to auscultation. Cardiac examination shows no abnormalities. She had a Foley catheter and peripheral line access placed at the time of the procedure. Which of the following is the most likely cause of this patient's symptoms?
A. Adverse effect of medication
B. Malignant hyperthermia
C. Urinary tract infection
D. Transfusion reaction
Choose the correct option.",d,20,True,d,827,21.758342251181602,21.758342251181602,63,3,,28.477328777313232
94,medqa,"A 6-year-old boy is brought to the emergency department by his mother for worsening wheezing and shortness of breath over the past day. He has not had a fever, cough, vomiting, or diarrhea. He has asthma and eczema. He uses a glucocorticoid inhaler and an albuterol inhaler but has missed his medications for the past week while on vacation. He appears uncomfortable. His temperature is 36°C (96.8°F), pulse is 120/min, respirations are 40/min, and blood pressure is 100/80. Expiratory and inspiratory wheezing is heard throughout both lung fields. There are moderate intercostal and subcostal retractions and a decreased inspiratory to expiratory ratio. Nebulized albuterol and ipratropium treatments and intravenous methylprednisolone are given in the emergency department for a presumed asthma exacerbation. One hour later, the child is limp and lethargic. Magnesium sulfate is administered. His temperature is 36°C (96.8°F), pulse is 150/min, respirations are 22/min, and blood pressure is 100/70. No wheezing is heard on repeat pulmonary examination. Which of the following is the most appropriate next step in management?
A. Intubate with mechanical ventilation
B. Perform needle thoracostomy at the 2nd intercostal space
C. Perform bronchoscopy
D. Provide additional dose of methylprednisolone
Choose the correct option.",a,20,True,a,559,14.675419472157955,14.675419472157955,63,3,,28.477328777313232
95,medqa,"A 26-year-old female complains of frequent, large volume urination. This negatively affects her sleep, as she has to frequently wake up at night to urinate. She also complains of increased thirst. Her past medical history is significant for bipolar disorder that is treated with lithium for 3 years. Serum osmolality is 425 mOsm/kg, and urine osmolality is 176 mOsm/kg. Which of the following best explains this patient’s serum and urine osmolality?
A. Hypothalamic over-production of antidiuretic hormone (ADH)
B. Decreased production of ADH
C. ADH resistance in the renal collecting ducts
D. Increased sodium reabsorption and potassium excretion
Choose the correct option.",c,20,True,c,498,13.900578204542398,13.900578204542398,63,3,,28.477328777313232
96,medqa,"A 55-year-old man presents to the emergency department with a headache. He states that this is the worst headache he has ever had and that his symptoms have not been improving. The patient complains of pain in his jaw that is worse when he chews. He has a past medical history of insomnia and is currently taking alprazolam. His temperature is 98.2°F (36.8°C), blood pressure is 157/98 mmHg, pulse is 90/min, respirations are 15/min, and oxygen saturation is 98% on room air. Physical exam is notable for tenderness over the patient's scalp, jaw, and temporal area. Which of the following is the best next step in management?
A. CT head
B. Ibuprofen
C. IV steroids
D. Lumbar puncture
Choose the correct option.",c,20,True,c,651,17.318238776177168,17.318238776177168,63,3,,28.477328777313232
97,medqa,"A 60-year-old woman is brought to the clinic by her daughter for evaluation. The daughter reports that her mother has recently been having difficulty combing her hair in the mornings. The patient’s family history is significant for an ischemic stroke in her father. The patient’s past medical history is positive for diverticulosis. She takes no medication. Her blood pressure is 120/70 mm Hg, heart rate is 75/min, respiratory rate is 14/min, and temperature is 37.6°C (99.7°F). On physical examination, the patient’s neck is stiff and she also has bilateral shoulder tenderness; muscle strength is intact. Laboratory work is performed and presented below:
Hemoglobin 12.9 g/dL
Hematocrit 37.7% 
Leukocyte count 5,500/mm3
Neutrophils 65%
Lymphocytes 30%
Monocytes 5%
Mean corpuscular volume 82.2 μm3
Platelet count 190,000/mm3
Erythrocyte sedimentation rate 65 mm/h
C-reactive protein 44 mg/dL
For which of the symptoms below should the patient be screened?
A. Jaw claudication
B. Heliotrope rash
C. Gastroesophageal reflux
D. Pink plaques with silvery scales
Choose the correct option.",a,20,True,a,1617,40.276730556041,40.276730556041,63,3,,28.477328777313232
98,medqa,"A 48-year-old woman comes to the physician because of a 7-day history of progressively worsening shortness of breath. She has a history of asthma and has frequent exacerbations despite receiving maximal medical therapy. Physical examination shows scattered expiratory wheezing. Laboratory studies show a leukocyte count of 9,800/mm3 (13% eosinophils) and elevated serum concentration of immunoglobulin E. An x-ray of the chest shows thickened bronchial walls and perihilar opacities. Sputum culture shows scattered septate hyphae that branch at 45 degrees. Which of the following is most likely to be increased in this patient?
A. IL-28
B. TGF-β
C. IFN-α
D. IL-4
Choose the correct option.",d,20,True,d,479,12.781753860414028,12.781753860414028,63,3,,28.477328777313232
99,medqa,"An 81-year-old man patient recently moved into an assisted living facility and presents today with itchy blisters in his axilla. He attributes these to a poor diet. He also complains that the nurse practitioner at the facility started him on 4 new medications, in addition to his existing prescriptions. On physical examination, tense axillary bullae are noted that do not rupture with light, gloved touch. On direct immunofluorescence, linear C3 and IgG deposits are seen along the basement membrane. Which of the following is the most likely diagnosis?
A. Staphylococcal scalded skin syndrome
B. Bullous pemphigoid
C. Pemphigus vulgaris
D. Cicatricial pemphigoid
Choose the correct option.",b,20,True,b,577,15.145060896873474,15.145060896873474,63,3,,28.477328777313232
0,medqa,"A 34-year-old man comes to the physician because of a 3-week history of colicky abdominal pain and diarrhea. He has bowel movements 10–12 times daily; the stool contains blood and mucus. He constantly has the urge to defecate. His vital signs are within normal limits. Examination of the abdomen shows diffuse tenderness to palpation. Serum concentration of C-reactive protein is 20 mg/L (N<10). Colonoscopy shows a bleeding, ulcerated rectal mucosa with several pseudopolyps. Which of the following is this patient at greatest risk of developing?
A. Hemolytic uremic syndrome
B. Oral ulcers
C. Colorectal cancer
D. Pancreatic cancer
Choose the correct option.",c,40,False,a,1533,38.970896288752556,38.970896288752556,123,3,,28.51185655593872
1,medqa,"A 38-year-old woman presents to her primary care physician for her yearly exam. Her only complaint is difficulty losing weight. Her BMI is 34 kg/m^2. In addition to a standard physical exam, the physician orders a glucose tolerance test. The woman's fasting blood glucose level is 120 mg/dL and two-hour post 75g glucose load blood glucose level is 190 mg/dL. The physician informs the patient that she is ""pre-diabetic"" or at risk of developing diabetes and recommends lifestyle modification with follow-up in 6 months. Which of the following endogenous signaling molecules or receptors will increase insulin sensitivity in this patient?
A. Catecholamines
B. Glucagon
C. Glucocorticoids
D. Peroxisome proliferator-activated receptor gamma
Choose the correct option.",d,40,True,d,696,19.412999730557203,19.412999730557203,123,3,,28.51185655593872
2,medqa,"A 33-year-old man presents to the emergency department after a motor vehicle collision. He was the front seat unrestrained driver in a head-on collision. The patient has a Glasgow Coma Scale of 5 and is subsequently intubated. Physical exam is notable for subcutaneous emphysema in the clavicular area. Needle decompression and chest tube placement are performed, and the patient is stabilized after receiving 2 units of blood and 2 liters of fluid. Chest radiography demonstrates proper tube location and resolution of the pneumothorax. The patient is transferred to the trauma intensive care unit. On the unit, a repeat chest radiograph is notable for a recurrent pneumothorax with the chest tube in place. Which of the following is the most likely diagnosis?
A. Inappropriate chest tube placement
B. Spontaneous pneumothorax
C. Tension pneumothorax
D. Tracheobronchial rupture
Choose the correct option.",d,40,True,d,466,14.542277943342924,14.542277943342924,123,3,,28.51185655593872
3,medqa,"A 45-year-old mechanic presents to the emergency department complaining of acute-onset shortness of breath while repairing a plowing tractor for his neighbor. The patient denies having any history of asthma or respiratory symptoms, and does not smoke. His temperature is 99.8°F (37.7°C), pulse is 65/min, blood pressure is 126/86 mmHg, and respirations are 20/min. His oxygen saturation is 97%. On exam, he is pale and diaphoretic. His pupils are contracted. Diffuse wheezes are noted in all lung fields. What is the best treatment for his condition?
A. Succinylcholine
B. Inhaled ipratropium and oxygen
C. Atropine and pralidoxime
D. Inhaled albuterol and oxygen
Choose the correct option.",c,40,True,c,635,18.085290256887674,18.085290256887674,123,3,,28.51185655593872
4,medqa,"A 64-year-old man comes to the physician with a 1-week history of sore mouth. He says that swallowing is not painful. He has had asthma for more than 20 years. His only medication is a high-dose combination salmeterol/fluticasone inhaler. His temperature is 37.1°C (98.8°F), pulse is 74/min, respirations are 14/min, and blood pressure is 125/65 mm Hg. A photograph of his oral mucosa is shown. Indirect mirror examination of the posterior oropharynx, larynx, and hypopharynx shows no abnormalities. Which of the following is the most appropriate next step in management?
A. Fluconazole
B. Isotretinoin
C. Nystatin
D. Penicillin V
Choose the correct option.",c,40,True,c,1546,40.436813581734896,40.436813581734896,123,3,,28.51185655593872
5,medqa,"A 62-year-old man presents with episodes of palpitations for the past 3 weeks. He says that he has episodes where he feels his heart is ‘racing and pounding’, lasting 1–2 hours on average. Initially, he says the episodes would happen 1–2 times per week but now happen almost every day. This last episode has been constant for the past 2 days. He denies any seizure, loss of consciousness, dizziness, chest pain, or similar symptoms in the past. His past medical history is significant for an ischemic stroke of the right anterior cerebral artery 1 month ago, status post intravenous (IV) tissue plasminogen activator (tPA) with still some residual neurologic impairment, and long-standing gastroesophageal reflux secondary to a hiatal hernia, managed medically. The patient reports a 15-pack-year smoking history, but no alcohol or recreational drug use. The vital signs include: temperature 37.0°C (98.6°F), blood pressure 100/70 mm Hg, pulse 105/min, and respiratory rate 16/min. On physical examination, muscle strength in the lower extremities is 4/5 on the left and 5/5 on the right, along with sensory loss on the left, all of which is improved from his previous exam 3 weeks ago. There is a loss of the left half of the visual field bilaterally which is stable from the previous exam. Cardiac examination is significant for a new-onset irregular rate and rhythm. No rubs, thrills or murmurs. A noncontrast computed tomography (CT) scan shows evidence of an area of infarction in the vicinity of the right anterior cerebral artery showing normal interval change with no evidence of new hemorrhage or expansion of the area of infarction. An electrocardiogram (ECG) is performed, which is shown in the exhibit (see image below). Which of the following is the most appropriate intervention to best prevent future cerebrovascular accidents (CVAs) in this patient?
A. Begin aspirin therapy
B. Begin clopidogrel
C. Carotid endarterectomy
D. Begin warfarin and heparin
Choose the correct option.",d,40,True,d,410,12.914357621222734,12.914357621222734,123,3,,28.51185655593872
6,medqa,"An investigator is studying cellular regeneration of epithelial cells. She has obtained a tissue sample from a normal thyroid gland for histopathologic examination. It shows follicles lined by a single layer of cube-like cells with large central nuclei. Which of the following parts of the female reproductive tract is also lined by this type of epithelium?
A. Ovaries
B. Vagina
C. Fallopian tubes
D. Vulva
Choose the correct option.",a,40,True,a,495,14.572184085845947,14.572184085845947,123,3,,28.51185655593872
7,medqa,"A 4-year-old girl is brought to the emergency department with a persistent cough, fever, and vomiting. The past year the child has been admitted to the hospital 3 times with pneumonia. For the past 1 week, the child has been experiencing thick purulent cough and says that her chest feels ‘heavy’. Her stools have been loose and foul-smelling over the past week. Her parents are also concerned that she has not gained much weight due to her frequent hospital visits. She was born at 39 weeks gestation via spontaneous vaginal delivery and is up to date on all vaccines and is meeting all developmental milestones. On physical exam, the temperature is 39.1°C (102.4°F). She appears lethargic and uncomfortable. Crackles are heard in the lower lung bases, with dullness to percussion. A small nasal polyp is also present on inspection. Which of the following is the most likely cause for the girl’s symptoms?
A. Dysfunction in a transmembrane regulator
B. Inefficient breakdown of leucine, isoleucine, and valine
C. Dysfunction in the motility of respiratory cilia
D. Deficiency in lymphocytic activity
Choose the correct option.",a,40,True,a,664,18.476644840091467,18.476644840091467,123,3,,28.51185655593872
8,medqa,"A 70-year-old woman is brought to the emergency department for the evaluation of abdominal pain, nausea, and vomiting for 1 day. Computed tomography shows a small bowel perforation. The patient is prepared for emergent exploratory laparotomy. She is sedated with midazolam, induced with propofol, intubated, and maintained on nitrous oxide and isoflurane for the duration of the surgery. A single perforation in the terminal ileum is diagnosed intraoperatively and successfully repaired. The patient is transferred to the intensive care unit. The ventilator is set at an FiO2 of 50%, tidal volume of 1000 mL, respiratory rate of 12/min, and positive end-expiratory pressure of 2.5 cm H2O. Her temperature is 37.3°C (99.1°F), pulse is 76/min, and blood pressure is 111/50 mm Hg. She is responsive to painful stimuli. Lung examination shows bilateral rales. Abdominal examination shows a distended abdomen and intact abdominal surgical incisions. The remainder of the physical examination shows no abnormalities. Arterial blood gas analysis shows:
pH 7.44
pO2 54 mm Hg
pCO2 31 mm Hg
HCO3- 22 mm Hg
Which of the following is the best next step in the management of this patient?""
A. Increase the FiO2
B. Increase the tidal volume
C. Increase PEEP
D. Increase the respiratory rate
Choose the correct option.",c,40,True,c,1211,31.69620493799448,31.69620493799448,123,3,,28.51185655593872
9,medqa,"A 47-year-old man with a history of HIV1 infection presents to his HIV clinic to discuss his antiretroviral medications. He is interested in including maraviroc in his maintenance regimen after seeing advertisements about the medication. On exam, his temperature is 98.8°F (37.1°C), blood pressure is 116/74 mmHg, pulse is 64/min, and respirations are 12/min. His viral load is undetectable on his current regimen, and his blood count, electrolytes, and liver function tests have all been within normal limits. In order to consider maraviroc for therapy, a tropism assay needs to be performed. Which of the following receptors is affected by the use of maraviroc?
A. gp120
B. gp160
C. p24
D. Reverse transcriptase
Choose the correct option.",a,40,True,a,1660,42.32511307299137,42.32511307299137,123,3,,28.51185655593872
10,medqa,"A 23-year-old woman comes to the physician because of a 2-month history of episodic headaches associated with dizziness, nausea, and vomiting. Over-the-counter pain medications have failed to reduce her symptoms. An MRI of the brain shows isolated dilation of the left lateral ventricle. This dilatation is most likely caused by blockade of which of the following structures?
A. Arachnoid villi
B. Interventricular foramen
C. Median aperture
D. Lateral apertures
Choose the correct option.",b,40,True,b,682,18.894414100795984,18.894414100795984,123,3,,28.51185655593872
11,medqa,"A 65-year-old man comes to the physician because of progressively worsening fatigue for 6 months. During this time, he has also had shortness of breath and palpitations on exertion. He has noticed blood in his stools on three separate occasions in the past 4 months. He has type 2 diabetes mellitus and end-stage renal disease. He drinks two to four beers daily. He does not smoke. His pulse is 95/min and blood pressure is 120/70 mm Hg. Examination shows pale conjunctivae. The abdomen is soft with no organomegaly. Rectal examination is unremarkable. His hemoglobin concentration is 7.2 g/dL, hematocrit is 32%, and mean corpuscular volume is 68 μm3. Which of the following is the most likely underlying cause of this patient's bleeding?
A. Inflammation in an outpouching of the colonic wall
B. Symptomatic enlargement of hemorrhoidal plexus
C. Chronic mucosal and submucosal inflammation of the colon
D. Arteriovenous malformation in the colonic wall
Choose the correct option.",d,40,True,d,516,15.007084731012583,15.007084731012583,123,3,,28.51185655593872
12,medqa,"An 11-month-old boy is brought to the physician for a well-child examination. He is growing along with the 75th percentile and meeting all milestones. Physical examination shows a poorly rugated scrotum. The palpation of the scrotum shows only 1 testicle. A 2nd testicle is palpated in the inguinal canal. The examination of the penis shows a normal urethral meatus. The remainder of the physical examination shows no abnormalities. Which of the following is the most appropriate next step in management?
A. Chorionic gonadotropin therapy
B. Exploratory laparoscopy
C. Orchiectomy
D. Orchiopexy
Choose the correct option.",d,40,True,d,799,21.769100535660982,21.769100535660982,123,3,,28.51185655593872
13,medqa,"A 24-year-old woman presents to her primary care physician for a wellness visit. She says that she has been generally healthy but has noticed difficulty concentrating, becoming increasingly fatigued, and a 15-pound weight increase over the course of a few months. She also reports mild constipation and joint pain. Approximately 6-months ago, she experienced palpitations, increased stool frequency, and a hand tremor. Her past medical history is significant for asthma. Her father is not living and had Parkinson disease, and her mother has poorly controlled rheumatoid arthritis. She is currently sexually active in a monogamous relationship and uses contraception consistently. She denies cigarette smoking and occasionally drinks wine. She experimented once with lysergic acid diethylamide 6 years ago. Her temperature is 99°F (37.2°C), blood pressure is 127/98 mmHg, pulse is 55/min, and respirations are 13/min. On physical exam, the patient has slow speech and movement. She has tenderness to palpation of her wrist and ankle joints. She has delayed relaxation of deep tendon reflexes. Which of the following will most likely be found in this patient?
A. Elevated TSH
B. High Patient Health Questionnaire-9 (PHQ-9) score
C. Positive anti-CCP antibodies
D. Positive urine toxicology
Choose the correct option.",a,40,True,a,709,19.484505355358124,19.484505355358124,123,3,,28.51185655593872
14,medqa,"A 16-year-old boy is rushed to the emergency room with acute vomiting and abdominal pain that began earlier today. His parents say that the boy was doing well until two days ago when he told them that he was feeling unwell. He has diabetes and takes insulin but stopped taking it when he began to feel poorly two days ago. His temperature is 37°C (98.6°F), respirations are shallow and rapid with a rate of 33/min, pulse is 107/min, and blood pressure is 101/68 mm Hg. He appears severely dehydrated, showing signs of fatigue, and poor skin turgor. His breath has a fruity smell to it. His blood glucose level is 691 mg/dL. Blood is drawn for labs and the results are given below:
Serum:  
  pH: 7.21
  pCO2: 32 mm HG
  HCO 3-: 15.2 mEq/L
Sodium: 122 mEq/L
Potassium: 5.8 mEq/L
Urinalysis is positive for ketone bodies. What is the most appropriate immediate step in the management of this patient?
A. Administer IV fluids and insulin
B. Administer IV antibiotics
C. Administer IV fluids with oral antidiabetic medications
D. Administer potassium and magnesium
Choose the correct option.",a,40,True,a,441,13.28216690942645,13.28216690942645,123,3,,28.51185655593872
15,medqa,"A 22-year-old woman comes to the physician for the evaluation of irregular menstrual bleeding. Menses have occurred at 45- to 90-day intervals since menarche at the age of 15 years. Her last menstrual period was 5 weeks ago. The patient reports that she was too embarrassed to discuss this issue with anyone until now. Over the past two years, she was unable to become pregnant despite having unprotected sexual intercourse with her husband on a regular basis. There is no personal or family history of serious illness. She is 170 cm (5 ft 7 in) tall and weighs 85 kg (187 lb); BMI is 29.4 kg/m2. Her vital signs are within normal limits. Examination shows oily skin and severe facial acne. There is abnormal pigmented hair on the upper lip and around both nipples. The patient wishes to have children. In addition to recommending lifestyle modifications, which of the following is the most appropriate step in management?
A. In vitro fertilization with patient's egg
B. Progesterone therapy
C. Clomiphene therapy
D. Leuprolide therapy
Choose the correct option.",c,40,True,c,504,14.765343688428402,14.765343688428402,123,3,,28.51185655593872
16,medqa,"A 61-year-old man presents to the clinic with complaints of excessive thirst, frequent urination, and partial visual loss in both eyes for 1 day. His family history is significant for type 2 diabetes mellitus in his mother and cousin. His weight is 112 kg ( 246.9 lb), height 187 cm (6 ft 1 in), blood pressure: 150/90 mm Hg, heart rate: 89/min, respiratory rate: 14/min, and temperature: 36.7℃ (98.4℉). The physical examination is significant for dry skin, a pustular rash over the patient’s shoulders and back, an accentuated second heart sound (S2) best heard in the second intercostal space at the right sternal border, and distal loss of vibration sensitivity in both feet. A fundoscopic examination shows small red dots in the superficial retinal layers suggestive of microaneurysms. The HbA1c is 9% and the urinalysis shows the following:
Color Pale yellow (light/pale-to-dark/deep amber)
Clarity Cloudy
pH 6.6
Specific gravity 1.010
Glucose 199 mg/dl
Ketones None
Nitrites Negative
Leukocyte esterase Negative
Bilirubin Negative
Urinary bilirubin Traces
Red blood cells 3 RBCs
Protein 120 mg/d
RBCs ≤ 2 RBCs/hpf
WBCs 22 WBCs/hpf
Epithelial cells 27 squamous epithelial cells/hpf
Casts 5 hyaline casts/lpf
Crystals Occasional
Bacteria None
Yeast Present
Which of the following statements best describes the cause of this patient’s glucosuria?
A. There is a disruption of primary active transport of glucose in the proximal renal tubules
B. Secondary active transporters fail to completely reabsorb glucose in the renal tubules
C. There is a disruption of passive transport of the glucose in the proximal renal tubules
D. Glucosuria results from increased glomerular filtration rate
Choose the correct option.",b,40,True,b,632,17.77135332673788,17.77135332673788,123,3,,28.51185655593872
17,medqa,"A 61-year-old woman presents to an outpatient clinic with fatigue and mild neck pain for a month. She adds that she is having difficulty swallowing. She denies trouble with her breathing but endorses 5–10 lb of unintentional weight loss over the past few months. On physical exam, the patient’s fingernails appear flat and mild conjunctival pallor is noted. An upper barium esophagram shows an upper esophageal web. A complete blood count reveals:
Hb% 10 gm/dL
Total count (WBC) 11,000 /mm3
Differential count:
Neutrophile 70%
Lymphocytes 25%
Monocytes 5%
ESR 10 mm/hr
What is the most likely diagnosis?
A. Plummer-Vinson syndrome
B. Esophageal squamous cell carcinoma
C. Zenker’s diverticulum
D. Achalasia
Choose the correct option.",a,40,True,a,553,15.835954643785954,15.835954643785954,123,3,,28.51185655593872
18,medqa,"A 28-year-old woman with no significant past medical history presents to her primary care physician with increased menstrual bleeding over the past three months. She also notes easy bruising and bleeding from her gums when brushing her teeth. She is sexually active with multiple partners and has no history of intravenous drug use. Physical exam is remarkable for petechiae and scattered ecchymoses on the patient's bilateral upper and lower extremities. Urine beta-HCG is negative. Laboratory results are as follows: Hgb 13.0 g/dL, WBCs 6,000/mL, platelets 95,000/mL, PT 13.2s, aPTT 30s. Peripheral blood smear shows normocytic, normochromic red blood cells and few platelets with no morphologic abnormalities. Which diagnostic study should be performed next?
A. Serum factor VIII levels and von Willebrand factor activity
B. Measurement of ADAMTS13 activity
C. HIV and HCV testing
D. Bone marrow aspiration
Choose the correct option.",c,40,False,d,1846,46.34342508018017,46.34342508018017,123,3,,28.51185655593872
19,medqa,"A 55-year-old man with a history of chronic glomerulonephritis due to IgA nephropathy presents to your office with bone pain. Which of the following laboratory findings would you most expect upon analysis of this patient's serum?
A. Increased PTH, decreased calcium, increased phosphate, decreased calcitriol
B. Decreased PTH, increased calcium, increased phosphate, increased calcitriol
C. Decreased PTH, decreased calcium, increased phosphate, decreased calcitriol
D. Normal PTH, normal calcium, normal phosphate, normal calcitriol
Choose the correct option.",a,40,True,a,513,15.20983349531889,15.20983349531889,123,3,,28.51185655593872
20,medqa,"A 50-year-old man presents to his primary care doctor following an inguinal hernia repair. The patient reports no pain in his lower abdomen or groin, no constipation, and states that he enjoys his usual diet. He denies any use of alcohol, tobacco, or illicit drugs. He has returned to work as a cruise ship attendant. Preoperative workup included chest radiography which demonstrated an opacification in his right middle lobe. The patient agrees to undergo computed tomography (CT) of his chest without contrast for further evaluation. The radiologist reports an 8 mm nodule in the patient's peripheral right middle lobe that has regular margins and appears calcified. One year later, the patient obtains another chest CT without contrast that reports the nodule size as 10 mm with similar characteristics. What is the most appropriate next step in management?
A. CT chest without contrast in 24 months
B. Positive emission tomography (PET) of chest now
C. Right middle lobectomy now
D. Bronchoscopy-guided biopsy now
Choose the correct option.",b,40,False,a,716,19.833727471530437,19.833727471530437,123,3,,28.51185655593872
21,medqa,"An 8-year-old boy is brought to the physician by his parents for short stature. Neither his clothing nor his shoe size have changed over the past year. He also frequently bumps into obstacles such as furniture and has headaches at night. He is always thirsty for cold water and has been urinating more frequently. Three years ago, he had an asthma attack that was treated with albuterol and a one-week course of steroids. His mother has Hashimoto's thyroiditis and had precocious puberty. His mother's height is 147 cm (4 ft 10 in) and his father's height is 160 cm (5 ft 3 in). He is at the 5th percentile for height and 5th percentile for weight. His temperature is 37°C (98.6°F), pulse is 98/min, respirations are 16/min, and blood pressure is 100/64 mm Hg. Examination shows a soft and nontender abdomen. The genitals and pubic hair are both Tanner stage 1. Axillary hair is absent. Patellar reflexes are 1+ bilaterally. Laboratory studies show:
Na+ 145 mEq/L
K+ 4.1 mEq/L
Cl- 102 mEq/L
HCO3- 25 mEq/L
Ca2+ 9.4 mg/dL
Glucose 110 mg/dL
Thyroid-stimulating hormone 0.3 μU/mL
Thyroxine 3.9 μg/dL
Insulin-like growth factor 1 24 ng/mL (N=61–356 ng/mL)
Insulin-like growth factor binding protein 3 2.1 mcg/mL (N=1.6–6.5 μg/mL)
Which of the following is the most likely diagnosis?""
A. Rathke cleft cyst
B. Craniopharyngioma
C. Multiple endocrine neoplasia
D. Pituitary adenoma
Choose the correct option.",b,40,True,b,613,17.8928841650486,17.8928841650486,123,3,,28.51185655593872
22,medqa,"A 9-month-old boy is brought to his pediatrician by his mother for a routine health checkup. The boy was born at 39 weeks gestation via spontaneous vaginal delivery. He is up to date on all vaccines and is meeting all developmental milestones. He was breastfed for the first 3 months and then switched to cow’s milk and about two months ago she started giving him fruits and vegetables. Family history is noncontributory. Today, his heart rate is 120/min, respiratory rate is 40/min, blood pressure is 90/50 mm Hg, and temperature of 37.0°C (98.6°F). On examination, he has a heartbeat with a regular rate and rhythm and his lungs are clear to auscultation bilaterally. Generally, the boy looks pale. His weight and height fall within the expected range. A complete blood count (CBC) shows the following:
Hemoglobin (Hb): 9.1 g/dL
Mean corpuscular volume (MCV): 65 fL
Total iron binding capacity (TIBC): 550 μg/dL
Serum iron: 45 µg/dL
Serum lead: < 5 µg/dL
What is the best treatment for this patient?
A. Iron supplementation only
B. Proper diet and iron supplementation
C. Multivitamins
D. Proper diet only
Choose the correct option.",b,40,True,b,773,21.96152563393116,21.96152563393116,123,3,,28.51185655593872
23,medqa,"Three patients present to the pediatrician for routine well-child visits. The first child’s mother reports that he seems to be breastfeeding well and voids at least eight times per day. His stools are a yellow color, and he does not seem to be straining. In the office, he can lift his head and chest when in the prone position, and he can track an object with his eyes to the midline. His hands remain fisted 50% of the time.

The second child’s parents report that she is doing well at home and seems to enjoy playing with her older brother. In the office, she can roll from supine to prone and can transfer her rattle from hand to hand. She cannot yet say any words.

The third child’s father reports that he is starting to explore the world around him. He has begun taking independent steps at home. In the office, he seems to recognize the name of several objects, but he cannot follow the direction to “grab the ball.” All three children are assessed as developmentally normal.

Which of the following represents these patient's respective ages?
A. Ages 1 month, 4 months, and 9 months
B. Ages 2 months, 4 months, and 12 months
C. Ages 2 months, 6 months, and 9 months
D. Ages 2 months, 6 months, and 12 months
Choose the correct option.",d,40,False,b,1943,49.32967119291425,49.32967119291425,123,3,,28.51185655593872
24,medqa,"A 22-year-old primigravida presents for a regular prenatal visit at 16 weeks gestation. She is concerned about the results of a dipstick test she performed at home, which showed 1+ glucose. She does not know  if her liquid consumption has increased, but she urinates more frequently than before. The course of her pregnancy has been unremarkable and she has no significant co-morbidities. The BMI is 25.6 kg/cm2 and she has gained 3 kg (6.72 lb) during the pregnancy. The blood pressure is 110/80 mm Hg, the heart rate is 82/min, the respiratory rate is 14/min, and the temperature is 36.6℃ (97.9℉). The lungs are clear to auscultation, the heart sounds are normal with no murmurs, and there is no abdominal or costovertebral angle tenderness. The laboratory tests show the following results:
Fasting glucose 97 mg/L
ALT 12 IU/L
AST 14 IU/L
Total bilirubin 0.8 mg/dL(15 µmol/L)
Plasma creatinine 0.7 mg/dL (61.9 µmol/L)
Which of the following tests are indicated to determine the cause of the abnormal dipstick test results?
A. HbA1c measurement
B. No tests required
C. Urinalysis
D. Oral glucose tolerance test
Choose the correct option.",b,40,False,d,1006,27.003477953374386,27.003477953374386,123,3,,28.51185655593872
25,medqa,"A four-day-old neonate is brought to the pediatrician with vaginal discharge for the last two days. Her mother is concerned about the blood-tinged discharge but states that her daughter has been feeding and voiding well. The neonate was delivered at 39 weeks gestation by an uncomplicated vaginal delivery, and she and her mother were discharged home after two days. The prenatal course was complicated by chlamydia in the mother during the first trimester, for which she and the partner were both treated with a negative test of cure. The neonate’s biological father is no longer involved the patient's care, but her mother’s boyfriend has been caring for the baby whenever the mother rests. At this visit, the neonate’s temperature is 98.5°F (36.9°C), pulse is 138/min, and respirations are 51/min. She appears comfortable, and cardiopulmonary and abdominal exams are unremarkable. There are no bruises or marks on her skin. Examination of the genitals reveals no vulvar irritation or skin changes, but there is scant pink mucoid discharge at the introitus. Which of the following is the best next step in management?
A. Vaginal exam under anesthesia
B. Vaginal culture
C. Warm water irrigation of the vagina
D. Reassurance
Choose the correct option.",d,40,True,d,641,18.622101206332445,18.622101206332445,123,3,,28.51185655593872
26,medqa,"A group of researchers decided to explore whether the estimates of incidence and prevalence rates of systemic lupus erythematosus (SLE) were influenced by the number of years it took to examine administrative data. These estimates were not only based on hospital discharges, but also on physician billing codes. For study purposes, the researchers labeled incident cases at the initial occurrence of SLE diagnosis in the hospital database, while prevalent cases were those that were coded as harboring SLE at any time, with patients maintaining their diagnosis until death. Which statement is true regarding the relationship between incidence and prevalence rates during the time period that might be chosen for this specific study?
A. Incidence rates will be higher during shorter time periods than longer periods.
B. The prevalence of SLE during consecutively shorter time windows will be overestimated.
C. The inclusion of attack rates would increase incidence estimates in longer time periods.
D. The inclusion of attack rates would decrease incidence estimates in shorter time periods.
Choose the correct option.",a,40,True,a,1880,48.10608733817935,48.10608733817935,123,3,,28.51185655593872
27,medqa,"A 76-year-old woman visits a physician for a general medical examination. She is asymptomatic. Six months prior, she had a cerebral stroke with left hemiparesis, from which she has almost completely recovered with physiotherapy. She has a history of hypertension and atrial fibrillation (AF). She has no significant ischemic, valvular, or structural heart disease. She takes metoprolol, amlodipine, warfarin, and atorvastatin. Blood pressure is 125/70 mm Hg, pulse is 75/min with an irregular rhythm. Respirations are 13/min. She has a minor limp and weakness in her left arm and leg. Heart exam shows no abnormalities other than irregular beats. To assess adherence and therapeutic efficacy in this patient, which of the following studies should be ordered?
A. Echocardiogram
B. International normalized ratio
C. Partial thromboplastin time
D. Serum drug levels
Choose the correct option.",b,40,True,b,442,13.743991263210773,13.743991263210773,123,3,,28.51185655593872
28,medqa,"A 16-year-old boy with a seizure disorder and cognitive delay is brought to the physician because of progressively worsening right lower extremity weakness for the past 6 months. He does not make eye contact and sits very close to his mother. Physical examination shows a grade 3/6 holosystolic murmur at the cardiac apex. Neurological examination shows decreased strength in the right lower leg with normal strength in the other extremities. Fundoscopic examination shows several multinodular, calcified lesions in the retina bilaterally. A photograph of his skin findings is shown. This patient's condition is most likely due to a mutation in which of the following?
A. NF1 gene on chromosome 17
B. NF2 gene on chromosome 22
C. TSC1 gene on chromosome 9
D. VHL gene on chromosome 3
Choose the correct option.",c,40,True,c,961,26.532215986400843,26.532215986400843,123,3,,28.51185655593872
29,medqa,"A 75-year-old woman presents to the emergency department with 30 minutes of slurred speech and arm weakness. On the drive over to the hospital, her symptoms have resolved completely. The patient has a past medical history of hypertension, atrial fibrillation, diabetes, morbid obesity, gout, and vascular claudication. Her temperature is 99.0°F (37.2°C), blood pressure is 184/111 mmHg, pulse is 88/min, respirations are 15/min, and oxygen saturation is 98% on room air. Physical exam reveals cranial nerves II-XII as grossly intact with normal strength and sensation in the patient's upper and lower extremities. The patient's memory is intact and her speech seems normal and fluent. Her gait is stable with no ataxia. An initial head CT demonstrates diffuse atrophy which is consistent with previous head CT scans. Which of the following is the best next step in management?
A. CT angiogram
B. Echocardiogram
C. Heparin
D. MRI
Choose the correct option.",a,40,False,d,758,21.596111949533224,21.596111949533224,123,3,,28.51185655593872
30,medqa,"An investigator is studying the pattern of glutamate release from presynaptic nerve terminals in human volunteers with Alzheimer disease. The concentration of glutamate in the CA1 region of the hippocampus is measured using magnetic resonance spectroscopy after Schaffer collateral fibers are electrically stimulated. Which of the following events most likely occurs immediately prior to the release of neurotransmitters?
A. Activation of G protein-coupled receptors
B. Accumulation of cAMP
C. Opening of ligand-gated ion channels
D. Influx of calcium
Choose the correct option.",d,40,True,d,419,13.137242496013641,13.137242496013641,123,3,,28.51185655593872
31,medqa,"A 35-year-old woman presents to her primary care provider concerned that she may be pregnant. She has a history of regular menstruation every 4 weeks that lasts about 4 days with mild to moderate bleeding, but she missed her last period 2 weeks ago. A home pregnancy test was positive. She has a 6-year history of hyperthyroidism that is well-controlled with daily methimazole. She is currently asymptomatic and has no complaints or concerns. A blood specimen is taken and confirms the diagnosis. Additionally, her thyroid-stimulating hormone (TSH) is 2.0 μU/mL. Which of the following is the next best step in the management of this patient?
A. Continue methimazole
B. Discontinue methimazole, start propylthiouracil
C. Add glucocorticoids
D. Refer for radioiodine therapy
Choose the correct option.",b,40,True,b,521,15.337810531258583,15.337810531258583,123,3,,28.51185655593872
32,medqa,"A 63-year-old man is aiming to improve his health by eating a well balanced diet, walking daily, and quitting smoking following a 45-year smoking history. While on his daily walks he notices a strong cramping pain in his calves that consistently appears after a mile of walking. He sees his physician and a diagnosis of peripheral artery disease with intermittent claudication is made. To improve his symptoms, cilostazol is prescribed. What is the mechanism of action of this medication?
A. Irreversible cyclooxygenase inhibitor
B. Thromboxane synthase inhibitor
C. Adenosine diphosphate receptor inhibitor
D. Phosphodiesterase inhibitor
Choose the correct option.",d,40,True,d,532,15.491334296762943,15.491334296762943,123,3,,28.51185655593872
33,medqa,"A 25-year-old woman comes to the physician because of irregular menstrual bleeding. Menses have occurred at 30- to 90-day intervals since menarche at the age of 12 years. Her last menstrual period was 6 weeks ago. She is sexually active with her husband and they do not use condoms. There is no personal or family history of serious illness. She is 170 cm (5 ft 7 in) tall and weighs 73 kg (161 lb); BMI is 25.3 kg/m2. Her vital signs are within normal limits. Examination shows oily skin and severe acne on the face. There is dark hair on the upper lip and around both nipples. Laboratory studies show:
Dehydroepiandrosterone sulfate 6.2 μg/mL (N=0.5–5.4)
Follicle-stimulating hormone 20 mIU/mL
Luteinizing hormone 160 mIU/mL
Testosterone 4.1 nmol/L (N < 3.5)
A urine pregnancy test is negative. Which of the following tests is the most appropriate next step in screening for comorbidities in this patient?""
A. 17-hydroxyprogesterone and cortisol level measurements
B. CA-125 level measurement
C. Blood glucose and cholesterol level measurements
D. TSH and T4 level measurements
Choose the correct option.",c,40,False,a,914,25.29953098297119,25.29953098297119,123,3,,28.51185655593872
34,medqa,"During the normal catabolism of protein, urea and ammonia are produced as waste products. If these waste products are not cleared by the liver and kidneys, hyperammonemia can occur, leading to confusion and delirium. Fortunately, a healthy liver can clear these waste products via the urea cycle. Which of the following reactions is the rate limiting step in this cycle?
A. NH3 + HCO3- + 2 ATP --> carbamoyl phosphate + 2 ADP + Pi
B. Carbamoyl phosphate + ornithine --> citrulline+ Pi
C. Citrulline + aspartate + ATP --> arginosuccinate + AMP + PPi
D. Arginine + H20 --> ornithine + urea
Choose the correct option.",a,40,True,a,711,20.128620631992817,20.128620631992817,123,3,,28.51185655593872
35,medqa,"A 65-year-old man with metastatic lung cancer has been experiencing severe, unremitting pain. He has required escalating doses of oral morphine, but is now having dose limiting side-effects. His pain management team recommends using a medication that can reduce his opioid need through interaction with the NMDA-receptor. Which of the following was the most likely recommended agent?
A. Propofol
B. Ketamine
C. Fentanyl
D. Midazolam
Choose the correct option.",b,40,True,b,375,12.119123555719852,12.119123555719852,123,3,,28.51185655593872
36,medqa,"An 81-year-old man is brought to the clinic by his son to be evaluated for memory issues. The patient’s son says he has difficulty remembering recent events and names. He says the patient’s symptoms have progressively worsened over the last several years but became acutely worse just recently. Also, yesterday, the patient complained that he could not see out of his right eye, but today he can. When asked about these concerns, the patient seems to have no insight into the problem and reports feeling well. His medical history is significant for diabetes mellitus type 2 and hypertension. He had a left basal ganglia hemorrhage 12 years ago and a right middle cerebral artery infarction 4 years ago. Current medications are amlodipine, aspirin, clopidogrel, metformin, sitagliptin, and valsartan. He lives with his son and can feed himself and change his clothes. There is no history of urinary or fecal incontinence. His vitals include: blood pressure 137/82 mm Hg, pulse 78/min, respiratory rate 16/min, temperature 37.0°C (98.6°F). On physical examination, the patient is alert and oriented. He is unable to perform simple arithmetic calculations and the mini-mental status exam is inconclusive. He can write his name and comprehend written instructions. Muscle strength is 4/5 on the right side. The tone is also slightly reduced on the right side with exaggerated reflexes. His gait is hemiparetic. Which of the following is the most likely diagnosis in this patient?
A. Alzheimer's disease
B. Lewy body dementia
C. Normal-pressure hydrocephalus
D. Vascular dementia
Choose the correct option.",d,40,True,d,611,17.729754451662302,17.729754451662302,123,3,,28.51185655593872
37,medqa,"A 28-year-old woman is brought to the emergency room after a motor vehicle accident. On arrival, she is stable and says that she hit a car at an intersection that ""came out of nowhere"". She states that she had similar close encounters with other cars these past few weeks but was able to avoid collisions with those. She has also had intermittent headaches over the last month and has noticed that her shirts have been getting wet unexpectedly. Blood tests reveal an abnormal elevation of a circulating substance. Which of following changes is also associated with the physiologic function of the most likely substance in this case?
A. Decreased oxytocin
B. Decreased progesterone
C. Increased follicle stimulating hormone
D. Increased progesterone
Choose the correct option.",b,40,False,d,1664,41.95335263758898,41.95335263758898,123,3,,28.51185655593872
38,medqa,"A 25-year-old African American man presents to his primary care provider for routine blood work. He is a well-known case of sickle cell disease treated with hydroxyurea and tramadol as needed for pain. He does not smoke or drink alcohol. The patient asks if his disease can adversely affect his kidneys because his friend was recently diagnosed with end-stage renal failure. Which of the following is a renal complication of sickle cell disease?
A. Membranous glomerulonephritis
B. Proximal renal tubular acidosis
C. Impaired urine diluting ability
D. Impaired urine concentration ability
Choose the correct option.",d,40,True,d,369,11.684987366199493,11.684987366199493,123,3,,28.51185655593872
39,medqa,"A 24-year-old woman is brought to the emergency room (ER) by her co-workers after they found her unconscious in her cubicle when they returned from lunch. They tell you that she has diabetes but do not know anything more about her condition. The woman’s vital signs include: pulse 110/min, respiratory rate 24/min, temperature 36.7°C (98.0°F), and blood pressure 90/60 mm Hg. On physical examination, the patient is breathing heavily and gives irrelevant responses to questions. The skin and mucous membranes appear dry. Examination of the abdomen reveals mild diffuse tenderness to palpation. Deep tendon reflexes in the extremities are 1+ bilaterally. Laboratory studies show:
Finger stick glucose 630 mg/dL
Arterial blood gas analysis:
pH 7.1
PO2 90 mm Hg
PCO2 33 mm Hg
HCO3 8 mEq/L
Serum:
Sodium 135 mEq/L
Potassium 3.1 mEq/L
Chloride 136 mEq/L
Blood urea nitrogen 20 mg/dL
Serum creatinine 1.2 mg/dL
Urine examination shows:
Glucose Positive
Ketones Positive
Leukocytes Negative
Nitrite Negative
RBCs Negative
Casts Negative
The patient is immediately started on a bolus of intravenous (IV) 0.9% sodium chloride (NaCl). Which of the following is the next best step in the management of this patient?
A. Infuse NaHCO3 slowly
B. Switch fluids to 0.45% NaCl
C. Start IV insulin infusion
D. Replace potassium intravenously
Choose the correct option.",d,40,False,c,436,13.609616346657276,13.609616346657276,123,3,,28.51185655593872
40,medqa,"A 27-year-old man presents to the emergency department after a motor vehicle accident. The patient has a past medical history of asthma and cocaine use. His current medications include albuterol and ibuprofen. His temperature is 99.5°F (37.5°C), blood pressure is 70/35 mmHg, pulse is 150/min, respirations are 19/min, and oxygen saturation is 98% on room air. On initial trauma evaluation, his airway is intact and he is breathing spontaneously. The patient's dorsalis pedis and radial pulses are palpable bilaterally. His Glasgow Coma Scale is 9. Head to toe examination reveals instability of the pelvis when downwards force is applied. The patient is started on IV fluids and norepinephrine, and a pelvic binder is placed. The patient's vitals are measured again and his temperature is 99.5°F (37.5°C), blood pressure is 100/55 mmHg, pulse is 150/min, respirations are 17/min, and oxygen saturation is 98% on room air. A blood transfusion is started, and the patient is given hydromorphone. The patient suddenly becomes short of breath with notable bilateral wheezing with poor air movement. His blood pressure is 60/35 mmHg and pulse is 160/min. The patient is treated appropriately, intubated, stabilized, and transferred to the surgical intensive care unit. Which of the following is most likely to be found in this patient's history?
A. Hemolytic anemia and ataxia
B. Gum disease and poor wound healing
C. Irregularly irregular heart rhythm
D. Anti-A, B, or O antibodies in the serum
Choose the correct option.",a,40,False,d,2857,69.71513214334846,69.71513214334846,123,3,,28.51185655593872
41,medqa,"A 58-year-old man is brought to the emergency department because of sudden-onset right-sided body numbness for 1 hour. He reports that he has a 15-year history of hypertension treated with hydrochlorothiazide. He is alert and oriented to time, place, and person. Neurological examination shows decreased sensation to light pinprick and temperature on the right side of the face and body. Motor strength is 5/5 and deep tendon reflexes are 2+ bilaterally. Perfusion of which of the following structures of the brain is most likely impaired in this patient?
A. Posterior limb of the internal capsule
B. Lateral medulla
C. Basal pons
D. Ventral thalamus
Choose the correct option.",d,40,False,a,1677,42.018632143735886,42.018632143735886,123,3,,28.51185655593872
42,medqa,"A 50-year-old man with congestive heart failure (CHF) was started on an experimental analog of atrial natriuretic peptide. Which of the following would he expect to experience?
A. Increased water reabsorption by the renal collecting ducts
B. Vasoconstriction, increased blood pressure, aldosterone release
C. Increased glomerular filtration rate, restricted aldosterone release, vascular smooth muscle dilation
D. Increased plasma calcium and decreased renal reabsorption of phosphate
Choose the correct option.",c,40,True,c,561,16.023365423083305,16.023365423083305,123,3,,28.51185655593872
43,medqa,"A 7-year-old boy is rushed to the emergency room after losing consciousness 30 mins ago at home. The patient’s mother says that he has had a “running nose” for the past few days However, he did not receive any treatment for it, and his condition rapidly worsened today. He does not have any significant past medical history. His vaccination records are up to date. His temperature is 38.2°C (100.7°F), blood pressure is 90/50 mm Hg, heart rate is 120/min, and respiratory rate is 22/min. On physical examination, the patient is unresponsive. There is a petechial rash present on his chest, and he has some neck rigidity. Empiric intravenous antibiotics are started, and a lumbar puncture is performed. Which of the following is the most likely cause of this patient’s low blood pressure?
A. Human immunodeficiency virus infection
B. Hypertrophic cardiomyopathy
C. Adrenocortical insufficiency
D. Pheochromocytoma
Choose the correct option.",c,40,True,c,1841,46.213154308497906,46.213154308497906,123,3,,28.51185655593872
44,medqa,"A researcher is studying risk factors for open-angle glaucoma in a group of elderly patients at a primary care clinic. He is curious if patients with diabetes (defined as fasting serum glucose ≥126 mg/dL on two separate readings) are at increased risk of developing open-angle glaucoma over time. Which of the following is the best statement of the null hypothesis for this study?
A. The future risk of open-angle glaucoma is the same in patients with and those without diabetes
B. Having diabetes will not cause changes in risk of future open-angle glaucoma
C. Diabetes is not associated with an increased prevalence of open-angle glaucoma
D. Improved adherence to antidiabetics will not be effective in decreasing future open-angle glaucoma risk
Choose the correct option.",a,40,True,a,576,16.450545597821474,16.450545597821474,123,3,,28.51185655593872
45,medqa,"A 67-year-old man comes to the clinic complaining of fatigue and dizziness for the past 2 months. He reports that he gets tired easily compared to his baseline and feels dizzy when he exerts himself (e.g., when he walks long distances). His past medical history is significant for hypertension that is controlled with lisinopril. A physical examination demonstrates moderate hepatomegaly and lymphadenopathy. His laboratory studies are shown below.

Leukocyte count and differential:
Leukocyte count: 11,500/mm^3
Segmented neutrophils: 40%
Bands: 3%
Eosinophils: 1%
Basophils: 0%
Lymphocytes: 50%
Monocytes: 8%

Hemoglobin: 11.2 g/dL
Platelet count: 120,000/mm^3
Mean corpuscular hemoglobin concentration: 31%
Mean corpuscular volume: 80 µm^3
Reticulocyte count: 3%
Lactate dehydrogenase: 45 U/L

A subsequent flow cytometry test demonstrates CD20+ cells. What is the most likely finding you would expect in this patient?
A. Low levels of erythropoietin
B. Low levels of leukocyte alkaline phosphatase (LAP)
C. Presence of hairy cells
D. Presence of smudge cells
Choose the correct option.",d,40,False,c,3838,92.26724005490541,92.26724005490541,123,3,,28.51185655593872
46,medqa,"Thirty minutes after delivery, a 3600-g (7-lb 15-oz) newborn has noisy breathing, bluish discoloration of her lips, and intermittent respiratory distress. She was born at 38 weeks' gestation and required bag-mask resuscitation immediately after delivery. Pregnancy was uncomplicated. Her mother has noticed the bluish lip discoloration worsen when she fed and improve when she cried. The patient's pulse is 163/min, respirations are 62/min, and blood pressure is 60/30 mm Hg. The crying infant's lungs are clear to auscultation. Further evaluation of this patient is most likely to show which of the following?
A. Diffuse reticulogranular densities on chest x-ray
B. Boot-shaped heart on chest x-ray
C. Passage of a gastric catheter through the mouth not possible
D. Passage of a catheter through the nasal cavity not possible
Choose the correct option.",d,40,False,b,1131,29.54629062861204,29.54629062861204,123,3,,28.51185655593872
47,medqa,"A 15-year-old girl comes to the physician because of episodic pelvic pain radiating to her back and thighs for 4 months. The pain occurs a few hours before her menstrual period and lasts for 2 days. She has been taking ibuprofen, which has provided some relief. Menses have occurred at regular 28-day intervals since menarche at the age of 12 years and last for 5 to 6 days. She is sexually active with two male partners and uses condoms inconsistently. Vital signs are within normal limits. Physical examination shows no abnormalities. Which of the following is the most likely cause of this patient's symptoms?
A. Endometrial sloughing and uterine contractions mediated by prostaglandin
B. Ascending infection of the uterus, fallopian tubes, ovaries, or surrounding tissue
C. Fluid-filled sac within the ovary
D. Hormone-sensitive smooth muscle tumor of the myometrium
Choose the correct option.",a,40,True,a,562,16.0219839066267,16.0219839066267,123,3,,28.51185655593872
48,medqa,"A 35-year-old man comes to the physician because of episodes of difficulty swallowing for the past 3 months. He feels solid food getting stuck in his chest behind the sternum when he eats. Drinking does not cause any difficulty swallowing. He has no coughing or nasal regurgitation. He has no hoarseness or weight loss. He has had heartburn for 2 years with no response to high-dose omeprazole. His past medical history is also significant for asthma and eczema. He takes no medications except for omeprazole. His vital signs are within normal limits. Physical examination shows no abnormal findings. Which of the following best explains these findings?
A. Achalasia
B. Diffuse esophageal spasm
C. Eosinophilic esophagitis
D. Esophageal reflux disease
Choose the correct option.",c,40,True,c,728,19.849753241986036,19.849753241986036,123,3,,28.51185655593872
49,medqa,"A 68-year-old man presents to the emergency department because of fever, abdominal pain, and rapidly progressive distension of the abdomen. His appendix was removed for an abscess 3 days ago. The complete blood count showed leukocytosis. Anaerobic culture of the peritoneal fluid needle aspirate showed a gram-negative pathogen. Which of the following, in addition to polymicrobial infection, is the most likely cause of this patient’s condition?
A. Bacteroides fragilis
B. Campylobacter jejuni
C. Clostridium perfringens
D. Shigella sonnei
Choose the correct option.",a,40,True,a,1516,38.07014291360974,38.07014291360974,123,3,,28.51185655593872
50,medqa,"A 51-year-old man presents the emergency room with chest pain. He mentions that the pain started several hours ago and radiates to his left neck and shoulder. He also mentions that he has some difficulty in breathing. He says that he has had similar chest pains before, but nothing seemed to be wrong at that time. He was diagnosed with high cholesterol during that episode and was prescribed medication. He also has a 3-year history of gastritis. The blood pressure is 130/80 mm Hg, respirations are 18/min, and the pulse is 110/min. He seems a little anxious. The physical examination reveals no significant abnormalities. An ECG shows slight changes in the leads. His physician talks to him about the benefits of taking low-dose aspirin daily. Which of the following would be a contraindication to the use of aspirin in this patient?
A. ECG changes
B. Hypercholesterolemia
C. Gastritis
D. Increased pulse rate
Choose the correct option.",c,40,True,c,464,13.740847684442997,13.740847684442997,123,3,,28.51185655593872
51,medqa,"A 22-year-old woman presents to her primary care physician in April for seasonal allergies. She has suffered from seasonal allergies for the past 2 years and takes diphenhydramine as needed when her symptoms worsen. She has not yet seen a physician for her allergies. She reports that diphenhydramine has been helpful in controlling her symptoms, but she does not like feeling drowsy from the medication. Her past medical history is also notable for well-controlled asthma. She uses an albuterol inhaler on an as-needed basis. She smokes marijuana daily. Her temperature is 99.2°F (37.3°C), blood pressure is 120/70 mmHg, pulse is 76/min, and respirations are 16/min. She has a prominent nasal crease. Her nasal turbinates are boggy and bluish-gray. She has copious thin and watery nasal mucus. The physician suggests replacing diphenhydramine with fexofenadine to improve her drowsiness. What characteristic of fexodenadine allows it to be less sedating than diphenhydramine?
A. Alpha-adrenergic antagonism
B. Beta-adrenergic antagonism
C. Relative lipophobicity
D. Serotonergic antagonism
Choose the correct option.",c,40,True,c,643,17.93115309253335,17.93115309253335,123,3,,28.51185655593872
52,medqa,"A 40-year-old businessman who was previously well is brought into the emergency department by his assistant with a complaint of left-sided weakness after a chiropractic neck manipulation. He has never felt like this before. Past medical history is insignificant. His blood pressure is 125/75 mm Hg, pulse 86/min, respiratory rate 13/min, temperature 36.8°C (98.2°F). A T2-weighted MRI shows a left C5 hemicord lesion. The patient is treated with cervical immobilization, a course of steroids, and physical therapy. What other finding will most likely be seen in this patient?
A. Spastic paralysis at the level of lesion
B. Right-sided Horner's syndrome
C. Contralateral corticospinal tract involvement
D. Right-sided analgesia
Choose the correct option.",d,40,True,d,1372,35.05804430320859,35.05804430320859,123,3,,28.51185655593872
53,medqa,"A 23-year-old man is admitted to the hospital with fever, chest discomfort, tachypnea, pain, needle-like sensations in the upper extremities, and profuse sweating. He also complains of a gradual decrease in vision over the past 3 months. He is a bodybuilding competitor and has a competition coming up in 1 week. The man reports that his symptoms appeared suddenly, 30 minutes after he took 2 foreign-manufactured fat-burning pills instead of the 1 he usually takes. His blood pressure is 140/90 mm Hg, heart rate is 137/min, respiratory rate is 26/min, and temperature is 39.9°C (103.8°F). Physical examination reveals a reddish maculopapular rash over the patient’s trunk, diminished lung and heart sounds, tenderness to palpation in his abdomen, and rotational bilateral nystagmus with an alternating gaze-dependent fast component. Ophthalmologic examination shows bilateral cataracts. The patient’s total blood count is as follows:
Erythrocytes 4.4 x 109/mm3
Hb 12 g/dL
Total leukocyte count  3750/mm3
Neutrophils 57%
Lymphocyte 37%
Eosinophil 1%
Monocyte 5%
Basophil 0%
Platelet count 209,000/mm3
Which of the following statements best describes the pathogenesis of this patient’s condition?
A. The patient’s symptoms are caused by an increased concentration of epinephrine released by the adrenal glands in response to the consumed substance.
B. The drug caused uncoupling of the electron transport chain and oxidative phosphorylation.
C. The patient has a pyretic reaction due to bacterial contamination of the pills.
D. The drug has stimulated the hypothalamic temperature center to produce hyperthermia.
Choose the correct option.",b,40,True,b,1503,38.07396799325943,38.07396799325943,123,3,,28.51185655593872
54,medqa,"A 6-month-old boy is brought to the physician by his parents for difficulty breathing and bluish discoloration of the lips for the past hour. During the past 3 months, the patient has had several upper respiratory tract infections and poor weight gain. Physical examination shows crackles over both lung fields and enlargement of the tonsils and cervical lymph nodes. His serum IgA, IgE, and IgG titers are decreased. An x-ray of the chest shows bilateral interstitial infiltrates. Methenamine silver staining of bronchial lavage fluid shows disc-shaped cysts. A defect in which of the following is the most likely underlying cause of this patient's condition?
A. Actin filament assembly
B. T-cell receptor signaling
C. Microtubule polymerization
D. B-cell maturation
Choose the correct option.",b,40,False,d,810,22.063837382942438,22.063837382942438,123,3,,28.51185655593872
55,medqa,"A 25-year-old man presents to his primary care physician for pain in his back. The patient describes the pain as feeling worse in the morning. He says it is a general stiffness that improves when he goes to the gym and lifts weights. He also states that his symptoms seem to improve when he leans forward or when he is cycling. The patient is a current smoker and is sexually active. He admits to having unprotected sex with many different partners this past year. The patient has no significant past medical history and is not currently taking any medications. On physical exam, the patient demonstrates notable kyphosis of the thoracic spine and decreased mobility of the back in all 4 directions. The patient’s strength is 5/5 in his upper and lower extremities. The rest of his physical exam is within normal limits. Which of the following findings is associated with this patient’s presentation?
A. Diminished pulses in the lower extremity
B. Narrowing of the spinal canal when standing upright
C. Pain with elevation of his leg while laying down
D. Punctate bleeding spots when dermatologic scales are removed
Choose the correct option.",d,40,False,b,1142,29.542419031262398,29.542419031262398,123,3,,28.51185655593872
56,medqa,"A 70-year-old man is brought to the emergency department by staff of the group home where he resides because of worsening confusion for the past week. He has a history of major depressive disorder and had an ischemic stroke 4 months ago. Current medications are aspirin and sertraline. He is lethargic and disoriented. His pulse is 78/min, and blood pressure is 135/88 mm Hg. Physical examination shows moist oral mucosa, normal skin turgor, and no peripheral edema. While in the waiting room, he has a generalized, tonic-clonic seizure. Laboratory studies show a serum sodium of 119 mEq/L and an elevated serum antidiuretic hormone concentration. Which of the following sets of additional laboratory findings is most likely in this patient?
 $$$ Serum osmolality %%% Urine sodium %%% Serum aldosterone $$$
A. ↓ ↓ ↓
B. ↑ ↓ normal
C. ↓ ↑ ↑
D. ↓ ↑ ↓
Choose the correct option.",d,40,True,d,1104,28.729012195020914,28.729012195020914,123,3,,28.51185655593872
57,medqa,"A 45-year-old woman with hypothyroidism comes to the physician because of progressive fatigue, lethargy, and epigastric pain after eating. Physical examination shows pale conjunctivae. Laboratory studies show decreased serum hemoglobin levels and increased serum gastrin levels. Esophagogastroduodenoscopy shows inflammation of the gastric body and fundus. A photomicrograph of a biopsy specimen taken from the gastric antrum is shown. Which of the following is the most likely cause of this patient's symptoms?
A. Mucosal cell hyperplasia
B. Enterochromaffin-like cell hyperplasia
C. Parietal cell destruction
D. Chief cell destruction
Choose the correct option.",c,40,True,c,985,26.008550211787224,26.008550211787224,123,3,,28.51185655593872
58,medqa,"A 66-year-old man is brought to the emergency room by his wife due to abdominal distension and persistent somnolence for the past 2 weeks. The patient’s wife says that he has been sleeping much more than usual for the past 5 days. His bowel and bladder habit have not changed. His past medical history is significant for alcoholic liver cirrhosis. His vital signs include: pulse 76/min, respiratory rate 15/min, temperature 38.0°C (100.4°F) and blood pressure 122/75 mm Hg. On physical examination, the patient is altered and not responsive to commands. Oriented x 0. The abdomen is significantly distended. Shifting dullness is present and a positive fluid wave can be elicited. Hyperreflexia and asterixis are noted. Laboratory findings are significant for the following:
Laboratory test
Sodium 140 mEq/L
Potassium 3.5 mEq/L
Chloride 97 mEq/L
Glucose 90 mg/dL
Ammonia 100 µg/dL (ref: 19-60 µg/dL)
Arterial blood gas
pH 7.4
pCO2 40 mm Hg
pO2 90 mm Hg
HCO3 26 mEq/L
An abdominal ultrasound shows surface nodularity compatible with cirrhosis but no other changes aside from ascites. An upper GI endoscopy is performed which shows gastric varices with no signs of active bleeding. An MRI of the brain is insignificant. What is the most likely precipitating factor that led to this patient’s condition?
A. Spontaneous bacterial peritonitis
B. Metabolic alkalosis
C. Portal vein thrombosis
D. Hypoglycemia
Choose the correct option.",a,40,True,a,862,23.026339501142502,23.026339501142502,123,3,,28.51185655593872
59,medqa,"A 3-week-old newborn is brought to the physician by his parents because of poor feeding, irritability, and frequent vomiting over the past week. The vomitus is greenish in color and smells strange. His parents have tried to feed him every 4 hours, but the patient often spits up or refuses to eat. The patient was born at term and had his first bowel movement at 50 hours of life. He has since had one bowel movement daily. He is at the 50th percentile for length, 10th percentile for weight, and 40th percentile for head circumference. He does not appear to be in acute distress. His temperature is 36.9°C (98.4°F), pulse is 140/min, respirations are 40/min, and blood pressure is 90/60 mm Hg. Physical examination shows that the patient has small, low-set ears, a broad and flat nasal bridge, and a large space between the first and second toes bilaterally. The abdomen is distended. When the finger is removed following a rectal exam, there is an explosive release of stool from the patient's rectum. An x-ray of the abdomen shows a section of dilated colon followed by a segment of colon without stool or air. Which of the following is most likely to confirm the diagnosis?
A. CT scan of the abdomen
B. Transabdominal ultrasonography
C. Anorectal manometry
D. Rectal suction biopsy
Choose the correct option.",d,40,True,d,611,17.16140877828002,17.16140877828002,123,3,,28.51185655593872
60,medqa,"An 11-month-old boy is brought to the clinic by his mother for a rash on his trunk, which he has had for the past 2 days. She notes that he is eating less and is more cranky than usual. His birth history is insignificant, and his immunizations are up to date. Vital signs include: temperature is 37.8°C (100.0°F), pulse is 98/min, and respiratory rate is 16/min. The rash features thin-walled, fluid-filled blisters that rupture easily. Fluid samples from the lesions are sent for analysis to a microbiology lab. The results reveal an infection by the gram-positive bacterium Staphylococcus aureus. The patient is diagnosed with staphylococcal scalded skin syndrome. Which of the following is involved with the primary defense in response to the bacteria and toxins produced by this organism?
A. Immunoglobulin- IgG
B. Immunoglobulin- IgD
C. Immunoglobulin- IgA
D. Immunoglobulin- IgM
Choose the correct option.",d,40,True,d,1170,30.332866717129946,30.332866717129946,123,3,,28.51185655593872
61,medqa,"A 60-year-old man presents to his local walk-in clinic with 1 week of fever, chills, night sweats, anorexia, malaise, progressive shortness of breath, and sharp chest pain. He is found with a blood pressure of 100/80 mm Hg, a heart rate of 84/min, an elevated respiratory rate, and a holosystolic heart murmur III/VI. His palms and soles show non-tender erythematous lesions. His personal medical history is relevant for frequent visits to the ER for lower gastrointestinal bleeding in the last month with a recent colonoscopy that reported an ulcerative lesion suggestive of colorectal cancer. He has not been subjected to dental procedures recently, and he denies the use of psychoactive drugs. A chest plain film shows clear lungs and mild cardiomegaly, and echocardiography reports the presence of vegetations involving the mitral valve. Which of the following organisms is the most likely causative agent?
A. Staphylococcus aureus
B. Escherichia coli
C. Haemophilus aphrophilus
D. Streptococcus bovis
Choose the correct option.",d,40,True,d,515,14.98774977773428,14.98774977773428,123,3,,28.51185655593872
62,medqa,"A 53-year-old man comes to the physician because of a 2-month history of multiple episodes of small amounts of blood in his stools. Examination shows pale conjunctivae. His hemoglobin concentration is 8.3 g/dL and mean corpuscular volume is 72μm3. Colonoscopy shows a 2.3-cm polypoid mass in the ascending colon. A photomicrograph of a biopsy specimen of the lesion is shown. Which of the following processes is most likely to be involved in the pathogenesis of this patient's condition?
A. Underexpression of COX-2
B. Increased phosphorylation of serine and threonine
C. Impaired degradation of β-catenin
D. Abnormal transfer of phosphate to cellular proteins
Choose the correct option.",c,40,True,c,654,18.507203180342913,18.507203180342913,123,3,,28.51185655593872
63,medqa,"A 65-year-old male is treated for anal carcinoma with therapy including external beam radiation. How does radiation affect cancer cells?
A. Induces the formation of thymidine dimers
B. Induces the formation of disulfide bonds
C. Induces deamination of cytosine
D. Induces breaks in double-stranded DNA
Choose the correct option.",d,40,True,d,392,12.150320243090391,12.150320243090391,123,3,,28.51185655593872
64,medqa,"A 17-year-old man presents to his family physician for an evaluation about the size of his penis. He feels increasingly anxious during physical education (PE) class as he has noticed that the size of his penis is significantly smaller when compared to his peers. Based on the physical examination, he is Tanner stage 1. The weight and height are 60 kg (132 lb) and 175 cm (5 ft 9 in), respectively. The cardiopulmonary examination is normal; however, the patient has difficulty identifying coffee grounds by smell. Which of the following explains the pathophysiology underlying this patient’s disorder?
A. Expansion of a CTG trinucleotide repeat
B. Isolated gonadotropin-releasing hormone (GnRH) deficiency
C. Sex-specific epigenetic imprinting
D. Non-disjunction of sex chromosomes
Choose the correct option.",b,40,True,b,418,12.696823246777058,12.696823246777058,123,3,,28.51185655593872
65,medqa,"A 25-year-old man is brought to the emergency department by police. He was found at a local celebration acting very strangely and was reported by other patrons of the event. The patient is very anxious and initially is hesitant to answer questions. He denies any substance use and states that he was just trying to have a good time. The patient's responses are slightly delayed and he seems to have difficulty processing his thoughts. The patient tells you he feels very anxious and asks for some medication to calm him down. The patient has a past medical history of psoriasis which is treated with topical steroids. His temperature is 99.5°F (37.5°C), blood pressure is 120/75 mmHg, pulse is 110/min, respirations are 15/min, and oxygen saturation is 99% on room air. On physical exam, you note an anxious young man. HEENT exam reveals a dry mouth and conjunctival injection. Neurological exam reveals cranial nerves II-XII as grossly intact with normal strength and sensation in his upper and lower extremities. Cardiac exam reveals tachycardia, and pulmonary exam is within normal limits. Which of the following is the most likely intoxication in this patient?
A. Alcohol
B. Marijuana
C. Cocaine
D. Phencyclidine
Choose the correct option.",b,40,True,b,621,17.482430089265108,17.482430089265108,123,3,,28.51185655593872
66,medqa,"A 40-year-old man presents to the clinic with complaints of increased bilateral pain in his knees. The pain developed over time and now limits his mobility. He states that the pain is worse at the end of the day, though he does have some early-morning stiffness lasting about 20 minutes. He used to have some success with over-the-counter NSAIDs; however, they no longer help. The patient also has been taking metformin for the past 2 years and is severely obese, with a BMI of 41 kg/m2. Additionally, he states that he has felt increasingly tired during the day, often dozes off during work, and no longer feels refreshed when he wakes up in the morning. Upon examination, there is no tenderness on palpation or erythema; however, some crepitus is felt. He has no other complaints but has a family history of rheumatoid arthritis (RA) on his mother’s side. Which of the following factors is the underlying cause of the patient’s pain, as well as the rest of his complaints?
A. Medication side effect
B. Excess weight
C. Infection
D. Occult malignancy
Choose the correct option.",b,40,True,b,840,22.638246942311525,22.638246942311525,123,3,,28.51185655593872
67,medqa,"A 32-year-old Caucasian woman is referred to a gastroenterologist by her family physician for 8 months of abdominal pain, foul-smelling diarrhea with floating, bulky stools, weight loss, and macrocytic anemia. Her personal history is relevant for allergic rhinitis. Physical examination shows grouped, erythematous papulovesicular lesions on her arms, torso, and abdomen. Which of the following is the most appropriate approach for the management of this patient?
A. Amitriptyline
B. Octreotide
C. Gluten-free diet
D. Methysergide maleate
Choose the correct option.",c,40,True,c,465,13.830555621534586,13.830555621534586,123,3,,28.51185655593872
68,medqa,"A 65-year-old man presents to his primary care physician with a neck mass. He first noticed a firm mass on the anterior aspect of his neck approximately 4 months ago. The mass is painless and has not increased in size since then. He has also noticed occasional fatigue and has gained 10 pounds in the past 4 months despite no change in his diet or exercise frequency. His past medical history is notable for gout for which he takes allopurinol. He denies any prior thyroid disorder. He runs 4 times per week and eats a balanced diet of mostly fruits and vegetables. He does not smoke and drinks a glass of wine with dinner. His family history is notable for medullary thyroid cancer in his maternal uncle. His temperature is 97.8°F (36.6°C), blood pressure is 127/72 mmHg, pulse is 87/min, and respirations are 19/min. On exam, he has a firm, symmetric, and stone-firm thyroid. A biopsy of this patient's lesion would most likely demonstrate which of the following findings?
A. Diffuse infiltrate of lymphoid cells destroying thyroid follicles
B. Dense fibroinflammatory infiltrate
C. Pleomorphic undifferentiated infiltrative cells with necrosis
D. Stromal amyloid deposition
Choose the correct option.",b,40,False,d,724,19.89985293149948,19.89985293149948,123,3,,28.51185655593872
69,medqa,"A 75-year-old man comes to the physician because of a 7-day history of nausea and vomiting. Over the past 2 days, he has also been feeling weak and tired. When standing up after sitting for a while, he feels dizzy. He says he has to go to the bathroom more often than usual, and that he is urinating “a normal amount” each time. He has not had diarrhea. He has hypertension, for which he has been taking hydrochlorothiazide for the past 6 months. He drinks 9 glasses of water per day and takes his medication regularly. He is 168 cm (5 ft 6 in) tall and weighs 90 kg (198 lb); BMI is 32 kg/m2. His temperature is 36.5°C (97.7°F), blood pressure is 106/54 mm Hg, and pulse is 92/min. Physical examination shows whitening of the tongue. Skin that is pinched on the back of the hand retracts after 5 seconds. On mental status examination, his speech is slowed; he is oriented to person, place, and time. Laboratory studies show:
Serum
Na+ 150 mEq/L
Cl− 97 mEq/L
K+ 3.6 mEq/L
HCO3− 30 mEq/L
Osmolality 354 mOsm/kg
Hemoglobin A1C 10.5%
Urine
Osmolality 400 mOsm/kg
Which of the following is the most likely explanation for these findings?""
A. Diuretic overdose
B. Osmotic diuresis
C. Excess production of aldosterone
D. Insufficient production of antidiuretic hormone
Choose the correct option.",b,40,True,b,2427,60.38800327852368,60.38800327852368,123,3,,28.51185655593872
70,medqa,"An 18-year-old male is brought in by fire rescue. The patient was an unrestrained passenger in a motor vehicle crash and was ejected from the vehicle after collision. Upon arrival to the trauma bay, the patient has a Glasgow coma scale (GCS) of 6. He is rapidly intubated, and vitals are a temperature of 99.5°F (37.5°C), pulse of 130 bpm, and blood pressure of 83/64 mmHg. He is noted to have multiple ecchymoses over his body, as well as petechiae and purpura. He has a laceration over his clavicle that continues to bleed despite a pressure bandage. Radiographs of his lower extremity show multiple long bone fractures. Two large bore IV lines are placed, and the patient oozes from around the sites of venepuncture. Labs are notable for a WBC of 20,000/mm^3, Hb of 10.1g/dL, platelets of 48,000/mm^3, and prolongation of the PT and aPTT. This patient's presentation can best be explained by which of the following diagnoses?
A. Air embolization
B. Tension pneumothorax
C. Disseminated intravascular coagulation
D. Coagulopathy of trauma
Choose the correct option.",c,40,True,c,1115,29.76260068267584,29.76260068267584,123,3,,28.51185655593872
71,medqa,"A 24-year-old woman gravida 2, para 1 at 24 weeks' gestation comes to the physician for a prenatal visit. She feels well. Her earlier pregnancy was uncomplicated. This is her 4th prenatal visit. She had an ultrasound scan 2 weeks ago that showed a live intrauterine pregnancy consistent with a 22-week gestation with no anomalies. She had a normal Pap smear 2 years ago. Vital signs are within normal limits. Pelvic examination shows a uterus consistent in size with a 24-week gestation. Her blood group and type is B positive. Which of the following is the most appropriate next step in management?
A. Oral glucose challenge test
B. Cardiotocography
C. Swab for GBS culture
D. Tdap vaccination
Choose the correct option.",a,40,True,a,604,17.361944746226072,17.361944746226072,123,3,,28.51185655593872
72,medqa,"A 67-year-old man presents with feelings of nervousness and anxiety. He mentions that lately, he has been feeling increasingly restless and is unable to control feelings of nervousness pertaining to all his daily tasks. He noticed that these feelings were more prominent in the last 2 months but have been present on and off for the last year. On many occasions, his mind will be racing with thoughts that keep him up at night. During these moments, he finds his heart racing and feels light-headed and dizzy to the point of blacking out. He has also been experiencing back and neck pain with increased muscle tension in these areas. The patient reports no smoking or alcohol use but mentions that he had tried cocaine and heroin in his 20s and 30s. Which of the following would be the best course of treatment for this patient’s symptoms?
A. Diazepam
B. Ramelteon
C. Buspirone
D. Alprazolam
Choose the correct option.",c,40,True,c,1044,27.254467576742172,27.254467576742172,123,3,,28.51185655593872
73,medqa,"A 45-year-old man arrives by ambulance to the emergency room after being involved in a very severe construction accident. The patient was found unconscious with a large metal spike protruding from his abdomen by a coworker who was unable to estimate the amount of time the patient went without medical aid. Upon arrival to the ER, the patient was unconscious and unresponsive. His vital signs are BP: 80/40, HR: 120 bpm, RR: 25 bpm, Temperature: 97.1 degrees, and SPO2: 99%.He is taken to the operating room to remove the foreign body and control the bleeding. Although both objectives were accomplished, the patient had an acute drop in his blood pressure during the surgery at which time ST elevations were noted in multiple leads. This resolved with adequate fluid resuscitation and numerous blood transfusions. The patient remained sedated after surgery and continued to have relatively stable vital signs until his third day in the intensive care unit, when he experiences an oxygen desaturation of 85% despite being on a respirator with 100% oxygen at 15 breaths/minute. On auscultation air entry is present bilaterally with the presence of crackles. A 2/6 systolic murmur is heard. Readings from a Swan-Ganz catheter display the following: central venous pressure (CVP): 4 mmHg, right ventricular pressure (RVP) 20/5 mmHg, pulmonary artery pressure (PAP): 20/5 mmHg. Pulmonary capillary wedge pressure (PCWP): 5 mm Hg. A chest x-ray is shown as Image A. The patient dies soon after this episode. What is the most likely direct cause of his death?
A. Diffuse alveolar damage
B. Ventricular septal defect
C. Myocardial free wall rupture
D. Myocardial reinfarction
Choose the correct option.",a,40,True,a,2766,68.5621726512909,68.5621726512909,123,3,,28.51185655593872
74,medqa,"A 43-year-old man with a history of hepatitis C and current intravenous drug use presents with 5 days of fever, chills, headache, and severe back pain. On physical exam, temperature is 100.6 deg F (38.1 deg C), blood pressure is 109/56 mmHg, pulse is 94/min, and respirations are 18/min. He is thin and diaphoretic with pinpoint pupils, poor dentition, and track marks on his arms and legs. A high-pitched systolic murmur is heard, loudest in the left sternal border and with inspiration. He is admitted to the hospital and started on broad-spectrum antibiotics. One of the blood cultures drawn 12 hours ago returns positive for Staphylococcus aureus. Which of the following is the most appropriate next step to confirm the diagnosis?
A. Repeat blood cultures now
B. Repeat blood cultures 24 hours after initial cultures were drawn
C. Repeat blood cultures 48 hours after initial cultures were drawn
D. Do not repeat blood cultures
Choose the correct option.",a,40,False,d,1178,30.626042131334543,30.626042131334543,123,3,,28.51185655593872
75,medqa,"A 34-year-old man presents to the emergency department complaining of headache, fever, chills, cough, shortness of breath, and chest pain for the past 4 days. He smokes 2 packs per day and drinks 2–3 beers every day. He denies any previous medical problems except for seasonal allergies for which he takes diphenhydramine on occasions. At the hospital, the vital signs include: temperature 40.0°C (104.0°F), blood pressure 140/80 mm Hg, heart rate 98/min, and respiratory rate 28/min. On physical exam, he is thin and poorly kept. His clothes appear dirty. Small scars are visible in the decubitus region of both arms. The lung sounds are equal with bilateral crackles, and heart auscultation reveals a systolic murmur that radiates to the left axilla. Petechiae are seen on the hard palate and palms of his hands. A chest X-ray and blood cultures are ordered. What is the most likely organism causing his symptoms?
A. Streptococci viridans
B. Staphylococcus aureus
C. Aspergillus fumigatus
D. Staphylococcus epidermidis
Choose the correct option.",b,40,True,b,440,13.721815548837185,13.721815548837185,123,3,,28.51185655593872
76,medqa,"A 52-year-old man presents to the physician with a 6-month history of shortness of breath and nonproductive cough. He was recently diagnosed with stage 3 embryonal carcinoma testicular cancer. Following an orchiectomy, he was placed on chemotherapy. Cardiopulmonary examination shows fine inspiratory crackles bilaterally. There is clubbing present in the fingers bilaterally. Pulmonary function tests (PFTs) show FVC is 78% of expected and FEV1/FVC ratio is 92%. A CT scan of the chest is shown. Which of the following drugs is responsible for the patient’s condition?
A. Bleomycin
B. Carboplatin
C. Cisplatin
D. Ifosfamide
Choose the correct option.",a,40,True,a,890,24.278253439813852,24.278253439813852,123,3,,28.51185655593872
77,medqa,"A 63-year-old man presents to the clinic for left calf pain when walking a distance of more than 200 m. He has had this pain for more than 8 months now, and he rates it as 7 out of 10. The pain subsides with rest. The patient has had a history of diabetes mellitus for the past 2 years which is well controlled. A percutaneous coronary intervention was performed in 2014. His current medications are insulin and aspirin. Family history is significant for coronary artery disease. He has an 80 pack-year history of smoking and currently smokes. He consumes 4 drinks per day of alcohol. On physical examination, his blood pressure is 144/89 mm Hg, the heart rate is 80/min and regular, the breathing rate is 25/min, and the pulse oximetry is 96%. Normal cardiac and lung sounds were heard on auscultation. Which of the following is the appropriate treatment to improve the patient’s symptoms?
A. Cilostazol
B. Femoral embolectomy
C. Femoral-to-popliteal bypass graft
D. Interventional endovascular treatment
Choose the correct option.",a,40,True,a,1402,36.39994154125452,36.39994154125452,123,3,,28.51185655593872
78,medqa,"A 56-year-old man comes to the physician because of a 1-day history of sudden severe pain in his right great toe. Four months ago, he had an episode of severe joint pain involving his left knee that lasted several days and resolved with over-the-counter analgesics. He has a history of hypertension treated with hydrochlorothiazide and nephrolithiasis. Examination shows erythema, swelling, warmth, and tenderness of the right metatarsophalangeal joint; range of movement is limited by pain. His serum uric acid is 12 mg/dL. Arthrocentesis yields cloudy fluid with a leukocyte count of 18,500/mm3 (80% segmented neutrophils). Polarized light microscopy of the synovial fluid is shown. Which of the following is the mechanism of action of the most appropriate long-term pharmacotherapy for this patient's condition?
A. Increased conversion of uric acid to allantoin
B. Inhibition of phospholipase A
C. Inhibition of xanthine oxidase
D. Increased renal excretion of urate
Choose the correct option.",c,40,True,c,889,24.18447695299983,24.18447695299983,123,3,,28.51185655593872
79,medqa,"A 32-year-old male presents to the ED with acute-onset chest pain. His blood pressure is 157/90 mmHg and his his pulse is 116/min. He appears anxious and agitated and a careful exam reveals dilated pupils and a perforated nasal septum. An EKG reveals ST segment elevation so he is urgently taken for cardiac intervention. Upon review, this patient reveals that he has not had care from a physician since he graduated from college. In the interim he has been largely unemployed and admits that he has recently been homeless. When asked directly, the patient admits to alcohol and marijuana use but denies illicit drug use. Which of the following best describes the mechanism of action of the agent most likely responsible for this patient's presentation?
A. Blocking reuptake of dopamine and norepinephrine
B. Inhibiting breakdown of biogenic amines
C. Antagonizing the NMDA receptor
D. Inhibiting the GABA receptor
Choose the correct option.",a,40,True,a,385,12.588928457349539,12.588928457349539,123,3,,28.51185655593872
80,medqa,"A 67-year-old man is brought to the emergency department with severe, crushing, retrosternal chest pain for the last 45 minutes. The pain radiates to his left shoulder and is associated with sweating. The past medical history is significant for hypercholesterolemia, for which he takes lovastatin. He smoked as a youth but quit at 40 years of age. On arrival at the emergency department, the vital signs were as follows: pulse 58/min, respiratory rate 22/min, and blood pressure 90/56 mm Hg. He is sweating profusely. The jugular venous pulse is visible 2.5 cm above the sternal angle. Auscultation reveals soft S1 and S2 heart sounds with an added S4 and bilateral inspiratory crackles at the lung bases. The electrocardiogram shows ST-elevations in leads V1 and V2. A diagnosis of an anteroseptal infarction is made. The patient was given aspirin on the way to the hospital. He is started on dopamine, morphine, nitroglycerin, and streptokinase. Which of the following would be the most concerning development over the next 24h this patient?
A. Hemoptysis
B. Easy fatigability
C. Persistent ST-segment elevation
D. Shortness of breath
Choose the correct option.",a,40,False,c,1764,45.201286770403385,45.201286770403385,123,3,,28.51185655593872
81,medqa,"A 52-year-old man presents to the physician because of ongoing shortness of breath, which is more prominent when he lies down. Occasionally, he experiences palpitations, especially during strenuous activities. In addition to this, he has been experiencing difficulty in digestion and often experiences regurgitation and dysphagia. He reports that he emigrated from Mexico 20 years ago and visits his hometown twice a year. The vital signs include: blood pressure 120/75 mm Hg, respiratory rate 19/min, and pulse 100/min. The physical examination shows jugular vein distention along with pitting edema in the ankles. Bilateral basilar crackles and an S3 gallop are heard on auscultation of the chest. A chest X-ray is taken. An electrocardiogram (ECG) shows no significant findings. What is the most likely explanation for this patient’s physical and diagnostic findings?
A. Alcohol abuse
B. Hypertensive changes
C. Parasitic infection
D. Bacterial infection
Choose the correct option.",c,40,True,c,609,17.251343175768852,17.251343175768852,123,3,,28.51185655593872
82,medqa,"A 27-year-old HIV positive female gave birth to a 7lb 2oz (3.2 kg) baby girl. The obstetrician is worried that the child may have been infected due to the mother's haphazard use of her anti-retroviral medications. Which of the following assays would a hospital use detect the genetic material of HIV if the child had been infected?
A. Enzyme-linked immunosorbent assay (ELISA)
B. Rapid HIV antibody test
C. Polymerase chain reaction
D. Southern blot
Choose the correct option.",c,40,True,c,467,14.031544771045446,14.031544771045446,123,3,,28.51185655593872
83,medqa,"A 32-year-old man jumps off a 3 story building during a suicide attempt. Paramedics arrive quickly, and he is taken to the hospital where several stable lumbar fractures and a shattered right calcaneus are found. He undergoes surgery and his calcaneus is repaired with 11 screws. Which of the following statements best describes the long term post-surgery outcome in this patient?
A. He will not be able to plantar flex his foot.
B. He will not be able to point his toe.
C. He will have pain with inversion and eversion of his foot.
D. He will have pain while dorsiflexing his foot.
Choose the correct option.",c,40,True,c,715,19.76946334168315,19.76946334168315,123,3,,28.51185655593872
84,medqa,"A stillborn infant is delivered at 38 weeks' gestation to a 32-year-old woman. The mother had no prenatal care. Examination of the stillborn shows a small pelvis, shallow intergluteal cleft, and club feet. An x-ray shows the absence of the sacrum and lumbar vertebrae. Which of the following is the strongest predisposing factor for this patient's condition?
A. Maternal oligohydramnios
B. Intrauterine alcohol exposure
C. Maternal diabetes
D. Chromosome 18 trisomy
Choose the correct option.",c,40,True,c,1771,44.48353086039424,44.48353086039424,123,3,,28.51185655593872
85,medqa,"A 33-year-old man presents to the infectious diseases clinic for follow-up. He was recently admitted to the hospital with fever, shortness of breath, and cough, and was found to have Pneumocystic jirovecii pneumonia and a new diagnosis of HIV. His CD4 count is 175, viral load is pending. As part of routine laboratory studies given his new diagnosis, an RPR was found to be positive with a titer of 1:64, and this is confirmed with a positive FTA-ABS. He is unsure when or how he acquired HIV or syphilis. His neurological examination is normal, and he has no symptoms. Which of the following is the most appropriate next step in management:
A. Perform lumbar puncture, treat based on presence or absence of CNS disease
B. Treat with three weekly injections of penicillin, obtain titers in 3 months
C. Treat with three weekly injections of penicillin, obtain titers in 6 months
D. Treat with a single injection of penicillin, obtain titers in 6 months
Choose the correct option.",c,40,False,b,1344,34.327826641499996,34.327826641499996,123,3,,28.51185655593872
86,medqa,"A 57-year-old woman comes to the physician because of a 3-month history of fatigue. She also reports generalized itchiness that started approximately 2 months ago. Two weeks ago, she noticed yellowing of her eyes. She does not smoke or drink alcohol. She uses eyedrops for persistent dryness of the eyes. Her vital signs are within normal limits. Physical examination shows jaundice of the conjunctivae and skin. The mucous membranes of the mouth are dry. The abdomen is soft. The liver edge is palpable 3 cm below the right costal margin. There are generalized skin excoriations. Laboratory studies show:
Hemoglobin 15 g/dL
Leukocyte count 7,700/mm3
Platelet count 332,000/mm3
Serum
Glucose 122 mg/dL
Total bilirubin 3.1 mg/dL
Direct 2.5 mg/dL
Alkaline phosphatase 452 U/L
AST 155 U/L
ALT 168 U/L
Hepatitis B surface antigen negative
Hepatitis B core IgM antibody negative
Hepatitis B surface antibody positive
Hepatitis C antibody negative
Ultrasonography of the abdomen shows mildly increased echogenicity of the liver. Which of the following additional findings is most likely to be found in this patient?""
A. Inferior vena cava thrombosis
B. Cutaneous xanthomas
C. Increased CA 19-9 levels
D. Kayser-Fleischer rings
""
Choose the correct option.",b,40,False,c,1522,38.658438719809055,38.658438719809055,123,3,,28.51185655593872
87,medqa,"A 40-year-old man comes to the physician because of shortness of breath, double vision, and fatigue for the past 4 weeks. He has no history of serious medical illness and takes no medications. Physical examination shows drooping of the eyelids bilaterally. He is unable to hold his arms up for longer than 3 minutes. A CT scan of the chest shows an anterior mediastinal mass with smooth contours. A photomicrograph of a specimen from the mass is shown. Which of the following immunologic processes normally occurs in the region indicated by the arrow?
A. B-cell maturation
B. V(D)J recombination
C. Thymocyte formation
D. Negative selection
Choose the correct option.",d,40,True,d,829,22.883532483130693,22.883532483130693,123,3,,28.51185655593872
88,medqa,"A 69-year-old gentleman presents to his primary care physician for pain in his right shoulder. The patient was helping his son move this past weekend, and he noticed after the move that he had pain and weakness in his right shoulder. The patient thought that this pain was just him being in poor shape so he started going to the gym and lifting weights which made his symptoms significantly worse. The patient has a past medical history of diabetes, obesity, and asthma. His current medications include albuterol, lisinopril, metformin, and glipizide. On physical exam you note an obese gentleman who seems to be in pain. You note prominent weakness of external rotation of his right upper extremity. When you ask the patient to slowly lower his right arm to his side when he holds it overhead, you note that he suddenly drops his arm and appears to be in pain. The patient's strength is 1/5 for abduction of the right arm. Which of the following is most likely injured in this patient?
A. Supraspinatus
B. Infraspinatus
C. Teres minor
D. Deltoid
Choose the correct option.",a,40,True,a,517,15.168571695685387,15.168571695685387,123,3,,28.51185655593872
89,medqa,"A 17-year-old female is brought to the emergency room by her father because she has been experiencing shortness of breath and chest pain. She says that the chest pain is worse when she breathes or coughs. Furthermore, on the way to the hospital she noticed that there were specks of blood on a tissue that she coughed into. She has no previous medical history and does not recall anything that could have provoked these symptoms. On presentation her temperature is 99°F (37.2°C), blood pressure is 107/65 mmHg, pulse is 102/min, respirations are 21/min, and O2 saturation is 91% on room air. Further testing shows a large filling defect in the pulmonary vessels, and the patient is started on an appropriate treatment intravenously. After drug administration, the effects of the drug are monitored using a standard blood test. Surprisingly, the test results come back within normal parameters. The most likely underlying cause of this patient's symptoms has which of the following modes of inheritance?
A. Autosomal dominant
B. Autosomal partial dominance
C. X-linked dominant
D. X-linked recessive
Choose the correct option.",a,40,True,a,901,24.434119649231434,24.434119649231434,123,3,,28.51185655593872
90,medqa,"A 61-year-old nulliparous woman comes to the physician for a follow-up examination. Her last Pap smear 3 years ago showed atypical squamous cells of undetermined significance. HPV testing was negative at that time. On questioning, she has had fatigue and an increase in abdominal girth despite a 5-kg (11.0-lb) weight loss over the past 6 months. She has gastroesophageal reflux disease and Hashimoto's thyroiditis. Menarche was at the age of 10 years and her last menstrual period was 2 years ago. Current medications include omeprazole and levothyroxine. Abdominal examination shows shifting dullness. There is tenderness to palpation of the right lower quadrant but no guarding or rebound. Bimanual palpation shows a small uterus and a right adnexal mass. Further evaluation of this patient is most likely to show which of the following findings?
A. Elevated serum CA-125 level
B. Elevated serum beta-hCG level
C. Prolonged prothrombin time
D. Cervical dysplasia on Pap smear
Choose the correct option.",a,40,True,a,484,14.313246458768845,14.313246458768845,123,3,,28.51185655593872
91,medqa,"A group of researchers wants to evaluate how often the human immunodeficiency virus (HIV) is related to high-risk behaviors in female sex workers from their country. An additional aim is to evaluate the association between HIV acquisition and certain sociodemographic factors. The researchers collect data through interviewer-administered questionnaires (for behavioral and sociodemographic data) as well as through clinical and serological evaluation/screening methods for HIV and other sexually transmitted infections. Which of the following could be the main outcome measure of their study?
A. Incidence
B. Prevalence
C. Hazard rate
D. Attributable risk
Choose the correct option.",b,40,False,a,2316,57.57598899304867,57.57598899304867,123,3,,28.51185655593872
92,medqa,"A 25-year-old girl is brought to the emergency room after a suicide attempt. Her mother states that she found a large empty pill bottle next to her. The patient is conscious and tearful. She is currently complaining of severe abdominal pain but refuses to give any other history. She has a blood pressure of 135/86, respiratory rate of 18/min, and heart rate of 86/min. On examination, her abdomen is exquisitely tender with evidence of crepitus in the epigastric region. Abdominal CT reveals a gastric perforation. Which of the following is the most likely cause?
A. Decreased production of PGE2
B. Buildup of a toxic metabolite due to kidney disease
C. Increased stimulation of the vagus nerve
D. Hypovolemia
Choose the correct option.",a,40,True,a,921,24.553243957459927,24.553243957459927,123,3,,28.51185655593872
93,medqa,"Two hours following an elective cholecystectomy, a 43-year-old woman has fever and chills. The patient received cephalexin for antibiotic prophylaxis and one unit of packed red blood cells during the procedure. She underwent a hysterectomy 9 years ago for leiomyomata uteri. She has a 5-year history of hypertension treated with lisinopril. Her temperature is 39.5°C (102.3°F), pulse is 90/min, respirations are 18/min, and blood pressure is 125/90 mm Hg. Examination shows a mildly tender abdominal wound without erythema. The lungs are clear to auscultation. Cardiac examination shows no abnormalities. She had a Foley catheter and peripheral line access placed at the time of the procedure. Which of the following is the most likely cause of this patient's symptoms?
A. Adverse effect of medication
B. Malignant hyperthermia
C. Urinary tract infection
D. Transfusion reaction
Choose the correct option.",d,40,True,d,999,27.22101217880845,27.22101217880845,123,3,,28.51185655593872
94,medqa,"A 6-year-old boy is brought to the emergency department by his mother for worsening wheezing and shortness of breath over the past day. He has not had a fever, cough, vomiting, or diarrhea. He has asthma and eczema. He uses a glucocorticoid inhaler and an albuterol inhaler but has missed his medications for the past week while on vacation. He appears uncomfortable. His temperature is 36°C (96.8°F), pulse is 120/min, respirations are 40/min, and blood pressure is 100/80. Expiratory and inspiratory wheezing is heard throughout both lung fields. There are moderate intercostal and subcostal retractions and a decreased inspiratory to expiratory ratio. Nebulized albuterol and ipratropium treatments and intravenous methylprednisolone are given in the emergency department for a presumed asthma exacerbation. One hour later, the child is limp and lethargic. Magnesium sulfate is administered. His temperature is 36°C (96.8°F), pulse is 150/min, respirations are 22/min, and blood pressure is 100/70. No wheezing is heard on repeat pulmonary examination. Which of the following is the most appropriate next step in management?
A. Intubate with mechanical ventilation
B. Perform needle thoracostomy at the 2nd intercostal space
C. Perform bronchoscopy
D. Provide additional dose of methylprednisolone
Choose the correct option.",a,40,True,a,1125,29.93581249937415,29.93581249937415,123,3,,28.51185655593872
95,medqa,"A 26-year-old female complains of frequent, large volume urination. This negatively affects her sleep, as she has to frequently wake up at night to urinate. She also complains of increased thirst. Her past medical history is significant for bipolar disorder that is treated with lithium for 3 years. Serum osmolality is 425 mOsm/kg, and urine osmolality is 176 mOsm/kg. Which of the following best explains this patient’s serum and urine osmolality?
A. Hypothalamic over-production of antidiuretic hormone (ADH)
B. Decreased production of ADH
C. ADH resistance in the renal collecting ducts
D. Increased sodium reabsorption and potassium excretion
Choose the correct option.",c,40,True,c,513,15.092692721635103,15.092692721635103,123,3,,28.51185655593872
96,medqa,"A 55-year-old man presents to the emergency department with a headache. He states that this is the worst headache he has ever had and that his symptoms have not been improving. The patient complains of pain in his jaw that is worse when he chews. He has a past medical history of insomnia and is currently taking alprazolam. His temperature is 98.2°F (36.8°C), blood pressure is 157/98 mmHg, pulse is 90/min, respirations are 15/min, and oxygen saturation is 98% on room air. Physical exam is notable for tenderness over the patient's scalp, jaw, and temporal area. Which of the following is the best next step in management?
A. CT head
B. Ibuprofen
C. IV steroids
D. Lumbar puncture
Choose the correct option.",c,40,True,c,777,21.195230714976788,21.195230714976788,123,3,,28.51185655593872
97,medqa,"A 60-year-old woman is brought to the clinic by her daughter for evaluation. The daughter reports that her mother has recently been having difficulty combing her hair in the mornings. The patient’s family history is significant for an ischemic stroke in her father. The patient’s past medical history is positive for diverticulosis. She takes no medication. Her blood pressure is 120/70 mm Hg, heart rate is 75/min, respiratory rate is 14/min, and temperature is 37.6°C (99.7°F). On physical examination, the patient’s neck is stiff and she also has bilateral shoulder tenderness; muscle strength is intact. Laboratory work is performed and presented below:
Hemoglobin 12.9 g/dL
Hematocrit 37.7% 
Leukocyte count 5,500/mm3
Neutrophils 65%
Lymphocytes 30%
Monocytes 5%
Mean corpuscular volume 82.2 μm3
Platelet count 190,000/mm3
Erythrocyte sedimentation rate 65 mm/h
C-reactive protein 44 mg/dL
For which of the symptoms below should the patient be screened?
A. Jaw claudication
B. Heliotrope rash
C. Gastroesophageal reflux
D. Pink plaques with silvery scales
Choose the correct option.",a,40,True,a,1562,39.443058494478464,39.443058494478464,123,3,,28.51185655593872
98,medqa,"A 48-year-old woman comes to the physician because of a 7-day history of progressively worsening shortness of breath. She has a history of asthma and has frequent exacerbations despite receiving maximal medical therapy. Physical examination shows scattered expiratory wheezing. Laboratory studies show a leukocyte count of 9,800/mm3 (13% eosinophils) and elevated serum concentration of immunoglobulin E. An x-ray of the chest shows thickened bronchial walls and perihilar opacities. Sputum culture shows scattered septate hyphae that branch at 45 degrees. Which of the following is most likely to be increased in this patient?
A. IL-28
B. TGF-β
C. IFN-α
D. IL-4
Choose the correct option.",d,40,True,d,499,14.669995605945587,14.669995605945587,123,3,,28.51185655593872
99,medqa,"An 81-year-old man patient recently moved into an assisted living facility and presents today with itchy blisters in his axilla. He attributes these to a poor diet. He also complains that the nurse practitioner at the facility started him on 4 new medications, in addition to his existing prescriptions. On physical examination, tense axillary bullae are noted that do not rupture with light, gloved touch. On direct immunofluorescence, linear C3 and IgG deposits are seen along the basement membrane. Which of the following is the most likely diagnosis?
A. Staphylococcal scalded skin syndrome
B. Bullous pemphigoid
C. Pemphigus vulgaris
D. Cicatricial pemphigoid
Choose the correct option.",b,40,True,b,557,16.04485061764717,16.04485061764717,123,3,,28.51185655593872
